task_id,sigma_over_m_cm2_g,scale_radius_over_rs,assembly_time_myr,phase,target_time_myr,sample_time_myr,sample_index,position,radius_pc,feed_radius_pc,baryon_mass_fraction,density_msun_pc3,radial_velocity_km_s,velocity_dispersion_km_s,dynamical_time_myr,collision_time_myr,conduction_radius_time_myr,conduction_gradient_time_myr,inflow_time_myr,thermal_length_pc,knudsen_number
4,10.0,0.01,0.0,mid_assembly,0.02,0.02,1,hernquist_radius,0.2944252517842078,0.4295735720462841,1.0,378.90600628406315,-9.75387213776794,3.7290746517610667,0.02132823918921158,0.14682871678871914,0.03798183611115401,0.004605393235337527,0.02951512148147616,0.10252279481630448,1.5335829367159008
4,10.0,0.01,0.0,mid_assembly,0.02,0.02,1,inward_flux_median,0.4295735720462841,0.4295735720462841,1.0,245.7425480773299,-7.252710482234695,2.2432407371093093,0.03163653912698041,0.3763460222708623,0.2742182987683195,0.2742182987683195,0.05791403068071571,0.4295735720462841,3.165614513652093
4,10.0,0.01,0.0,assembly_end,0.02,0.02,1,hernquist_radius,0.2944252517842078,0.4295735720462841,1.0,378.90600628406315,-9.75387213776794,3.7290746517610667,0.02132823918921158,0.14682871678871914,0.03798183611115401,0.004605393235337527,0.02951512148147616,0.10252279481630448,1.5335829367159008
4,10.0,0.01,0.0,assembly_end,0.02,0.02,1,inward_flux_median,0.4295735720462841,0.4295735720462841,1.0,245.7425480773299,-7.252710482234695,2.2432407371093093,0.03163653912698041,0.3763460222708623,0.2742182987683195,0.2742182987683195,0.05791403068071571,0.4295735720462841,3.165614513652093
4,10.0,0.01,0.0,final,2.0,2.0,100,hernquist_radius,0.2944252517842078,13.584309102806959,1.0,583.5022671531065,-2.1220698084720024,10.830506471149398,0.018909970688780087,0.03282859199666616,0.007907376566328207,0.007907376566328207,0.13566317182953527,0.2944252517842078,0.425504394769931
4,10.0,0.01,0.0,final,2.0,2.0,100,inward_flux_median,13.584309102806959,13.584309102806959,1.0,3.8631704268693774,-0.8376323471533073,4.798715275866284,1.9734083904983564,11.191150083858162,25.18608652988091,8.08437546675236,15.857352957742373,7.6962726958332075,11.80258600083031
5,10.0,0.01,0.05,mid_assembly,0.025,0.02,1,hernquist_radius,0.2944252517842078,0.23726028903001117,0.352,369.9950618372407,-1.5447627473475887,1.9511607506657185,0.035583149845910635,0.2873787103396536,0.19871777690727785,0.19871777690727785,0.18636306549683296,0.2944252517842078,2.9660814652825698
5,10.0,0.01,0.05,mid_assembly,0.025,0.02,1,inward_flux_median,0.23726028903001117,0.23726028903001117,0.352,463.69726802491607,-1.8655018980891573,1.9308923676048444,0.028819951558959167,0.23171330267593265,0.1368429363400899,0.1368429363400899,0.12435863258295828,0.23726028903001117,2.6773105887107094
5,10.0,0.01,0.05,assembly_end,0.05,0.06,3,hernquist_radius,0.2944252517842078,0.6267582440104478,1.0,419.54134687579597,-11.406113149354296,6.984709852585753,0.021257011140461034,0.07079790918692479,0.011481889072905102,0.011481889072905102,0.025239686586600595,0.2944252517842078,0.7781052327580188
5,10.0,0.01,0.05,assembly_end,0.05,0.06,3,inward_flux_median,0.6267582440104478,0.6267582440104478,1.0,161.89964314248076,-7.196458496535366,3.501219547222731,0.048399337114124,0.3659976816804526,0.163625684108099,0.013103233863565041,0.08515846178544192,0.17736321954288586,2.4988017411137577
5,10.0,0.01,0.05,final,2.0,2.0,100,hernquist_radius,0.2944252517842078,13.584309102806959,1.0,600.3107666542887,-2.0794597841137343,10.810929380760825,0.018921915361902342,0.03196718595787974,0.008124154388545777,0.008124154388545777,0.13844303374383535,0.2944252517842078,0.42026477764724623
5,10.0,0.01,0.05,final,2.0,2.0,100,inward_flux_median,13.584309102806959,13.584309102806959,1.0,3.78039060541811,-0.9763387462158543,4.753026904130234,1.9747817437281605,11.546134774817276,25.910380557756525,7.495649444906187,13.60453206339881,7.306431095163835,12.04579533192074
6,10.0,0.01,0.2,mid_assembly,0.1,0.1,5,hernquist_radius,0.2944252517842078,0.4785337302041544,0.5,415.80296611017144,-6.66977165612566,4.451645407071561,0.0297972563120417,0.11208188434684811,0.026631456829881606,0.02437925873174374,0.04316290510434566,0.2817006448382699,1.2263367270850332
6,10.0,0.01,0.2,mid_assembly,0.1,0.1,5,inward_flux_median,0.4785337302041544,0.4785337302041544,0.5,220.94526464084723,-5.087503190056745,3.18430077356692,0.04985241197921983,0.2948796415743118,0.1294662446559882,0.04563791547051879,0.09197174757944408,0.28411697330873775,2.351893537126682
6,10.0,0.01,0.2,assembly_end,0.2,0.2,10,hernquist_radius,0.2944252517842078,1.2641178246418958,1.0,1802.2674106938184,-1.1173137685599293,9.023768229203897,0.020944679432735765,0.01275664319944136,0.027295586528910745,0.027295586528910745,0.25765969162991204,0.2944252517842078,0.29058724203568226
6,10.0,0.01,0.2,assembly_end,0.2,0.2,10,inward_flux_median,1.2641178246418958,1.2641178246418958,1.0,75.90621946447713,-5.453930511547033,5.27882068933137,0.11410975359504533,0.5177609571878485,0.19630232953579257,0.054931629875764165,0.22663372289139705,0.6687073103851358,2.420463282977369
6,10.0,0.01,0.2,final,2.0,2.0,100,hernquist_radius,0.2944252517842078,12.870637396137889,1.0,619.9047238982265,-2.0471784813786735,10.811068911340996,0.01891073340474091,0.03095636715747972,0.008355710875708447,0.008355710875708447,0.14062609766547018,0.2944252517842078,0.4135642422246467
6,10.0,0.01,0.2,final,2.0,2.0,100,inward_flux_median,12.870637396137889,12.870637396137889,1.0,4.322866986065125,-0.7165315021274654,4.8681605582204766,1.8675211938050151,9.858408376070127,21.683946582197965,7.620686231046736,17.563511299435895,7.630059613087947,10.99824172030863
7,10.0,0.01,0.5,mid_assembly,0.25,0.24,12,hernquist_radius,0.2944252517842078,0.8664131897876486,0.470016,1092.601806811616,-2.1030213947483136,6.1179320430061255,0.03014798663295841,0.031036804988459097,0.02848987326325072,0.02848987326325072,0.13689196019589717,0.2944252517842078,0.5504761206966968
7,10.0,0.01,0.5,mid_assembly,0.25,0.24,12,inward_flux_median,0.8664131897876486,0.8664131897876486,0.470016,116.98567973735376,-4.0672672014765885,3.9963386288356904,0.10186033533738001,0.4437604432033295,0.208250454807081,0.10902214587659066,0.20829024398211288,0.6268872526515115,2.5754045444987366
7,10.0,0.01,0.5,assembly_end,0.5,0.5,25,hernquist_radius,0.2944252517842078,2.2887589475628984,1.0,2922.343531074172,-0.4995929618062411,9.049343685299077,0.020600485088992773,0.007845041050873351,0.04303119860703361,0.04303119860703361,0.5762425475734753,0.2944252517842078,0.22755761524284868
7,10.0,0.01,0.5,assembly_end,0.5,0.5,25,inward_flux_median,2.2887589475628984,2.2887589475628984,1.0,40.840801574581214,-3.456120667119047,5.784645752385294,0.24408172275336593,0.8781577630080108,0.45914986925994716,0.21989095922273733,0.6475267827077361,1.5838954437823998,3.0112734372787067
7,10.0,0.01,0.5,final,2.0,2.0,100,hernquist_radius,0.2944252517842078,12.194459484776724,1.0,686.6524775963543,-1.942783243429646,10.807368048428607,0.018870634745199358,0.02795674706392521,0.009148800930963687,0.009148800930963687,0.1481826251253806,0.2944252517842078,0.39308425872682057
7,10.0,0.01,0.5,final,2.0,2.0,100,inward_flux_median,12.194459484776724,12.194459484776724,1.0,4.5334513860761865,-0.9997307632049747,4.822588089553336,1.768422421529794,9.489305710006864,20.02830613117209,5.5049086027151795,11.926858781049132,6.393158933076341,10.841251996174414
8,10.0,0.01,1.0,mid_assembly,0.5,0.5,25,hernquist_radius,0.2944252517842078,1.4081942126045655,0.5,1778.255926582764,-0.9985153011026814,6.582028412101282,0.02883705752036086,0.017725135056973138,0.03908200141608772,0.03908200141608772,0.28831478169947616,0.2944252517842078,0.4010672544807941
8,10.0,0.01,1.0,mid_assembly,0.5,0.5,25,inward_flux_median,1.4081942126045655,1.4081942126045655,0.5,71.67959285122882,-3.0527479123041394,4.605000199604921,0.17876374191001923,0.6285189658354877,0.34911931563996185,0.2901196208080185,0.45104325258923234,1.2837018494816264,2.8552666440157206
8,10.0,0.01,1.0,assembly_end,1.0,1.0,50,hernquist_radius,0.2944252517842078,3.3393547282353855,1.0,3406.9733471796603,-0.48916861600974804,9.236820319301653,0.020126677290214515,0.006592533400846663,0.048796100944033714,0.048796100944033714,0.5885224677931287,0.2944252517842078,0.20647488196638952
8,10.0,0.01,1.0,assembly_end,1.0,1.0,50,inward_flux_median,3.3393547282353855,3.3393547282353855,1.0,29.513780328661394,-1.5998221875557423,6.085805255820149,0.39215809079870717,1.1550497195177614,0.8194190269908164,0.8076706577626491,2.040973743269676,3.3153294068036328,3.3670038958763895
8,10.0,0.01,1.0,final,2.0,2.0,100,hernquist_radius,0.2944252517842078,10.371702597188497,1.0,953.6706602259304,-1.5757198719109147,10.668790984365032,0.01888719292183638,0.02039059702605791,0.012494279013772869,0.012494279013772869,0.18270171379629738,0.2944252517842078,0.33787781141959905
8,10.0,0.01,1.0,final,2.0,2.0,100,inward_flux_median,10.371702597188497,10.371702597188497,1.0,6.077075075076141,-0.8427229939244814,4.998501230978633,1.4896090268639282,6.829818544554488,13.070826086907406,4.320032895321055,12.034049383048098,5.962687706299473,9.034143525036718
9,10.0,0.02,0.0,mid_assembly,0.02,0.02,1,hernquist_radius,0.593830575603711,0.4295735720462841,1.0,179.560034303294,-2.973087924552862,2.2672811874760095,0.06045795922115328,0.5095989285337157,0.4935348281925688,0.4935348281925688,0.19529961190396353,0.593830575603711,3.664070874726131
9,10.0,0.02,0.0,mid_assembly,0.02,0.02,1,inward_flux_median,0.4295735720462841,0.4295735720462841,1.0,254.50787320865734,-3.9200459800985676,2.1612693120985105,0.0443604700624602,0.37716680397168434,0.3053298972438101,0.3053298972438101,0.10715019658415513,0.4295735720462841,3.2286026004797113
9,10.0,0.02,0.0,assembly_end,0.02,0.02,1,hernquist_radius,0.593830575603711,0.4295735720462841,1.0,179.560034303294,-2.973087924552862,2.2672811874760095,0.06045795922115328,0.5095989285337157,0.4935348281925688,0.4935348281925688,0.19529961190396353,0.593830575603711,3.664070874726131
9,10.0,0.02,0.0,assembly_end,0.02,0.02,1,inward_flux_median,0.4295735720462841,0.4295735720462841,1.0,254.50787320865734,-3.9200459800985676,2.1612693120985105,0.0443604700624602,0.37716680397168434,0.3053298972438101,0.3053298972438101,0.10715019658415513,0.4295735720462841,3.2286026004797113
9,10.0,0.02,0.0,final,2.0,2.0,100,hernquist_radius,0.593830575603711,12.194459484776724,1.0,733.7676293917933,-0.262713924680008,7.451157987900871,0.05470105429625495,0.03794558475479746,0.06395497457935638,0.06395497457935638,2.2101718381649227,0.593830575603711,0.5515324171573492
9,10.0,0.02,0.0,final,2.0,2.0,100,inward_flux_median,12.194459484776724,12.194459484776724,1.0,4.177953228241695,-1.617646226975903,4.649027104552094,1.7566841028536981,10.681147647346341,22.323192814457315,7.914369139927009,7.370985962800272,7.260935037774597,11.7146744744481
10,10.0,0.02,0.05,mid_assembly,0.025,0.02,1,hernquist_radius,0.593830575603711,0.40700529109934575,0.352,179.721042156625,-0.38961124465264657,2.206928495547492,0.09956549514609504,0.52306586590098,0.5328343509011269,0.5328343509011269,1.4903135517538768,0.593830575603711,3.762585380227112
10,10.0,0.02,0.05,mid_assembly,0.025,0.02,1,inward_flux_median,0.40700529109934575,0.40700529109934575,0.352,265.8318234044818,-0.5438983232126817,2.034506441285533,0.06964343867289208,0.38359905713313125,0.3260149952812341,0.3260149952812341,0.7316930220876003,0.40700529109934575,3.3559195088094533
10,10.0,0.02,0.05,assembly_end,0.05,0.06,3,hernquist_radius,0.593830575603711,0.593830575603711,1.0,179.901264987736,-4.829825219380335,2.4654863886173453,0.06032776387037831,0.4677424046945151,0.38973530073798685,0.38973530073798685,0.12022027536144064,0.593830575603711,3.3663120546546095
10,10.0,0.02,0.05,assembly_end,0.05,0.06,3,inward_flux_median,0.593830575603711,0.593830575603711,1.0,179.901264987736,-4.829825219380335,2.4654863886173453,0.06032776387037831,0.4677424046945151,0.38973530073798685,0.38973530073798685,0.12022027536144064,0.593830575603711,3.3663120546546095
10,10.0,0.02,0.05,final,2.0,2.0,100,hernquist_radius,0.593830575603711,12.194459484776724,1.0,737.1306319933367,-0.26260199547587676,7.444044030864135,0.05473045091440283,0.037808563593195316,0.0642754195887921,0.0642754195887921,2.211113882700383,0.593830575603711,0.550798726310535
10,10.0,0.02,0.05,final,2.0,2.0,100,inward_flux_median,12.194459484776724,12.194459484776724,1.0,4.132909475877289,-1.6977029780689654,4.605629648035404,1.7588607131719907,10.899301474609114,22.95428034983947,8.104816836299744,7.023400315512571,7.246066519989634,11.889323155091457
11,10.0,0.02,0.2,mid_assembly,0.1,0.1,5,hernquist_radius,0.593830575603711,0.5626328108034528,0.5,180.7074395678724,-2.5447938871927964,2.480753047406989,0.08409646860331549,0.462790040841482,0.38321587130000606,0.38321587130000606,0.2281689376667165,0.593830575603711,3.3381245773936157
11,10.0,0.02,0.2,mid_assembly,0.1,0.1,5,inward_flux_median,0.5626328108034528,0.5626328108034528,0.5,192.02481283469905,-2.6573316103685887,2.4803303188304056,0.07973878191124074,0.43558879342089907,0.3463023131705164,0.3463023131705164,0.2070264711861489,0.5626328108034528,3.23881314217767
11,10.0,0.02,0.2,assembly_end,0.2,0.2,10,hernquist_radius,0.593830575603711,1.2641178246418958,1.0,212.05129063694756,-7.161117798004884,5.690112262012312,0.05929752024643382,0.17194193721907122,0.047996920353720995,0.047996920353720995,0.08108272118960307,0.593830575603711,1.3434849174479226
11,10.0,0.02,0.2,assembly_end,0.2,0.2,10,inward_flux_median,1.2641178246418958,1.2641178246418958,1.0,76.3755367898401,-4.978260639612199,3.320740692692453,0.13489076476658607,0.8180019344658781,0.7066333767974213,0.38866406400828984,0.24828844162710856,0.9375138135510316,3.835853288661449
11,10.0,0.02,0.2,final,2.0,2.0,100,hernquist_radius,0.593830575603711,12.194459484776724,1.0,725.8690264401554,-0.2716271943821838,7.464811130523986,0.05473907393589399,0.038288335027987105,0.0632412645789212,0.0632412645789212,2.137646486914563,0.593830575603711,0.5535108438700119
11,10.0,0.02,0.2,final,2.0,2.0,100,inward_flux_median,12.194459484776724,12.194459484776724,1.0,4.02630018529868,-1.8888634839057765,4.479888195683769,1.765779411309949,11.501917385548639,24.925145626355125,9.881608778809492,6.312604237104835,7.678166594389078,12.383797422131302
12,10.0,0.02,0.5,mid_assembly,0.25,0.24,12,hernquist_radius,0.593830575603711,0.914455455357331,0.470016,201.1529861641684,-3.692615238332141,3.5793370027327707,0.0853227990917767,0.2881472612671732,0.14419438804108872,0.14419438804108872,0.15724435944314516,0.593830575603711,2.192846630736054
12,10.0,0.02,0.5,mid_assembly,0.25,0.24,12,inward_flux_median,0.914455455357331,0.914455455357331,0.470016,113.3910443865714,-2.984178081671609,3.05424944000553,0.13391069923837393,0.5990461924431577,0.4845939325581923,0.4845939325581923,0.29962938097216346,0.914455455357331,3.422789645230972
12,10.0,0.02,0.5,assembly_end,0.5,0.5,25,hernquist_radius,0.593830575603711,2.4156697177125928,1.0,691.193689563262,-0.7083371607004139,6.950487411379108,0.05754895441104263,0.04318456455874849,0.06741579008541534,0.06741579008541534,0.8197267488372152,0.593830575603711,0.6091986703368358
12,10.0,0.02,0.5,assembly_end,0.5,0.5,25,inward_flux_median,2.4156697177125928,2.4156697177125928,1.0,36.1603498831394,-4.057444714398344,4.162393035742732,0.28752374713466444,1.3783764998838648,1.2845554037289018,0.44033023022784024,0.5821454699671619,1.4143288034937003,4.447487046196985
12,10.0,0.02,0.5,final,2.0,2.0,100,hernquist_radius,0.593830575603711,10.94680936663417,1.0,729.3716049005773,-0.2776662073243551,7.488700940326088,0.05467151362778475,0.037982909708082116,0.06320226109873077,0.06320226109873077,2.0911544239276396,0.593830575603711,0.5504186954821595
12,10.0,0.02,0.5,final,2.0,2.0,100,inward_flux_median,10.94680936663417,10.94680936663417,1.0,4.89447902427879,-1.815744209160174,4.618429169050954,1.5751693455472546,9.177889220959454,18.374176442355196,6.456569153464886,5.894941036803868,6.489100753966762,10.894983248800239
13,10.0,0.02,1.0,mid_assembly,0.5,0.5,25,hernquist_radius,0.593830575603711,1.5686915426374495,0.5,378.75928609543024,-1.8160728943084978,4.892798669677323,0.08053233299712244,0.11194970035148138,0.08526708323163358,0.08526708323163358,0.3197244557975876,0.593830575603711,1.1690554201555763
13,10.0,0.02,1.0,mid_assembly,0.5,0.5,25,inward_flux_median,1.5686915426374495,1.5686915426374495,0.5,62.28143556452394,-2.7411327633816884,3.6063395053680822,0.23444492273207965,0.9236732080928577,0.8470783948964824,0.8470783948964824,0.5595695360319017,1.5686915426374495,3.9113634537790674
13,10.0,0.02,1.0,assembly_end,1.0,1.0,50,hernquist_radius,0.593830575603711,3.92622383424324,1.0,893.6263090027038,-0.34979615504264694,7.040971762355657,0.05645519050641653,0.03297273874951721,0.08110468018151326,0.08110468018151326,1.6599465415814612,0.593830575603711,0.5288877576501954
13,10.0,0.02,1.0,assembly_end,1.0,1.0,50,inward_flux_median,3.92622383424324,3.92622383424324,1.0,20.48839478273181,-3.068120492505378,4.579223276559386,0.5089574898667409,2.2112804024774997,2.501875198990398,1.061900992094207,1.2512647841173516,2.5579040373405375,5.370667965876606
13,10.0,0.02,1.0,final,2.0,2.0,100,hernquist_radius,0.593830575603711,9.826809909781227,1.0,798.9993831170326,-0.26080304734929827,7.4388063318672435,0.05461985479864747,0.034905500880248616,0.06866375987787951,0.06866375987787951,2.2263655418253943,0.593830575603711,0.529416674861647
13,10.0,0.02,1.0,final,2.0,2.0,100,inward_flux_median,9.826809909781227,9.826809909781227,1.0,5.665994660041795,-2.0809086353680533,4.524865418798099,1.4117867492816099,8.092109350296294,15.762158790074455,6.086525527468027,4.6174916718629975,6.106458780197748,10.335472670823817
14,10.0,0.04,0.0,mid_assembly,0.02,0.02,1,hernquist_radius,1.1977055309790143,0.8208948954705254,1.0,85.65752620207749,-0.7598098921981484,2.639860465813012,0.16797055989950416,0.9174809815256331,1.234439852548633,1.234439852548633,1.541316010860688,1.1977055309790143,4.556279463553736
14,10.0,0.04,0.0,mid_assembly,0.02,0.02,1,inward_flux_median,0.8208948954705254,0.8208948954705254,1.0,128.344691235885,-1.064864404813646,2.407923830589247,0.11811011935928353,0.6713096900318601,0.7745953655608211,0.7745953655608211,0.753771691475604,0.8208948954705254,4.0807725622394555
14,10.0,0.04,0.0,assembly_end,0.02,0.02,1,hernquist_radius,1.1977055309790143,0.8208948954705254,1.0,85.65752620207749,-0.7598098921981484,2.639860465813012,0.16797055989950416,0.9174809815256331,1.234439852548633,1.234439852548633,1.541316010860688,1.1977055309790143,4.556279463553736
14,10.0,0.04,0.0,assembly_end,0.02,0.02,1,inward_flux_median,0.8208948954705254,0.8208948954705254,1.0,128.344691235885,-1.064864404813646,2.407923830589247,0.11811011935928353,0.6713096900318601,0.7745953655608211,0.7745953655608211,0.753771691475604,0.8208948954705254,4.0807725622394555
14,10.0,0.04,0.0,final,2.0,2.0,100,hernquist_radius,1.1977055309790143,13.584309102806959,1.0,256.7687311464401,-0.0801412194058343,5.839297902477394,0.15163973224409152,0.13836963753599657,0.20073812566009677,0.20073812566009677,14.613043833596606,1.1977055309790143,1.189713502125703
14,10.0,0.04,0.0,final,2.0,2.0,100,inward_flux_median,13.584309102806959,13.584309102806959,1.0,3.285563048110031,-1.9874306596817337,4.175944242303028,2.0174960390616996,15.1209498723816,38.099990806241415,38.099990806241415,6.683318340152434,13.584309102806959,14.706675031433944
15,10.0,0.04,0.05,mid_assembly,0.025,0.02,1,hernquist_radius,1.1977055309790143,0.5050682345509239,0.352,85.69547412219026,-0.09654955121927238,2.6304733046382096,0.2649468752771737,0.9203473915671891,1.247240797208824,1.247240797208824,12.12959705421783,1.1977055309790143,4.571526571561069
15,10.0,0.04,0.05,mid_assembly,0.025,0.02,1,inward_flux_median,0.5050682345509239,0.5050682345509239,0.352,212.73041712802123,-0.18770299652054837,2.123588899868257,0.12548745463097002,0.4592440435428871,0.43593358853780223,0.43593358853780223,2.631027742318852,0.5050682345509239,3.5940891685507967
15,10.0,0.04,0.05,assembly_end,0.05,0.06,3,hernquist_radius,1.1977055309790143,0.8664131897876486,1.0,85.5867915680018,-1.3049314917698052,2.6872889155137663,0.16779732359317842,0.9020330778862569,1.172529537247337,1.172529537247337,0.8974472295607127,1.1977055309790143,4.47771405518485
15,10.0,0.04,0.05,assembly_end,0.05,0.06,3,inward_flux_median,0.8664131897876486,0.8664131897876486,1.0,121.6018554397647,-1.7344427073196662,2.518725479111781,0.12380113712242026,0.6773646581616796,0.7558282489794759,0.7558282489794759,0.4884405083896877,0.8664131897876486,4.007957926005842
15,10.0,0.04,0.05,final,2.0,2.0,100,hernquist_radius,1.1977055309790143,12.870637396137889,1.0,256.642233995052,-0.08103825894415279,5.838506291719853,0.1516864191189855,0.1384566089772251,0.20074872505993854,0.20074872505993854,14.451287173659589,1.1977055309790143,1.1901680131310084
15,10.0,0.04,0.05,final,2.0,2.0,100,inward_flux_median,12.870637396137889,12.870637396137889,1.0,3.571399848373947,-2.071429164395756,4.213776144306709,1.9037066161898777,13.7858527207878,33.30888496795554,33.30888496795554,6.0754233600300545,12.870637396137889,13.979234559960968
16,10.0,0.04,0.2,mid_assembly,0.1,0.1,5,hernquist_radius,1.1977055309790143,0.9651616453781562,0.5,85.67638592392012,-0.6740868770300228,2.701982460292004,0.22850264926629235,0.8961896139022011,1.1543014581188562,1.1543014581188562,1.7373237663595404,1.1977055309790143,4.451034857177848
16,10.0,0.04,0.2,mid_assembly,0.1,0.1,5,inward_flux_median,0.9651616453781562,0.9651616453781562,0.5,108.24390340147337,-0.8131775284820982,2.5892859667289527,0.18696113879445614,0.7402187944539176,0.8597088167911936,0.8597088167911936,1.1605430751105281,0.9651616453781562,4.132304821669916
16,10.0,0.04,0.2,assembly_end,0.2,0.2,10,hernquist_radius,1.1977055309790143,1.2641178246418958,1.0,85.90505047479435,-3.2419183873604167,3.0062173562185377,0.16606192425463126,0.8033494399008752,0.8498652260194909,0.8498652260194909,0.3612389369890523,1.1977055309790143,3.9952537109301214
16,10.0,0.04,0.2,assembly_end,0.2,0.2,10,inward_flux_median,1.2641178246418958,1.2641178246418958,1.0,80.63681900984047,-3.106568986525115,3.005108565154298,0.17515020093980488,0.8561503072340094,0.9435950216502548,0.9435950216502548,0.3978809360372441,1.2641178246418958,4.125221097133767
16,10.0,0.04,0.2,final,2.0,2.0,100,hernquist_radius,1.1977055309790143,12.870637396137889,1.0,255.81556798016453,-0.08194431979521934,5.841665233995035,0.15175068972910566,0.13882891660648675,0.2002243573451393,0.2002243573451393,14.291498849242537,1.1977055309790143,1.191444836426658
16,10.0,0.04,0.2,final,2.0,2.0,100,inward_flux_median,12.870637396137889,12.870637396137889,1.0,3.5877246116470856,-2.039943727146436,4.178710242166863,1.9121481609950106,13.83828316182451,34.15191754532847,34.15191754532847,6.169194260873902,12.870637396137889,14.064434750964146
17,10.0,0.04,0.5,mid_assembly,0.25,0.24,12,hernquist_radius,1.1977055309790143,1.334212653481817,0.470016,86.49513389148287,-1.3017810056301526,2.8767403722462657,0.23284460911229057,0.8337795265900376,0.9644798389065506,0.9644798389065506,0.8996191732636644,1.1977055309790143,4.1608071220629474
17,10.0,0.04,0.5,mid_assembly,0.25,0.24,12,inward_flux_median,1.334212653481817,1.334212653481817,0.470016,76.4685181023638,-1.1977825347263935,2.908294366652306,0.2582329849391485,0.9328730232251232,1.1509586386902744,1.1509586386902744,1.089164950080533,1.334212653481817,4.377179846963925
17,10.0,0.04,0.5,assembly_end,0.5,0.5,25,hernquist_radius,1.1977055309790143,2.5496176394142833,1.0,103.11751570750275,-4.1110560196826,4.796920203970892,0.15945637380038113,0.4194195160565406,0.2397774596752147,0.2397774596752147,0.28486771925471277,1.1977055309790143,2.285311342958387
17,10.0,0.04,0.5,assembly_end,0.5,0.5,25,inward_flux_median,2.5496176394142833,2.5496176394142833,1.0,35.05363763978026,-3.104541230390649,3.552530070223354,0.357711933766148,1.665991245087335,2.2623101032463335,2.2623101032463335,0.8030160049656431,2.5496176394142833,5.292608634064994
17,10.0,0.04,0.5,final,2.0,2.0,100,hernquist_radius,1.1977055309790143,11.553805576908188,1.0,256.9588399785511,-0.07971347332305227,5.8440892742151185,0.15162973739908378,0.1381539052567773,0.20046595249765256,0.20046595249765256,14.691458083995798,1.1977055309790143,1.1882982758462721
17,10.0,0.04,0.5,final,2.0,2.0,100,inward_flux_median,11.553805576908188,11.553805576908188,1.0,4.256610457218455,-2.1607806264182217,4.205713982689255,1.712191830721578,11.588838974270383,27.027794871228505,27.027794871228505,5.228305495611361,11.553805576908188,12.829283490488933
18,10.0,0.04,1.0,mid_assembly,0.5,0.5,25,hernquist_radius,1.1977055309790143,1.9466485702306768,0.5,96.36587726597315,-1.8485350101277955,3.375265434873409,0.22222877223810528,0.637840893013671,0.6181509693396416,0.6181509693396416,0.6335325788470607,1.1977055309790143,3.3597310918617564
18,10.0,0.04,1.0,mid_assembly,0.5,0.5,25,inward_flux_median,1.9466485702306768,1.9466485702306768,0.5,50.27594244982207,-1.5136820917506861,3.281334361945877,0.3607648977905961,1.2575720126143712,1.6891996415554424,1.6891996415554424,1.2574752919988244,1.9466485702306768,4.784576396022958
18,10.0,0.04,1.0,assembly_end,1.0,1.0,50,hernquist_radius,1.1977055309790143,4.143931378812086,1.0,224.01048291101034,-0.5734297718487558,5.5874180462577945,0.1536202384036494,0.16575401691818525,0.2077631771842705,0.2077631771842705,2.042285227499878,1.1977055309790143,1.3311553832060252
18,10.0,0.04,1.0,assembly_end,1.0,1.0,50,inward_flux_median,4.143931378812086,4.143931378812086,1.0,19.021751680635113,-2.8361377315053775,3.956164738926191,0.5968289647146027,2.756885281324499,4.268132230384355,4.268132230384355,1.428669639125995,4.143931378812086,6.451704509995623
18,10.0,0.04,1.0,final,2.0,2.0,100,hernquist_radius,1.1977055309790143,10.371702597188497,1.0,263.5283461413272,-0.07367372642142773,5.827663011956182,0.1512111865350797,0.13508956507251962,0.2040240322736536,0.2040240322736536,15.895858794441642,1.1977055309790143,1.1767006445801391
18,10.0,0.04,1.0,final,2.0,2.0,100,inward_flux_median,10.371702597188497,10.371702597188497,1.0,5.069449969405993,-2.217433052668104,4.1683156520478075,1.5429943381080988,9.817979702861885,22.399664834751498,22.399664834751498,4.5734729681759045,10.371702597188497,11.86132130026612
19,10.0,0.07,0.0,mid_assembly,0.02,0.02,1,hernquist_radius,2.0545894565008713,1.2641178246418958,1.0,47.31469814443943,-0.2540528613727003,3.006085497533738,0.35820260768508283,1.4586334483131227,2.421320228396735,2.421320228396735,7.907651889685777,2.0545894565008713,5.383624052987632
19,10.0,0.07,0.0,mid_assembly,0.02,0.02,1,inward_flux_median,1.2641178246418958,1.2641178246418958,1.0,80.89410743008585,-0.3864815580585362,2.671729576192997,0.23372844903777745,0.9599181090865169,1.324099673297784,1.324099673297784,3.1981980781491135,1.2641178246418958,4.632582350187344
19,10.0,0.07,0.0,assembly_end,0.02,0.02,1,hernquist_radius,2.0545894565008713,1.2641178246418958,1.0,47.31469814443943,-0.2540528613727003,3.006085497533738,0.35820260768508283,1.4586334483131227,2.421320228396735,2.421320228396735,7.907651889685777,2.0545894565008713,5.383624052987632
19,10.0,0.07,0.0,assembly_end,0.02,0.02,1,inward_flux_median,1.2641178246418958,1.2641178246418958,1.0,80.89410743008585,-0.3864815580585362,2.671729576192997,0.23372844903777745,0.9599181090865169,1.324099673297784,1.324099673297784,3.1981980781491135,1.2641178246418958,4.632582350187344
19,10.0,0.07,0.0,final,2.0,2.0,100,hernquist_radius,2.0545894565008713,13.584309102806959,1.0,102.38995346866892,0.006686474284068074,5.12393169630743,0.31934453619320907,0.39544209014719633,0.593539587185928,0.593539587185928,inf,2.0545894565008713,2.1470496398009895
19,10.0,0.07,0.0,final,2.0,2.0,100,inward_flux_median,13.584309102806959,13.584309102806959,1.0,3.3681771690634843,-1.7732949617806317,4.16390207447637,2.0667122434297167,14.792723354387924,38.435663117639734,38.435663117639734,7.49036796692559,13.584309102806959,14.56720120730702
20,10.0,0.07,0.05,mid_assembly,0.025,0.02,1,hernquist_radius,2.0545894565008713,0.40700529109934575,0.352,47.32121343880553,-0.03212921462240611,3.0040515604933913,0.5212511268242116,1.4594200734122704,2.426122416704085,2.426122416704085,62.52756604616511,2.0545894565008713,5.386898235766438
20,10.0,0.07,0.05,mid_assembly,0.025,0.02,1,inward_flux_median,0.40700529109934575,0.40700529109934575,0.352,265.71456544066996,-0.08093191745492766,2.0275287624201472,0.14874019785985995,0.3850890638063515,0.32915754555510573,0.32915754555510573,4.917301113513094,0.40700529109934575,3.368211742383024
20,10.0,0.07,0.05,assembly_end,0.05,0.06,3,hernquist_radius,2.0545894565008713,1.334212653481817,1.0,47.30073111143273,-0.4400761647883024,3.0209326447023863,0.3580208977218554,1.451893211380161,2.3867220466047216,2.3867220466047216,4.565031578750278,2.0545894565008713,5.357955731369187
20,10.0,0.07,0.05,assembly_end,0.05,0.06,3,inward_flux_median,1.334212653481817,1.334212653481817,1.0,76.37391281758676,-0.6378937010711385,2.740433063766009,0.2444070176513237,0.9912411676180863,1.3663400906423728,1.3663400906423728,2.0451413024646223,1.334212653481817,4.64817393282867
20,10.0,0.07,0.05,final,2.0,2.0,100,hernquist_radius,2.0545894565008713,13.584309102806959,1.0,102.37504243610951,0.006869229210649528,5.123099183652002,0.31936232104257684,0.39556395610018436,0.5937704305592013,0.5937704305592013,inf,2.0545894565008713,2.1475549188886465
20,10.0,0.07,0.05,final,2.0,2.0,100,inward_flux_median,13.584309102806959,13.584309102806959,1.0,3.375594001427466,-1.756587340538478,4.158643232255822,2.0694734572557834,14.778886025959602,38.581587423786424,38.581587423786424,7.56161192278684,13.584309102806959,14.569589739505622
21,10.0,0.07,0.2,mid_assembly,0.1,0.1,5,hernquist_radius,2.0545894565008713,1.5686915426374495,0.5,47.31560026113171,-0.22672242225606143,3.028599462068144,0.4648938731490444,1.4477626738656286,2.3691643086008836,2.3691643086008836,8.86088622961597,2.0545894565008713,5.343552395642098
21,10.0,0.07,0.2,mid_assembly,0.1,0.1,5,inward_flux_median,1.5686915426374495,1.5686915426374495,0.5,63.94710302457209,-0.28482271811968707,2.855262845194149,0.36943790726494163,1.1362570787951214,1.6618053291804913,1.6618053291804913,5.385295101224285,1.5686915426374495,4.875482015869703
21,10.0,0.07,0.2,assembly_end,0.2,0.2,10,hernquist_radius,2.0545894565008713,1.7474813728930405,1.0,47.242533844385356,-1.1868139950648557,3.1086141329914208,0.35609847077249174,1.412679263932462,2.195557043477565,2.195557043477565,1.6927350011609261,2.0545894565008713,5.210035488059242
21,10.0,0.07,0.2,assembly_end,0.2,0.2,10,inward_flux_median,1.7474813728930405,1.7474813728930405,1.0,56.88394089377308,-1.3586563441297022,3.032653664514015,0.30718363904792295,1.2026273551133508,1.7213712864682054,1.7213712864682054,1.2576202226041095,1.7474813728930405,4.866944973302163
21,10.0,0.07,0.2,final,2.0,2.0,100,hernquist_radius,2.0545894565008713,12.870637396137889,1.0,102.37658241172048,0.007888638594163314,5.120680622545728,0.3193289313258548,0.3957448328854514,0.5944964435281133,0.5944964435281133,inf,2.0545894565008713,2.1485530760362566
21,10.0,0.07,0.2,final,2.0,2.0,100,inward_flux_median,12.870637396137889,12.870637396137889,1.0,3.6805293392910134,-1.8152216893427853,4.1621424748059255,1.9629243399934513,13.543045696444304,34.56514428591818,34.56514428591818,6.932932328818711,12.870637396137889,13.94125931985441
22,10.0,0.07,0.5,mid_assembly,0.25,0.24,12,hernquist_radius,2.0545894565008713,2.1685156218332304,0.470016,47.39870049636993,-0.459287211147466,3.0832972909589316,0.47315071568417116,1.4195860862280008,2.2488277574412088,2.2488277574412088,4.374085627803129,2.0545894565008713,5.244154416800133
22,10.0,0.07,0.5,mid_assembly,0.25,0.24,12,inward_flux_median,2.1685156218332304,2.1685156218332304,0.470016,44.5573401699639,-0.4399918270736113,3.1132615748037313,0.49576843564164563,1.4955767361954786,2.4291891297287957,2.4291891297287957,4.819084303734291,2.1685156218332304,5.356718811355527
22,10.0,0.07,0.5,assembly_end,0.5,0.5,25,hernquist_radius,2.0545894565008713,2.6909929199128513,1.0,48.41426539027104,-2.3581887844338745,3.4823091801350428,0.34694793957448716,1.2305602894601262,1.5811117413262181,1.5811117413262181,0.8519087201901857,2.0545894565008713,4.59430781356734
22,10.0,0.07,0.5,assembly_end,0.5,0.5,25,inward_flux_median,2.6909929199128513,2.6909929199128513,1.0,34.37254768844331,-1.976871099212829,3.4632904195927576,0.45020769753979023,1.742781478208122,2.7122879386195007,2.7122879386195007,1.3310083529151657,2.6909929199128513,5.482508541738517
22,10.0,0.07,0.5,final,2.0,2.0,100,hernquist_radius,2.0545894565008713,12.194459484776724,1.0,102.6711259493783,0.011487656783133125,5.113699421034441,0.31895870862002684,0.39514823704960245,0.5969526279932666,0.5969526279932666,inf,2.0545894565008713,2.148397957047646
22,10.0,0.07,0.5,final,2.0,2.0,100,inward_flux_median,12.194459484776724,12.194459484776724,1.0,4.037605409660383,-1.8162502147063213,4.146242317789889,1.8701030339086238,12.392673760323094,31.404415377925304,31.404415377925304,6.5649807142592405,12.194459484776724,13.361569451614551
23,10.0,0.07,1.0,mid_assembly,0.5,0.5,25,hernquist_radius,2.0545894565008713,2.840207403289166,0.5,48.56375282181747,-0.7959117236707594,3.2268274823253753,0.45843082714230726,1.3239012229200502,1.972093587051094,1.972093587051094,2.524101014681056,2.0545894565008713,4.9504220106647985
23,10.0,0.07,1.0,mid_assembly,0.5,0.5,25,inward_flux_median,2.840207403289166,2.840207403289166,0.5,32.70035731194507,-0.664726713503511,3.348070872724392,0.6111536392956386,1.8949442160560375,3.3297185982126476,3.3297185982126476,4.177856328744745,2.840207403289166,5.8143771426335045
23,10.0,0.07,1.0,assembly_end,1.0,1.0,50,hernquist_radius,2.0545894565008713,4.373710719835535,1.0,61.27115072873548,-2.100409049498365,4.453353303936121,0.32924817539423645,0.7603269467415332,0.8002351625697702,0.8002351625697702,0.9564620709445653,2.0545894565008713,3.193441175465339
23,10.0,0.07,1.0,assembly_end,1.0,1.0,50,inward_flux_median,4.373710719835535,4.373710719835535,1.0,18.59861689019122,-2.041320847294422,3.8239035643527526,0.7079119795902489,2.9171313908075693,5.252206930464096,5.252206930464096,2.095006440268944,4.373710719835535,6.7503584459772
23,10.0,0.07,1.0,final,2.0,2.0,100,hernquist_radius,2.0545894565008713,10.94680936663417,1.0,103.46673239110642,0.019210692282861357,5.096554629887053,0.3179731419879875,0.3934288042491927,0.6031239880837893,0.6031239880837893,inf,2.0545894565008713,2.147321336627199
23,10.0,0.07,1.0,final,2.0,2.0,100,inward_flux_median,10.94680936663417,10.94680936663417,1.0,4.83627907296423,-1.8222332683093763,4.121236926134668,1.6941209562978539,10.40889516573313,25.80258942310649,25.80258942310649,5.873948872005798,10.94680936663417,12.282614769901832
24,10.0,0.1,0.0,mid_assembly,0.02,0.02,1,hernquist_radius,2.9976957702140035,1.4862780196530472,1.0,30.603963540963942,-0.12199471239440353,3.2693120606499853,0.5751087281368655,2.0735261553537856,3.9688375526031074,3.9688375526031074,24.02664467624188,2.9976957702140035,6.155011596641627
24,10.0,0.1,0.0,mid_assembly,0.02,0.02,1,inward_flux_median,1.4862780196530472,1.4862780196530472,1.0,67.82391512732728,-0.21734431360537082,2.7798982021366396,0.3221046805852892,1.1003524683124155,1.6168542644112611,1.6168542644112611,6.686492334511046,1.4862780196530472,4.862434560286039
24,10.0,0.1,0.0,assembly_end,0.02,0.02,1,hernquist_radius,2.9976957702140035,1.4862780196530472,1.0,30.603963540963942,-0.12199471239440353,3.2693120606499853,0.5751087281368655,2.0735261553537856,3.9688375526031074,3.9688375526031074,24.02664467624188,2.9976957702140035,6.155011596641627
24,10.0,0.1,0.0,assembly_end,0.02,0.02,1,inward_flux_median,1.4862780196530472,1.4862780196530472,1.0,67.82391512732728,-0.21734431360537082,2.7798982021366396,0.3221046805852892,1.1003524683124155,1.6168542644112611,1.6168542644112611,6.686492334511046,1.4862780196530472,4.862434560286039
24,10.0,0.1,0.0,final,2.0,2.0,100,hernquist_radius,2.9976957702140035,13.584309102806959,1.0,55.65978002124774,0.057607837528589015,4.8002979384290745,0.5070818106822504,0.7764864677057578,1.3682656457307694,1.3682656457307694,inf,2.9976957702140035,3.10838750032354
24,10.0,0.1,0.0,final,2.0,2.0,100,inward_flux_median,13.584309102806959,13.584309102806959,1.0,3.4458516796211334,-1.5726048103330765,4.163867695305811,2.111601875439905,14.459393230311193,38.44168793329914,38.44168793329914,8.446261699287904,13.584309102806959,14.402201355599681
25,10.0,0.1,0.05,mid_assembly,0.025,0.02,1,hernquist_radius,2.9976957702140035,0.061558432858391875,0.352,30.606118339673596,-0.015418559670261471,3.2686183282707537,0.7735702863162659,2.073820225172911,3.9713211928496497,3.9713211928496497,190.10359396500934,2.9976957702140035,6.156101218779686
25,10.0,0.1,0.05,mid_assembly,0.025,0.02,1,inward_flux_median,0.061558432858391875,0.061558432858391875,0.352,1415.1038753415662,-0.7847249945105176,2.0359677046458375,0.021694777487779968,0.07200859966071506,0.010597303872113493,0.010597303872113493,0.07670375895869078,0.061558432858391875,1.4534799496176358
25,10.0,0.1,0.05,assembly_end,0.05,0.06,3,hernquist_radius,2.9976957702140035,1.7474813728930405,1.0,30.59899113658857,-0.211913432488538,3.274943235241801,0.5749483551834114,2.070297157552603,3.9488051950696357,3.9488051950696357,13.831702750788079,2.9976957702140035,6.144927445287473
25,10.0,0.1,0.05,assembly_end,0.05,0.06,3,inward_flux_median,1.7474813728930405,1.7474813728930405,1.0,56.75769383622253,-0.33447857078835397,2.9104917178299266,0.365885201335389,1.2558924847515802,1.9396107357860657,1.9396107357860657,5.108469848814527,1.7474813728930405,5.076861921539617
25,10.0,0.1,0.05,final,2.0,2.0,100,hernquist_radius,2.9976957702140035,13.584309102806959,1.0,55.64248445761031,0.057706829125213174,4.799474478786494,0.5070437959636026,0.7768610913551919,1.3688695439503513,1.3688695439503513,inf,2.9976957702140035,3.109403956567972
25,10.0,0.1,0.05,final,2.0,2.0,100,inward_flux_median,13.584309102806959,13.584309102806959,1.0,3.4523533903646975,-1.5575360562805043,4.159244537665601,2.114269623608809,14.44820419499743,38.56994255508904,38.56994255508904,8.527977072551346,13.584309102806959,14.40462686382826
26,10.0,0.1,0.2,mid_assembly,0.1,0.1,5,hernquist_radius,2.9976957702140035,1.9466485702306768,0.5,30.603072418394913,-0.1098031324621735,3.2781870449446684,0.7104069752685068,2.067972745547642,3.93735577515794,3.93735577515794,26.69435326073606,2.9976957702140035,6.138437600224239
26,10.0,0.1,0.2,mid_assembly,0.1,0.1,5,inward_flux_median,1.9466485702306768,1.9466485702306768,0.5,50.30810237151416,-0.15530911810624037,2.9917475343929514,0.5058515967423844,1.3784172286062766,2.2097310042382285,2.2097310042382285,12.255673417806273,1.9466485702306768,5.246022878972313
26,10.0,0.1,0.2,assembly_end,0.2,0.2,10,hernquist_radius,2.9976957702140035,2.2887589475628984,1.0,30.56375216070944,-0.5846102951032889,3.30803744937836,0.5732165583971737,2.051948627610396,3.833772303156723,3.833772303156723,5.013807713671522,2.9976957702140035,6.086958460180328
26,10.0,0.1,0.2,assembly_end,0.2,0.2,10,inward_flux_median,2.2887589475628984,2.2887589475628984,1.0,41.9319834671389,-0.7336128300173291,3.1520498669858146,0.4546107292729557,1.5696581701403676,2.603614416681309,2.603614416681309,3.0505610107397487,2.2887589475628984,5.453914276545437
26,10.0,0.1,0.2,final,2.0,2.0,100,hernquist_radius,2.9976957702140035,12.870637396137889,1.0,55.59530652068895,0.05794056412853619,4.796876354915672,0.5068604162765921,0.7779414593182259,1.370798110695373,1.370798110695373,inf,2.9976957702140035,3.11240784570827
26,10.0,0.1,0.2,final,2.0,2.0,100,inward_flux_median,12.870637396137889,12.870637396137889,1.0,3.7686842254940713,-1.602908896965943,4.160567539214645,2.0091714407384513,13.231261236720792,34.609424229274694,34.609424229274694,7.851231693727945,12.870637396137889,13.782456764628982
27,10.0,0.1,0.5,mid_assembly,0.25,0.24,12,hernquist_radius,2.9976957702140035,2.9976957702140035,0.470016,30.615256196588643,-0.2280761368707199,3.2998996448427285,0.7206432303274992,2.053548384223578,3.8618061517443736,3.8618061517443736,12.851513741405133,2.9976957702140035,6.0968345335381535
27,10.0,0.1,0.5,mid_assembly,0.25,0.24,12,inward_flux_median,2.9976957702140035,2.9976957702140035,0.470016,30.615256196588643,-0.2280761368707199,3.2998996448427285,0.7206432303274992,2.053548384223578,3.8618061517443736,3.8618061517443736,12.851513741405133,2.9976957702140035,6.0968345335381535
27,10.0,0.1,0.5,assembly_end,0.5,0.5,25,hernquist_radius,2.9976957702140035,3.163916804227846,1.0,30.670160068350043,-1.2891788151865797,3.447273472146503,0.564281519146602,1.962238490851677,3.397450578079609,3.397450578079609,2.2736361880538976,2.9976957702140035,5.830963614935675
27,10.0,0.1,0.5,assembly_end,0.5,0.5,25,inward_flux_median,3.163916804227846,3.163916804227846,1.0,28.679353311697334,-1.2400860802251947,3.4640943497236787,0.5921886247486651,2.088259683831676,3.7225882765184357,3.7225882765184357,2.4947084646392717,3.163916804227846,6.00066940466867
27,10.0,0.1,0.5,final,2.0,2.0,100,hernquist_radius,2.9976957702140035,12.194459484776724,1.0,55.50688314777443,0.057498930643657874,4.790719948855891,0.5062939722362204,0.7801820338541913,1.3754495234561086,1.3754495234561086,inf,2.9976957702140035,3.1188887610754388
27,10.0,0.1,0.5,final,2.0,2.0,100,inward_flux_median,12.194459484776724,12.194459484776724,1.0,4.135820186233825,-1.5944112091073144,4.145106698647533,1.9175629673007002,12.101695125291274,31.43531259768884,31.43531259768884,7.478401784751668,12.194459484776724,13.20558216194405
28,10.0,0.1,1.0,mid_assembly,0.5,0.5,25,hernquist_radius,2.9976957702140035,3.7199538765042663,0.5,30.853966491368976,-0.4264965898030126,3.35997709521843,0.7049557000295884,2.0012265227219057,3.663557924455199,3.663557924455199,6.872560477996935,2.9976957702140035,5.9646130102405515
28,10.0,0.1,1.0,mid_assembly,0.5,0.5,25,inward_flux_median,3.7199538765042663,3.7199538765042663,0.5,23.654413210429013,-0.3765691255362488,3.4676966788735624,0.8402503228795093,2.529241439962445,5.100761491327893,5.100761491327893,9.659161409681307,3.7199538765042663,6.600500951983148
28,10.0,0.1,1.0,assembly_end,1.0,1.0,50,hernquist_radius,2.9976957702140035,4.616231233608883,1.0,33.26531971875987,-1.7028891956931924,3.8536284228033213,0.5428250672487852,1.6183856987722627,2.4620348976280098,2.4620348976280098,1.7212650209384217,2.9976957702140035,5.008508355685522
28,10.0,0.1,1.0,assembly_end,1.0,1.0,50,inward_flux_median,4.616231233608883,4.616231233608883,1.0,17.836441412920472,-1.4934729187060867,3.780925503488897,0.8131814898691997,3.076360584232756,6.042748909690445,6.042748909690445,3.0222945037485296,4.616231233608883,6.971429885060875
28,10.0,0.1,1.0,final,2.0,2.0,100,hernquist_radius,2.9976957702140035,10.94680936663417,1.0,55.21538242864194,0.045589952856310616,4.7772030581275216,0.5053186577969079,0.7865200248826719,1.3854767434235733,1.3854767434235733,inf,2.9976957702140035,3.135958784630616
28,10.0,0.1,1.0,final,2.0,2.0,100,inward_flux_median,10.94680936663417,10.94680936663417,1.0,4.961015927480482,-1.5771589038441693,4.1196603494758,1.744241912418093,10.151063336209326,25.83741624179568,25.83741624179568,6.78670045537458,10.94680936663417,12.13185938201164
29,10.0,0.15,0.0,mid_assembly,0.02,0.02,1,hernquist_radius,4.616231233608883,1.7474813728930405,1.0,18.059418293411255,-0.05280327903435348,3.554771471146472,0.9320336402243189,3.2316783372776805,7.252265154823137,7.252265154823137,85.48171773131902,4.616231233608883,7.369033407006044
29,10.0,0.15,0.0,mid_assembly,0.02,0.02,1,inward_flux_median,1.7474813728930405,1.7474813728930405,1.0,56.73221793466719,-0.1119457585652308,2.8912829128634967,0.44514132198291934,1.2648039646890012,1.9773084885916992,1.9773084885916992,15.263407170100486,1.7474813728930405,5.111738389344134
29,10.0,0.15,0.0,assembly_end,0.02,0.02,1,hernquist_radius,4.616231233608883,1.7474813728930405,1.0,18.059418293411255,-0.05280327903435348,3.554771471146472,0.9320336402243189,3.2316783372776805,7.252265154823137,7.252265154823137,85.48171773131902,4.616231233608883,7.369033407006044
29,10.0,0.15,0.0,assembly_end,0.02,0.02,1,inward_flux_median,1.7474813728930405,1.7474813728930405,1.0,56.73221793466719,-0.1119457585652308,2.8912829128634967,0.44514132198291934,1.2648039646890012,1.9773084885916992,1.9773084885916992,15.263407170100486,1.7474813728930405,5.111738389344134
29,10.0,0.15,0.0,final,2.0,2.0,100,hernquist_radius,4.616231233608883,13.584309102806959,1.0,27.191939798192315,0.04117663724636083,4.573554401046692,0.8193875747981967,1.6682054323516808,3.517110106335865,3.517110106335865,inf,4.616231233608883,4.667670016768606
29,10.0,0.15,0.0,final,2.0,2.0,100,inward_flux_median,13.584309102806959,13.584309102806959,1.0,3.551505348775463,-1.2974173807147482,4.1629621355945545,2.1775968988896297,14.032292748470665,38.47358826305747,38.47358826305747,10.23774767863428,13.584309102806959,14.189444470848526
30,10.0,0.15,0.05,mid_assembly,0.025,0.02,1,hernquist_radius,4.616231233608883,0.03787477444075044,0.352,18.059970232167213,-0.006655396568414775,3.554574630981641,1.1387794953468944,3.2317585263285626,7.253457234744558,7.253457234744558,678.2037625111475,4.616231233608883,7.369328867584986
30,10.0,0.15,0.05,mid_assembly,0.025,0.02,1,inward_flux_median,0.03787477444075044,0.03787477444075044,0.352,1925.308763870904,-1.9358637692299763,2.1803129401872217,0.010823754506035819,0.04942245906491786,0.00393725465079919,0.00393725465079919,0.01913030267662426,0.03787477444075044,1.1636036205614109
30,10.0,0.15,0.05,assembly_end,0.05,0.06,3,hernquist_radius,4.616231233608883,2.1685156218332304,1.0,18.05805058257208,-0.0919667750104909,3.5557435783654907,0.9319204793817855,3.231039525823582,7.246393845193008,7.246393845193008,49.07984425014129,4.616231233608883,7.367297764331789
30,10.0,0.15,0.05,assembly_end,0.05,0.06,3,inward_flux_median,2.1685156218332304,2.1685156218332304,1.0,44.535463514314465,-0.16909467516514898,3.053913792494659,0.5201069852296797,1.5253897378303565,2.5695606572607406,2.5695606572607406,12.539470598650913,2.1685156218332304,5.462158878076201
30,10.0,0.15,0.05,final,2.0,2.0,100,hernquist_radius,4.616231233608883,13.584309102806959,1.0,27.15601741160799,0.03816250641396192,4.572754645156543,0.8194166102595138,1.6707043076681325,3.518643575885379,3.518643575885379,inf,4.616231233608883,4.671573124352306
30,10.0,0.15,0.05,final,2.0,2.0,100,inward_flux_median,13.584309102806959,13.584309102806959,1.0,3.5563254746706465,-1.2854401306252554,4.1587636197388305,2.1800794938438903,14.02742106516622,38.59007591364997,38.59007591364997,10.333139180252081,13.584309102806959,14.19414062403248
31,10.0,0.15,0.2,mid_assembly,0.1,0.1,5,hernquist_radius,4.616231233608883,2.4156697177125928,0.5,18.058840312712146,-0.04815178779730421,3.5560694623486317,1.0794773461112417,3.230602144650962,7.244438039467915,7.244438039467915,93.73930232254806,4.616231233608883,7.366461536752222
31,10.0,0.15,0.2,mid_assembly,0.1,0.1,5,inward_flux_median,2.4156697177125928,2.4156697177125928,0.5,39.36849069025295,-0.07824011369428778,3.1336135727377736,0.6777969400389977,1.681703258493465,2.9434532764602594,2.9434532764602594,30.189412420315147,2.4156697177125928,5.661796660214392
31,10.0,0.15,0.2,assembly_end,0.2,0.2,10,hernquist_radius,4.616231233608883,3.163916804227846,1.0,18.04590888205856,-0.2581715194133838,3.5633377645322226,0.9306728811935336,3.2263228180194714,7.200732967544117,7.200732967544117,17.483396324887902,4.616231233608883,7.354069323198701
31,10.0,0.15,0.2,assembly_end,0.2,0.2,10,inward_flux_median,3.163916804227846,3.163916804227846,1.0,28.724183447013942,-0.3546078240852925,3.3347720733000306,0.6897996411805887,2.1658567195385583,4.162846544862708,4.162846544862708,8.724153927509008,3.163916804227846,6.2285088856457484
31,10.0,0.15,0.2,final,2.0,2.0,100,hernquist_radius,4.616231233608883,12.870637396137889,1.0,27.036444054442786,0.027193103642792538,4.569887384605943,0.8195275935060373,1.679146164171239,3.5242141322047464,3.5242141322047464,inf,4.616231233608883,4.6848296833189895
31,10.0,0.15,0.2,final,2.0,2.0,100,inward_flux_median,12.870637396137889,12.870637396137889,1.0,3.8878968230557684,-1.3132068581502656,4.157841547287111,2.076996351649616,12.833966599143174,34.684255145926784,34.684255145926784,9.583264857254862,12.870637396137889,13.57840599337032
32,10.0,0.15,0.5,mid_assembly,0.25,0.24,12,hernquist_radius,4.616231233608883,4.143931378812086,0.470016,18.058044215955707,-0.10346925781115929,3.560522788202288,1.0899483384939965,3.2267037115951105,7.217680498848969,7.217680498848969,43.62373026721247,4.616231233608883,7.357410102851132
32,10.0,0.15,0.5,mid_assembly,0.25,0.24,12,inward_flux_median,4.143931378812086,4.143931378812086,0.470016,20.68061956119218,-0.11265860248550619,3.495790771767286,1.0073493850247357,2.869687416752521,6.159544107371511,6.159544107371511,35.96621811372721,4.143931378812086,7.002399521536495
32,10.0,0.15,0.5,assembly_end,0.5,0.5,25,hernquist_radius,4.616231233608883,4.143931378812086,1.0,18.02186507474643,-0.6076217574918287,3.602828701482904,0.9237843154037804,3.1952160030565153,6.969757166175879,6.969757166175879,7.428494681188866,4.616231233608883,7.278311006245119
32,10.0,0.15,0.5,assembly_end,0.5,0.5,25,inward_flux_median,4.143931378812086,4.143931378812086,1.0,20.68140997530172,-0.6594114003540529,3.551615858066749,0.845961475571954,2.8244730815656856,5.878239015558288,5.878239015558288,6.144728264033419,4.143931378812086,6.892202542880432
32,10.0,0.15,0.5,final,2.0,2.0,100,hernquist_radius,4.616231233608883,12.194459484776724,1.0,26.714357149376198,-0.009186886686627115,4.560643472853515,0.8200605389736949,1.7028355952079919,3.5427118680409895,3.5427118680409895,491.3215050614553,4.616231233608883,4.722539547239185
32,10.0,0.15,0.5,final,2.0,2.0,100,inward_flux_median,12.194459484776724,12.194459484776724,1.0,4.266106195261052,-1.296220898164175,4.141794478271281,1.9868727600870142,11.741494083202749,31.517337802201546,31.517337802201546,9.19877749903859,12.194459484776724,13.012768818078301
33,10.0,0.15,1.0,mid_assembly,0.5,0.5,25,hernquist_radius,4.616231233608883,5.427502786848501,0.5,18.08532391566792,-0.20962049059027607,3.576751812995194,1.0758053177720526,3.2072179426743745,7.121554050521757,7.121554050521757,21.532794723418434,4.616231233608883,7.318501030831749
33,10.0,0.15,1.0,mid_assembly,0.5,0.5,25,inward_flux_median,5.427502786848501,5.427502786848501,0.5,14.6628535453848,-0.18837209194572996,3.663164892956574,1.213885712034235,3.862501003557412,9.133659712965455,9.133659712965455,28.17280390802375,5.427502786848501,7.936122691437444
33,10.0,0.15,1.0,assembly_end,1.0,1.0,50,hernquist_radius,4.616231233608883,5.427502786848501,1.0,18.321653376807934,-0.9912256061415718,3.7365682899646226,0.9040795205669387,3.0304420527693194,6.261014183755994,6.261014183755994,4.553670693872297,4.616231233608883,6.960153776026575
33,10.0,0.15,1.0,assembly_end,1.0,1.0,50,inward_flux_median,5.427502786848501,5.427502786848501,1.0,14.647111875422004,-0.9207316642923391,3.7731335235996823,1.0368102226310456,3.7539578967912393,8.367618581202645,8.367618581202645,5.763861735123586,5.427502786848501,7.708962204797756
33,10.0,0.15,1.0,final,2.0,2.0,100,hernquist_radius,4.616231233608883,10.94680936663417,1.0,25.277734778008384,-0.2377274298524921,4.513462881205218,0.8240720942657072,1.818425623734054,3.6410649850107384,3.6410649850107384,18.98693388686111,4.616231233608883,4.9056339472725075
33,10.0,0.15,1.0,final,2.0,2.0,100,inward_flux_median,10.94680936663417,10.94680936663417,1.0,5.120591212936484,-1.2567099964027593,4.113970019961838,1.8169051866969654,9.848324301250322,25.951042038869772,25.951042038869772,8.51724350212529,10.94680936663417,11.957844850254451
34,10.0,0.2,0.0,mid_assembly,0.02,0.02,1,hernquist_radius,6.046096229598171,1.8443785175627527,1.0,12.716454453874261,-0.030213159784275145,3.7154341140585294,1.227808467807739,4.3910457899803035,10.840347075176602,10.840347075176602,195.6705590228113,6.046096229598171,8.401977335427752
34,10.0,0.2,0.0,mid_assembly,0.02,0.02,1,inward_flux_median,1.8443785175627527,1.8443785175627527,1.0,53.422187017078784,-0.07084491831122947,2.928701810690183,0.5253371773171891,1.3260098536548575,2.1161136922998818,2.1161136922998818,25.455869119438994,1.8443785175627527,5.200416202192453
34,10.0,0.2,0.0,assembly_end,0.02,0.02,1,hernquist_radius,6.046096229598171,1.8443785175627527,1.0,12.716454453874261,-0.030213159784275145,3.7154341140585294,1.227808467807739,4.3910457899803035,10.840347075176602,10.840347075176602,195.6705590228113,6.046096229598171,8.401977335427752
34,10.0,0.2,0.0,assembly_end,0.02,0.02,1,inward_flux_median,1.8443785175627527,1.8443785175627527,1.0,53.422187017078784,-0.07084491831122947,2.928701810690183,0.5253371773171891,1.3260098536548575,2.1161136922998818,2.1161136922998818,25.455869119438994,1.8443785175627527,5.200416202192453
34,10.0,0.2,0.0,final,2.0,2.0,100,hernquist_radius,6.046096229598171,13.584309102806959,1.0,16.764118124932505,-0.0762460018718596,4.465509752295041,1.093870765604935,2.7713527991117055,6.340043925615675,6.340043925615675,77.53620805940956,6.046096229598171,6.088533385262736
34,10.0,0.2,0.0,final,2.0,2.0,100,inward_flux_median,13.584309102806959,13.584309102806959,1.0,3.6306568728004476,-1.0854329484565002,4.158679401317986,2.233944915343364,13.740512221539722,38.59727500366588,38.59727500366588,12.237173928173322,13.584309102806959,14.048373514185252
35,10.0,0.2,0.05,mid_assembly,0.025,0.02,1,hernquist_radius,6.046096229598171,0.030521091096306997,0.352,12.716660866032981,-0.0037811978561338435,3.7153481179833414,1.4182247962550536,4.391076150379135,10.8410942836101,10.8410942836101,1563.4796405177526,6.046096229598171,8.402103618257664
35,10.0,0.2,0.05,mid_assembly,0.025,0.02,1,inward_flux_median,0.030521091096306997,0.030521091096306997,0.352,2309.8062309530715,-2.5351191839011853,2.2510392949058637,0.00786822570102775,0.039901107078088395,0.0026305923739555967,0.0026305923739555967,0.011771945737578789,0.030521091096306997,1.028971247690118
35,10.0,0.2,0.05,assembly_end,0.05,0.06,3,hernquist_radius,6.046096229598171,2.5496176394142833,1.0,12.715919021030967,-0.05267875748918718,3.7152304263860447,1.227729290511432,4.391471434419285,10.842102138824814,10.842102138824814,112.22409461817882,6.046096229598171,8.402614874275553
35,10.0,0.2,0.05,assembly_end,0.05,0.06,3,inward_flux_median,2.5496176394142833,2.5496176394142833,1.0,36.991099054073885,-0.10262702321719927,3.1636668422060437,0.6540551623270098,1.7727830581789616,3.181422116616264,3.181422116616264,24.29181143453082,2.5496176394142833,5.785417831632497
35,10.0,0.2,0.05,final,2.0,2.0,100,hernquist_radius,6.046096229598171,13.584309102806959,1.0,16.715521235264873,-0.0871525468423803,4.46279877302759,1.0942650165311125,2.7810983140697347,6.350771834141548,6.350771834141548,67.83308209599966,6.046096229598171,6.10108145514457
35,10.0,0.2,0.05,final,2.0,2.0,100,inward_flux_median,13.584309102806959,13.584309102806959,1.0,3.6340891066203094,-1.0759568870701564,4.154797559827377,2.2362329365787397,13.740360607909125,38.7053410507696,38.7053410507696,12.344947959579448,13.584309102806959,14.05485716187666
36,10.0,0.2,0.2,mid_assembly,0.1,0.1,5,hernquist_radius,6.046096229598171,2.5496176394142833,0.5,12.716155892559076,-0.02771733196090839,3.7147508070531057,1.366910927429327,4.391956613426986,10.84625800541556,10.84625800541556,213.28986040837128,6.046096229598171,8.403621482888514
36,10.0,0.2,0.2,mid_assembly,0.1,0.1,5,inward_flux_median,2.5496176394142833,2.5496176394142833,0.5,36.99306437287767,-0.049456442417596114,3.1691811535021297,0.7595079756475435,1.7696044331997842,3.1652391508252244,3.1652391508252244,50.40791804289663,2.5496176394142833,5.7751979066095345
36,10.0,0.2,0.2,assembly_end,0.2,0.2,10,hernquist_radius,6.046096229598171,3.92622383424324,1.0,12.710817410002045,-0.14920978999439002,3.7164241687507236,1.2268441727814745,4.391822855896278,10.831702281639986,10.831702281639986,39.620897965588654,6.046096229598171,8.401601418648042
36,10.0,0.2,0.2,assembly_end,0.2,0.2,10,inward_flux_median,3.92622383424324,3.92622383424324,1.0,22.11213655341583,-0.21314617646780765,3.46439893897,0.8874429827938192,2.708226390673757,5.687941008268697,5.687941008268697,18.01125964030881,3.92622383424324,6.833305530590857
36,10.0,0.2,0.2,final,2.0,2.0,100,hernquist_radius,6.046096229598171,12.870637396137889,1.0,16.527060042139215,-0.13208051244430746,4.452724234681995,1.095687261496743,2.8191758486796616,6.390777960961452,6.390777960961452,44.7592589961172,6.046096229598171,6.149651263158787
36,10.0,0.2,0.2,final,2.0,2.0,100,inward_flux_median,12.870637396137889,12.870637396137889,1.0,3.9762359415093886,-1.0917884867279064,4.151962480007488,2.1347132219436884,12.566606134374604,34.83634907882004,34.83634907882004,11.526783151683736,12.870637396137889,13.445736515303448
37,10.0,0.2,0.5,mid_assembly,0.25,0.24,12,hernquist_radius,6.046096229598171,4.872199413075837,0.470016,12.715070065976203,-0.060895474979312435,3.714599389889878,1.376349993798768,4.392510715939188,10.847553625307066,10.847553625307066,97.08152973341646,6.046096229598171,8.404322865584247
37,10.0,0.2,0.5,mid_assembly,0.25,0.24,12,inward_flux_median,4.872199413075837,4.872199413075837,0.470016,16.862339830085155,-0.07184074823337147,3.591888051949753,1.1836055611262184,3.425334117935037,7.8229182841918155,7.8229182841918155,66.3133222542118,4.872199413075837,7.547313303321257
37,10.0,0.2,0.5,assembly_end,0.5,0.5,25,hernquist_radius,6.046096229598171,5.142360925931856,1.0,12.693343121247205,-0.3614124811969015,3.7299851094626097,1.2217840088542375,4.381879722214226,10.715071054581157,10.715071054581157,16.357558668854633,6.046096229598171,8.37681611542009
37,10.0,0.2,0.5,assembly_end,0.5,0.5,25,inward_flux_median,5.142360925931856,5.142360925931856,1.0,15.726484044210395,-0.4095848295958592,3.64935922639654,1.0788092645126064,3.6148919138768765,8.302752617672576,8.302752617672576,12.276237182448181,5.142360925931856,7.692042148835446
37,10.0,0.2,0.5,final,2.0,2.0,100,hernquist_radius,6.046096229598171,12.194459484776724,1.0,15.787694869659358,-0.3299990919815656,4.414898441301753,1.1005728510618156,2.976487949270803,6.543952609626691,6.543952609626691,17.914673126327525,6.046096229598171,6.345911488122354
37,10.0,0.2,0.5,final,2.0,2.0,100,inward_flux_median,12.194459484776724,12.194459484776724,1.0,4.360991088108386,-1.070816585537044,4.135143311322569,2.0455593655273505,11.504501519390526,31.67396815729846,31.67396815729846,11.135098011053094,12.194459484776724,12.891128129693172
38,10.0,0.2,1.0,mid_assembly,0.5,0.5,25,hernquist_radius,6.046096229598171,6.735193154785496,0.5,12.718827801048263,-0.12929704237647976,3.7183760231041845,1.3644124444591543,4.386752951617734,10.814963405779778,10.814963405779778,45.72282363289425,6.046096229598171,8.394546523866385
38,10.0,0.2,1.0,mid_assembly,0.5,0.5,25,inward_flux_median,6.735193154785496,6.735193154785496,0.5,10.987927651254521,-0.11978084488367735,3.773338293806615,1.4741656605829614,5.003824119310155,12.818576172234833,12.818576172234833,54.98057293436558,6.735193154785496,8.900009114852855
38,10.0,0.2,1.0,assembly_end,1.0,1.0,50,hernquist_radius,6.046096229598171,6.381349852403016,1.0,12.744625186764498,-0.6397392021263442,3.7886689023749467,1.2059381204979343,4.296648729049211,10.23111826068108,10.23111826068108,9.240993587988832,6.046096229598171,8.230456104089228
38,10.0,0.2,1.0,assembly_end,1.0,1.0,50,inward_flux_median,6.381349852403016,6.381349852403016,1.0,11.820408636588859,-0.6222962187251025,3.8068227935020396,1.2586760218633435,4.6105041668883535,11.222256131607109,11.222256131607109,10.026791199674413,6.381349852403016,8.50540863602079
38,10.0,0.2,1.0,final,2.0,2.0,100,hernquist_radius,6.046096229598171,10.94680936663417,1.0,14.366495189555096,-0.7541115676967574,4.267126838269613,1.1185991607606942,3.3842090802747444,7.215616306320583,7.215616306320583,7.839457870790673,6.046096229598171,6.882767858569062
38,10.0,0.2,1.0,final,2.0,2.0,100,inward_flux_median,10.94680936663417,10.94680936663417,1.0,5.232469637693652,-1.0203328952807045,4.10486196363044,1.8778736078889338,9.65913633520598,26.1280067640533,26.1280067640533,10.490404749689654,10.94680936663417,11.8555627670544
39,10.0,0.3,0.0,mid_assembly,0.02,0.02,1,hernquist_radius,8.82140080901636,1.5686915426374495,1.0,7.514189767043487,-0.013751812819279213,3.9054016234244315,1.7359341953356993,7.069614117022015,19.752691621402708,19.752691621402708,627.2261852846332,8.82140080901636,10.398418882283462
39,10.0,0.3,0.0,mid_assembly,0.02,0.02,1,inward_flux_median,1.5686915426374495,1.5686915426374495,1.0,63.91209557895268,-0.03854891175099791,2.8150459974471653,0.5532430600954329,1.1531213608262727,1.7316339629742867,1.7316339629742867,39.78982334222779,1.5686915426374495,4.946489205965733
39,10.0,0.3,0.0,assembly_end,0.02,0.02,1,hernquist_radius,8.82140080901636,1.5686915426374495,1.0,7.514189767043487,-0.013751812819279213,3.9054016234244315,1.7359341953356993,7.069614117022015,19.752691621402708,19.752691621402708,627.2261852846332,8.82140080901636,10.398418882283462
39,10.0,0.3,0.0,assembly_end,0.02,0.02,1,inward_flux_median,1.5686915426374495,1.5686915426374495,1.0,63.91209557895268,-0.03854891175099791,2.8150459974471653,0.5532430600954329,1.1531213608262727,1.7316339629742867,1.7316339629742867,39.78982334222779,1.5686915426374495,4.946489205965733
39,10.0,0.3,0.0,final,2.0,2.0,100,hernquist_radius,8.82140080901636,14.337553620769176,1.0,7.906166316096123,-0.6052002811437589,4.253073651169583,1.613608564525851,6.169851636163271,15.336143342406261,15.336143342406261,14.252301864572205,8.82140080901636,9.308682411571331
39,10.0,0.3,0.0,final,2.0,2.0,100,inward_flux_median,14.337553620769176,14.337553620769176,1.0,3.412992519202767,-0.7657976602018951,4.141059351223278,2.434198014604198,14.679010428990876,43.52933700290839,43.52933700290839,18.306596032982554,14.337553620769176,14.551071237170868
40,10.0,0.3,0.05,mid_assembly,0.025,0.02,1,hernquist_radius,8.82140080901636,0.02459518282191551,0.352,7.514239811740909,-0.0016746928745299075,3.9053753408140706,1.8904532591204197,7.069614610685582,19.753088920984027,19.753088920984027,5150.494891671422,8.82140080901636,10.39845423520747
40,10.0,0.3,0.05,mid_assembly,0.025,0.02,1,inward_flux_median,0.02459518282191551,0.02459518282191551,0.352,2843.154239288249,-3.191901794517996,2.3223961968837648,0.005704835731269032,0.03142004757258746,0.0018141373266783347,0.0018141373266783347,0.007534372923186237,0.02459518282191551,0.8989542048986544
40,10.0,0.3,0.05,assembly_end,0.05,0.06,3,hernquist_radius,8.82140080901636,2.6909929199128513,1.0,7.514050569235706,-0.023969079937780798,3.90471906524434,1.7358938810536062,7.070980897141398,19.762970642450846,19.762970642450846,359.859332013368,8.82140080901636,10.400332893048718
40,10.0,0.3,0.05,assembly_end,0.05,0.06,3,inward_flux_median,2.6909929199128513,2.6909929199128513,1.0,34.74347508819423,-0.05402801193941193,3.199841631136397,0.7730507540487411,1.8661297263770267,3.42045188319374,3.42045188319374,48.70125424269869,2.6909929199128513,5.902132814987775
40,10.0,0.3,0.05,final,2.0,2.0,100,hernquist_radius,8.82140080901636,13.584309102806959,1.0,7.877757319467428,-0.6211504736678647,4.243193331617265,1.6154940689843496,6.206519906301711,15.441758862494956,15.441758862494956,13.886324588069069,8.82140080901636,9.34716633781838
40,10.0,0.3,0.05,final,2.0,2.0,100,inward_flux_median,13.584309102806959,13.584309102806959,1.0,3.734794460753967,-0.7854146283278278,4.141672577393453,2.3254093194516945,13.412233384496059,39.07958176063846,39.07958176063846,16.911617505662353,13.584309102806959,13.908009369747893
41,10.0,0.3,0.2,mid_assembly,0.1,0.1,5,hernquist_radius,8.82140080901636,2.2887589475628984,0.5,7.5140858515368505,-0.012587192375153463,3.903950720092275,1.8515027919257636,7.0723393442464655,19.774555807877658,19.774555807877658,685.2598131741556,8.82140080901636,10.402355383350873
41,10.0,0.3,0.2,mid_assembly,0.1,0.1,5,inward_flux_median,2.2887589475628984,2.2887589475628984,0.5,41.88071963180488,-0.023544038067259326,3.096307610743485,0.7750985556228245,1.5998723570970097,2.742849691792565,2.742849691792565,95.05296796735175,2.2887589475628984,5.555497059492498
41,10.0,0.3,0.2,assembly_end,0.2,0.2,10,hernquist_radius,8.82140080901636,5.142360925931856,1.0,7.512619482481174,-0.06860402603094763,3.9029059274982636,1.7354319073545303,7.075613383156434,19.790279354966348,19.790279354966348,125.72873043185265,8.82140080901636,10.406155479888254
41,10.0,0.3,0.2,assembly_end,0.2,0.2,10,inward_flux_median,5.142360925931856,5.142360925931856,1.0,15.731942831292246,-0.10600260465212051,3.6241604686072972,1.1819520078791501,3.638763183980862,8.474843887823626,8.474843887823626,47.43431098653484,5.142360925931856,7.744180937694358
41,10.0,0.3,0.2,final,2.0,2.0,100,hernquist_radius,8.82140080901636,13.584309102806959,1.0,7.8043769366966025,-0.6606368451350982,4.213849092866927,1.6214065003311444,6.308503597659561,15.761612022155504,15.761612022155504,13.056336713434337,8.82140080901636,9.456403458366216
41,10.0,0.3,0.2,final,2.0,2.0,100,inward_flux_median,13.584309102806959,13.584309102806959,1.0,3.7403273837226894,-0.7652176740976108,4.132463763481141,2.331091184646417,13.422236893184206,39.34068710837231,39.34068710837231,17.357978294602034,13.584309102806959,13.928688553053018
42,10.0,0.3,0.5,mid_assembly,0.25,0.24,12,hernquist_radius,8.82140080901636,5.728455650146755,0.470016,7.51353200639474,-0.02847837416709106,3.9017225828113484,1.8589674724651069,7.076899731056318,19.808184055651008,19.808184055651008,302.8788457085531,8.82140080901636,10.408679411019845
42,10.0,0.3,0.5,mid_assembly,0.25,0.24,12,inward_flux_median,5.728455650146755,5.728455650146755,0.470016,13.662728387129967,-0.03918238853699764,3.684376825455901,1.386356316072962,4.121374633584295,9.989008495916375,9.989008495916375,142.95298439164682,5.728455650146755,8.174126054936538
42,10.0,0.3,0.5,assembly_end,0.5,0.5,25,hernquist_radius,8.82140080901636,6.735193154785496,1.0,7.505528744394969,-0.17162161660397757,3.902451772157889,1.732676611562999,7.0831221810819205,19.796929621697608,19.796929621697608,50.258803442508245,8.82140080901636,10.412281459074968
42,10.0,0.3,0.5,assembly_end,0.5,0.5,25,inward_flux_median,6.735193154785496,6.735193154785496,1.0,10.988109427041392,-0.21270667031532184,3.7788795106714606,1.4233417597415907,4.996404029827269,12.762841942607034,12.762841942607034,30.961038826400042,6.735193154785496,8.88688494391411
42,10.0,0.3,0.5,final,2.0,2.0,100,hernquist_radius,8.82140080901636,12.870637396137889,1.0,7.704688111813869,-0.7032855358324859,4.159074555907607,1.6340875159925667,6.4742848284149135,16.384125452219433,16.384125452219433,12.264573428450698,8.82140080901636,9.642726589748555
42,10.0,0.3,0.5,final,2.0,2.0,100,inward_flux_median,12.870637396137889,12.870637396137889,1.0,4.100805289464789,-0.7443599961819024,4.116493165254996,2.2373668577219115,12.28986246416634,35.747929704884434,35.747929704884434,16.9068853761213,12.870637396137889,13.354022907826481
43,10.0,0.3,1.0,mid_assembly,0.5,0.5,25,hernquist_radius,8.82140080901636,7.9188579964143155,0.5,7.5120166521729015,-0.06425035469147868,3.8988621841865903,1.8502556286778977,7.08352032363946,19.85144363689995,19.85144363689995,134.2482409132722,8.82140080901636,10.417366291934474
43,10.0,0.3,1.0,mid_assembly,0.5,0.5,25,inward_flux_median,7.9188579964143155,7.9188579964143155,0.5,8.772884750011306,-0.06965155420712187,3.8505439887583712,1.7157665521318703,6.141565065210735,16.632659810008274,16.632659810008274,111.16762348853537,7.9188579964143155,9.760696048732406
43,10.0,0.3,1.0,assembly_end,1.0,1.0,50,hernquist_radius,8.82140080901636,8.357955511729823,1.0,7.494363696373619,-0.3323424519596494,3.9140377755067757,1.7230988952721404,7.0726764694572095,19.62261941950414,19.62261941950414,25.953642228143824,8.82140080901636,10.389190138108773
43,10.0,0.3,1.0,assembly_end,1.0,1.0,50,inward_flux_median,8.357955511729823,8.357955511729823,1.0,8.109484953388687,-0.3442474232615188,3.8940077167125273,1.6548276290445036,6.569820292623958,17.902426070051675,17.902426070051675,23.739738735284917,8.357955511729823,10.038773281031936
43,10.0,0.3,1.0,final,2.0,2.0,100,hernquist_radius,8.82140080901636,11.553805576908188,1.0,7.641359876394752,-0.6857132650404406,4.0851933109369325,1.6560964272746153,6.645999505942721,17.279547713192137,17.279547713192137,12.578868654197787,8.82140080901636,9.85771257549117
43,10.0,0.3,1.0,final,2.0,2.0,100,inward_flux_median,11.553805576908188,11.553805576908188,1.0,4.916586558199753,-0.6948200685589923,4.085780237136418,2.061935132237843,10.327730046936244,29.49804232214412,29.49804232214412,16.259203979733325,11.553805576908188,12.287604998286685
44,30.0,0.01,0.0,mid_assembly,0.02,0.02,1,hernquist_radius,0.2944252517842078,0.4533932551642464,1.0,375.6908061743479,-10.050652972553422,2.372087726978239,0.021328116975429176,0.07759987147477598,0.0931064770884421,0.0931064770884421,0.02864358383949527,0.2944252517842078,0.8070618251749129
44,30.0,0.01,0.0,mid_assembly,0.02,0.02,1,inward_flux_median,0.4533932551642464,0.4533932551642464,1.0,231.97605006778198,-6.868409456483283,2.266065361971341,0.033561352191362574,0.13155481069723887,0.18113785530087215,0.18113785530087215,0.06454542366335879,0.4533932551642464,1.0751246723039425
44,30.0,0.01,0.0,assembly_end,0.02,0.02,1,hernquist_radius,0.2944252517842078,0.4533932551642464,1.0,375.6908061743479,-10.050652972553422,2.372087726978239,0.021328116975429176,0.07759987147477598,0.0931064770884421,0.0931064770884421,0.02864358383949527,0.2944252517842078,0.8070618251749129
44,30.0,0.01,0.0,assembly_end,0.02,0.02,1,inward_flux_median,0.4533932551642464,0.4533932551642464,1.0,231.97605006778198,-6.868409456483283,2.266065361971341,0.033561352191362574,0.13155481069723887,0.18113785530087215,0.18113785530087215,0.06454542366335879,0.4533932551642464,1.0751246723039425
44,30.0,0.01,0.0,final,2.0,2.0,100,hernquist_radius,0.2944252517842078,0.264301759994244,1.0,4028.6092100913097,-0.4729889845724967,9.855292872465807,0.019236366010217044,0.0017417974065530443,0.15721900368767983,0.15721900368767983,0.6086541768434797,0.2944252517842078,0.05932062660903774
44,30.0,0.01,0.0,final,2.0,2.0,100,inward_flux_median,0.264301759994244,0.264301759994244,1.0,4910.215081323922,-0.4991337645709981,10.085947720891813,0.017181292906439726,0.001396384717512197,0.15079365308020184,0.15079365308020184,0.5177614167637711,0.264301759994244,0.05250321097992577
45,30.0,0.01,0.05,mid_assembly,0.025,0.02,1,hernquist_radius,0.2944252517842078,0.23726028903001117,0.352,369.8742289642648,-1.539872426759865,1.9931702263531452,0.03558321462588044,0.09380453862489217,0.12572577631750423,0.12572577631750423,0.18695491656199434,0.2944252517842078,0.9680134860770769
45,30.0,0.01,0.05,mid_assembly,0.025,0.02,1,inward_flux_median,0.23726028903001117,0.23726028903001117,0.352,463.1158043466509,-1.8664530321394173,1.966206296179828,0.028819959110242224,0.07594577725822535,0.09556550370808496,0.09556550370808496,0.12429526011772252,0.23726028903001117,0.8769583182554633
45,30.0,0.01,0.05,assembly_end,0.05,0.06,3,hernquist_radius,0.2944252517842078,0.6981923003638827,1.0,412.9409368314156,-12.190259805721633,6.1535294106273035,0.021254066011115336,0.027215110145555766,0.027589671264370782,0.006766407704006477,0.023616126780651836,0.14580783898910568,0.29674580307117215
45,30.0,0.01,0.05,assembly_end,0.05,0.06,3,inward_flux_median,0.6981923003638827,0.6981923003638827,1.0,143.5848492846687,-6.572138160321392,2.653694712920119,0.0549929212053119,0.1814941954035413,0.2466883484222758,0.2466883484222758,0.10387593563611827,0.6981923003638827,1.1669374236043069
45,30.0,0.01,0.05,final,2.0,2.0,100,hernquist_radius,0.2944252517842078,0.27895718709743716,1.0,4021.118562936516,-0.4704984376401106,9.851279597058904,0.01925096702172054,0.0017457529793924596,0.15699181370596166,0.15699181370596166,0.6118760404497113,0.2944252517842078,0.059400041829643035
45,30.0,0.01,0.05,final,2.0,2.0,100,inward_flux_median,0.27895718709743716,0.27895718709743716,1.0,4444.493332178104,-0.48281508107966375,9.965231356637185,0.018190667712381984,0.0015613945919577944,0.1539351604148371,0.1539351604148371,0.5649412754793823,0.27895718709743716,0.05585400505177367
46,30.0,0.01,0.2,mid_assembly,0.1,0.1,5,hernquist_radius,0.2944252517842078,0.5050682345509239,0.5,403.1973985118879,-7.111573231625664,3.886948696747455,0.029795517757162666,0.044126124490387476,0.04713783883011022,0.02578131073337379,0.04048143943463225,0.21774225595745134,0.4754284494986914
46,30.0,0.01,0.2,mid_assembly,0.1,0.1,5,inward_flux_median,0.5050682345509239,0.5050682345509239,0.5,205.32274993845573,-4.952091606886244,2.8687837542283745,0.052959621187525785,0.11740522647194462,0.13461767648447942,0.13461767648447942,0.09972589975419778,0.5050682345509239,0.9026855416512863
46,30.0,0.01,0.2,assembly_end,0.2,0.2,10,hernquist_radius,0.2944252517842078,1.334212653481817,1.0,1903.519606595522,-0.8760281512342749,9.197035131311601,0.0209789870079562,0.003950182091776878,0.07992972758688019,0.07992972758688019,0.32862724862824316,0.2944252517842078,0.09247542005200554
46,30.0,0.01,0.2,assembly_end,0.2,0.2,10,inward_flux_median,1.334212653481817,1.334212653481817,1.0,69.18704601687804,-5.7365041571141395,4.282584310036157,0.1223580319156232,0.23339503098465253,0.2401778026863578,0.08237102459232128,0.22741773019108252,0.7813504300686653,1.0416804644750939
46,30.0,0.01,0.2,final,2.0,2.0,100,hernquist_radius,0.2944252517842078,0.3107510144842244,1.0,3899.521032315506,-0.48556206455107476,9.900802290210272,0.01922769573888401,0.0017911858942602284,0.15149202422301838,0.15149202422301838,0.5928937659641332,0.2944252517842078,0.060017349718612396
46,30.0,0.01,0.2,final,2.0,2.0,100,inward_flux_median,0.3107510144842244,0.3107510144842244,1.0,3524.046647479074,-0.47377912645056197,9.787383799529707,0.020359432954936654,0.002004998482513122,0.1543361861829175,0.1543361861829175,0.6413324434920943,0.3107510144842244,0.06386536405796385
47,30.0,0.01,0.5,mid_assembly,0.25,0.24,12,hernquist_radius,0.2944252517842078,0.914455455357331,0.470016,1225.2501452870247,-1.838990184903962,6.069445767156715,0.03017433357015943,0.009299262728339109,0.0793510219268967,0.0793510219268967,0.1565460889482891,0.2944252517842078,0.17465918078853532
47,30.0,0.01,0.5,mid_assembly,0.25,0.24,12,inward_flux_median,0.914455455357331,0.914455455357331,0.470016,106.7853691536443,-4.050534444114386,3.663754894568667,0.10891578791275715,0.1767600642385464,0.19256842896157553,0.19256842896157553,0.2207480132951838,0.914455455357331,0.9801003562516775
47,30.0,0.01,0.5,assembly_end,0.5,0.5,25,hernquist_radius,0.2944252517842078,2.4156697177125928,1.0,3161.009605682252,-0.3247239588509687,9.182690610192052,0.020683381321727975,0.002382465103352075,0.132574005064362,0.132574005064362,0.8865583004090289,0.2944252517842078,0.07187369553356453
47,30.0,0.01,0.5,assembly_end,0.5,0.5,25,inward_flux_median,2.4156697177125928,2.4156697177125928,1.0,35.72737472901594,-4.034938297463838,5.098491829416882,0.26232718446065295,0.3796465721021805,0.40033649899024715,0.26193103676187246,0.5853926097491631,1.953972479508449,1.2176165855610437
47,30.0,0.01,0.5,final,2.0,2.0,100,hernquist_radius,0.2944252517842078,0.40700529109934575,1.0,3839.985078491631,-0.49984847517046926,9.963922766640437,0.019187283932666877,0.001807433911643223,0.14823525070303825,0.14823525070303825,0.5759479829618863,0.2944252517842078,0.0600976810437704
47,30.0,0.01,0.5,final,2.0,2.0,100,inward_flux_median,0.40700529109934575,0.40700529109934575,1.0,2045.5840761482996,-0.43832179432538754,9.301668354024343,0.027244560504645632,0.003634495458497413,0.16219327893028943,0.16219327893028943,0.9079325120768136,0.40700529109934575,0.08820299198036499
48,30.0,0.01,1.0,mid_assembly,0.5,0.5,25,hernquist_radius,0.2944252517842078,1.4862780196530472,0.5,1927.719955054127,-0.8189935046240037,6.549711827646304,0.028931812683702058,0.005477169488804061,0.11441122672114619,0.11441122672114619,0.3515128257252465,0.2944252517842078,0.12903534026688873
48,30.0,0.01,1.0,mid_assembly,0.5,0.5,25,inward_flux_median,1.4862780196530472,1.4862780196530472,0.5,63.00544795681745,-3.247815289513121,4.263078690043377,0.19202242411080797,0.25746657922368527,0.28652990041667975,0.28652990041667975,0.44746112611894745,1.4862780196530472,1.0965802869749393
48,30.0,0.01,1.0,assembly_end,1.0,1.0,50,hernquist_radius,0.2944252517842078,3.7199538765042663,1.0,4322.445702743588,-0.24666906459731167,9.250964650871238,0.020321438486955338,0.0017294409885108453,0.17973554507168743,0.17973554507168743,1.1670969828785893,0.2944252517842078,0.061010002199152064
48,30.0,0.01,1.0,assembly_end,1.0,1.0,50,inward_flux_median,3.7199538765042663,3.7199538765042663,1.0,22.11851621376204,-2.700629196175594,5.3887227639606525,0.45177793331919797,0.5802036882832683,0.6920046840677726,0.6920046840677726,1.3468498269248035,3.7199538765042663,1.4641615565834785
48,30.0,0.01,1.0,final,2.0,2.0,100,hernquist_radius,0.2944252517842078,0.8208948954705254,1.0,4086.5099621070053,-0.46907120507393407,9.93037922732395,0.019245846156716546,0.0017041347002362012,0.15825956931839538,0.15825956931839538,0.6137377821254881,0.2944252517842078,0.05845352693009795
48,30.0,0.01,1.0,final,2.0,2.0,100,inward_flux_median,0.8208948954705254,0.8208948954705254,1.0,473.3792457010023,-0.35320202669675105,8.107718755225713,0.06185885685016571,0.018018325458250918,0.18036421502882186,0.18036421502882186,2.2725369135485978,0.8208948954705254,0.21035340844397069
49,30.0,0.02,0.0,mid_assembly,0.02,0.02,1,hernquist_radius,0.593830575603711,0.4785337302041544,1.0,179.56170431839413,-2.9695167236778928,2.298603050274708,0.06045800529411048,0.16755007174747497,0.26657293851351893,0.26657293851351893,0.1955344831674763,0.593830575603711,1.2047085628630878
49,30.0,0.02,0.0,mid_assembly,0.02,0.02,1,inward_flux_median,0.4785337302041544,0.4785337302041544,1.0,226.30542812128894,-3.5928925979007342,2.226284701873689,0.049052554470983785,0.13726083695249147,0.20640735567744992,0.20640735567744992,0.130231156778498,0.4785337302041544,1.107961444569489
49,30.0,0.02,0.0,assembly_end,0.02,0.02,1,hernquist_radius,0.593830575603711,0.4785337302041544,1.0,179.56170431839413,-2.9695167236778928,2.298603050274708,0.06045800529411048,0.16755007174747497,0.26657293851351893,0.26657293851351893,0.1955344831674763,0.593830575603711,1.2047085628630878
49,30.0,0.02,0.0,assembly_end,0.02,0.02,1,inward_flux_median,0.4785337302041544,0.4785337302041544,1.0,226.30542812128894,-3.5928925979007342,2.226284701873689,0.049052554470983785,0.13726083695249147,0.20640735567744992,0.20640735567744992,0.130231156778498,0.4785337302041544,1.107961444569489
49,30.0,0.02,0.0,final,2.0,2.0,100,hernquist_radius,0.593830575603711,11.553805576908188,1.0,1258.7947671227878,-0.1920601560376481,7.100417432056813,0.05462087905798551,0.0077371943372434495,0.28148687168509107,0.28148687168509107,3.023234645856038,0.593830575603711,0.14729618184768772
49,30.0,0.02,0.0,final,2.0,2.0,100,inward_flux_median,11.553805576908188,11.553805576908188,1.0,4.871357190615265,-0.9766926688051268,4.950618002126846,1.672766519638015,2.867562707149035,6.064098444536124,6.064098444536124,11.566812759774086,11.553805576908188,3.3960058602310577
50,30.0,0.02,0.05,mid_assembly,0.025,0.02,1,hernquist_radius,0.593830575603711,0.40700529109934575,0.352,179.7227313105725,-0.3859547050864064,2.238566739981238,0.09956570505918969,0.17188946456372398,0.28191105012704937,0.28191105012704937,1.5044328004539853,0.593830575603711,1.236463451075871
50,30.0,0.02,0.05,mid_assembly,0.025,0.02,1,inward_flux_median,0.40700529109934575,0.40700529109934575,0.352,265.8319026312836,-0.5383585332678543,2.074489729018154,0.06964367585614745,0.1254018452660032,0.18638330015379775,0.18638330015379775,0.7392222528807986,0.40700529109934575,1.0970792390003714
50,30.0,0.02,0.05,assembly_end,0.05,0.06,3,hernquist_radius,0.593830575603711,0.6267582440104478,1.0,179.93421519461666,-4.800878408668128,2.5528519343925535,0.06032893176655672,0.15055075412632374,0.2155913102548027,0.2155913102548027,0.12094514136687286,0.593830575603711,1.0836033323963632
50,30.0,0.02,0.05,assembly_end,0.05,0.06,3,inward_flux_median,0.6267582440104478,0.6267582440104478,1.0,169.43736088850935,-4.581797982632457,2.5556625909475708,0.063679339287822,0.15970173024391737,0.2325025617696081,0.2325025617696081,0.1337552066221001,0.6267582440104478,1.1154361882245152
50,30.0,0.02,0.05,final,2.0,2.0,100,hernquist_radius,0.593830575603711,11.553805576908188,1.0,1252.751121434224,-0.1925994558329978,7.1011011421868035,0.05466020838412713,0.007773772325822984,0.28013106535595333,0.28013106535595333,3.0147692542029163,0.593830575603711,0.14763683857497809
50,30.0,0.02,0.05,final,2.0,2.0,100,inward_flux_median,11.553805576908188,11.553805576908188,1.0,4.853090187093924,-1.01058022250529,4.933073315861195,1.674121226928053,2.8885931936064253,6.122688057033479,6.122688057033479,11.178945493220168,11.553805576908188,3.4144918801936104
51,30.0,0.02,0.2,mid_assembly,0.1,0.1,5,hernquist_radius,0.593830575603711,0.593830575603711,0.5,180.70584222981861,-2.4700624915507796,2.611891712600309,0.08411078533487062,0.14651934035173275,0.20656419027012568,0.20656419027012568,0.2350721570031976,0.593830575603711,1.0568456670609263
51,30.0,0.02,0.2,mid_assembly,0.1,0.1,5,inward_flux_median,0.593830575603711,0.593830575603711,0.5,180.70584222981861,-2.4700624915507796,2.611891712600309,0.08411078533487062,0.14651934035173275,0.20656419027012568,0.20656419027012568,0.2350721570031976,0.593830575603711,1.0568456670609263
51,30.0,0.02,0.2,assembly_end,0.2,0.2,10,hernquist_radius,0.593830575603711,1.334212653481817,1.0,206.3387215371834,-7.6008365751806775,5.314255063070887,0.05929429169036482,0.0630665661804884,0.07228335037448899,0.049414018353085225,0.07639197502516124,0.49098531641126564,0.4860937898277835
51,30.0,0.02,0.2,assembly_end,0.2,0.2,10,inward_flux_median,1.334212653481817,1.334212653481817,1.0,71.89107735972654,-4.65681031416888,3.351680718833026,0.14367873334508754,0.2870018410717775,0.40453824000279964,0.40453824000279964,0.2801451351095972,1.334212653481817,1.3057279432447966
51,30.0,0.02,0.2,final,2.0,2.0,100,hernquist_radius,0.593830575603711,10.94680936663417,1.0,1232.6076136078643,-0.19731426130202123,7.117144914171272,0.054686412943948076,0.007883002440671995,0.27506207709409314,0.27506207709409314,2.942731630192543,0.593830575603711,0.14850278679374865
51,30.0,0.02,0.2,final,2.0,2.0,100,inward_flux_median,10.94680936663417,10.94680936663417,1.0,5.2959443756930975,-1.0261450686714237,4.97643494604039,1.5812241071039004,2.623980296244774,5.40998174478185,5.40998174478185,10.43098620039724,10.94680936663417,3.2401326966666164
52,30.0,0.02,0.5,mid_assembly,0.25,0.24,12,hernquist_radius,0.593830575603711,0.9651616453781562,0.470016,196.08363530860998,-3.671072226902655,3.531747777616287,0.08545239209127699,0.09985993641649418,0.12650930948483505,0.12650930948483505,0.15816711901400873,0.593830575603711,0.7503130150094729
52,30.0,0.02,0.5,mid_assembly,0.25,0.24,12,inward_flux_median,0.9651616453781562,0.9651616453781562,0.470016,106.38816584542262,-2.6904204021195746,3.1753369781249257,0.14218234983899802,0.2047100541249338,0.2830805801445616,0.2830805801445616,0.35077326531270103,0.9651616453781562,1.1329646345584434
52,30.0,0.02,0.5,assembly_end,0.5,0.5,25,hernquist_radius,0.593830575603711,2.4156697177125928,1.0,722.5466305626562,-0.6751769967993213,6.902352577496324,0.057607055422689284,0.013866258618879522,0.16865486336431676,0.16865486336431676,0.8599862266843716,0.593830575603711,0.19999666588950943
52,30.0,0.02,0.5,assembly_end,0.5,0.5,25,inward_flux_median,2.4156697177125928,2.4156697177125928,1.0,36.06647591239266,-3.926311929819806,4.283896152841123,0.2879175781848298,0.44758927565310697,0.5872668100327064,0.5662631819010847,0.60158823403458,2.372078128306421,1.4423213970655215
52,30.0,0.02,0.5,final,2.0,2.0,100,hernquist_radius,0.593830575603711,10.371702597188497,1.0,1222.50680641281,-0.2005189845121241,7.13540684661056,0.054661986221584025,0.007927792767478088,0.2721248149776248,0.2721248149776248,2.8957004706276406,0.593830575603711,0.14873338144684292
52,30.0,0.02,0.5,final,2.0,2.0,100,inward_flux_median,10.371702597188497,10.371702597188497,1.0,5.682906671239556,-1.1779829223959057,4.956971781978213,1.4964960543373331,2.4549087013417954,4.947052183718729,4.947052183718729,8.609097748625052,10.371702597188497,3.140155297611716
53,30.0,0.02,1.0,mid_assembly,0.5,0.5,25,hernquist_radius,0.593830575603711,1.655674862578336,0.5,366.11446225639975,-1.9023806946702764,4.776068099494712,0.0808759182633587,0.039548946602367525,0.13572019872746402,0.13572019872746402,0.30521909702314987,0.593830575603711,0.40604473396517815
53,30.0,0.02,1.0,mid_assembly,0.5,0.5,25,inward_flux_median,1.655674862578336,1.655674862578336,0.5,58.1685433438485,-2.413014778105243,3.6675658401567515,0.25077953163041256,0.32415760004650424,0.46926970225217485,0.46926970225217485,0.6709059625124676,1.655674862578336,1.3265719870569803
53,30.0,0.02,1.0,assembly_end,1.0,1.0,50,hernquist_radius,0.593830575603711,3.92622383424324,1.0,970.6462117732353,-0.30788033247519364,6.998165356861659,0.0565892137304281,0.010180688552990548,0.22151041988071926,0.22151041988071926,1.885937023497003,0.593830575603711,0.17019161261203536
53,30.0,0.02,1.0,assembly_end,1.0,1.0,50,inward_flux_median,3.92622383424324,3.92622383424324,1.0,20.37293034889027,-2.909258939626539,4.692860477581285,0.5111592210366687,0.723321164462094,1.0393959370819645,1.0393959370819645,1.3195907292437776,3.92622383424324,1.7518158147036398
53,30.0,0.02,1.0,final,2.0,2.0,100,hernquist_radius,0.593830575603711,9.310543963066504,1.0,1236.6339315982586,-0.19381842032990979,7.128082744406934,0.054721058928753015,0.007845279569750558,0.2755062903861041,0.2755062903861041,2.995808741156737,0.593830575603711,0.14803333506003447
53,30.0,0.02,1.0,final,2.0,2.0,100,inward_flux_median,9.310543963066504,9.310543963066504,1.0,6.562146241642229,-1.446607718808958,4.918097708699219,1.3379568493759142,2.1427882602086847,4.143353379768639,4.143353379768639,6.293190163674026,9.310543963066504,2.9453216539176186
54,30.0,0.04,0.0,mid_assembly,0.02,0.02,1,hernquist_radius,1.1977055309790143,0.8208948954705254,1.0,85.65788599023031,-0.7583380745301842,2.6567096630648317,0.1679706563676032,0.30388612296604706,0.585870894895703,0.585870894895703,1.5443074683819347,1.1977055309790143,1.5091244800273422
54,30.0,0.04,0.0,mid_assembly,0.02,0.02,1,inward_flux_median,0.8208948954705254,0.8208948954705254,1.0,128.34552153237468,-1.0624257542382227,2.4322432069011466,0.11811024054189762,0.2215310457003945,0.3907139638002351,0.3907139638002351,0.7555018695721174,0.8208948954705254,1.3466522985814664
54,30.0,0.04,0.0,assembly_end,0.02,0.02,1,hernquist_radius,1.1977055309790143,0.8208948954705254,1.0,85.65788599023031,-0.7583380745301842,2.6567096630648317,0.1679706563676032,0.30388612296604706,0.585870894895703,0.585870894895703,1.5443074683819347,1.1977055309790143,1.5091244800273422
54,30.0,0.04,0.0,assembly_end,0.02,0.02,1,inward_flux_median,0.8208948954705254,0.8208948954705254,1.0,128.34552153237468,-1.0624257542382227,2.4322432069011466,0.11811024054189762,0.2215310457003945,0.3907139638002351,0.3907139638002351,0.7555018695721174,0.8208948954705254,1.3466522985814664
54,30.0,0.04,0.0,final,2.0,2.0,100,hernquist_radius,1.1977055309790143,12.870637396137889,1.0,294.8201750773007,-0.11521513610956831,5.753923299981958,0.1496736432629496,0.04076627666205599,0.3627004821515217,0.3627004821515217,10.164525179587773,1.1977055309790143,0.3755866672256047
54,30.0,0.04,0.0,final,2.0,2.0,100,inward_flux_median,12.870637396137889,12.870637396137889,1.0,3.7969381379061855,-1.5461230507748223,4.5113336660793095,1.9091845874305067,4.037233282207244,9.608271087756728,9.608271087756728,8.139590912709552,12.870637396137889,4.221153304379884
55,30.0,0.04,0.05,mid_assembly,0.025,0.02,1,hernquist_radius,1.1977055309790143,0.5050682345509239,0.352,85.69583901431128,-0.09506841858637093,2.647372259614365,0.2649472562499184,0.3048228833123733,0.5907319066514153,0.5907319066514153,12.31857192398097,1.1977055309790143,1.514111834539826
55,30.0,0.04,0.05,mid_assembly,0.025,0.02,1,inward_flux_median,0.5050682345509239,0.5050682345509239,0.352,212.73289249838083,-0.18325678767550024,2.1589582035249086,0.12548816280598937,0.15057172846931405,0.23753343704154173,0.23753343704154173,2.6948622063397942,0.5050682345509239,1.1783960500914463
55,30.0,0.04,0.05,assembly_end,0.05,0.06,3,hernquist_radius,1.1977055309790143,0.914455455357331,1.0,85.5962552882576,-1.2922331290196067,2.735263004372751,0.1677998408314756,0.2953714118293341,0.5479385169497991,0.5479385169497991,0.9062661572094478,1.1977055309790143,1.466311906928162
55,30.0,0.04,0.05,assembly_end,0.05,0.06,3,inward_flux_median,0.914455455357331,0.914455455357331,1.0,114.70312124699689,-1.642170702141846,2.606842382146698,0.13004787013872604,0.23127692618954485,0.3980299983644774,0.3980299983644774,0.5444911604839534,0.914455455357331,1.3290779235071237
55,30.0,0.04,0.05,final,2.0,2.0,100,hernquist_radius,1.1977055309790143,12.870637396137889,1.0,294.0713508359586,-0.11579929886491395,5.753865015352541,0.14975886062666743,0.04087049804071993,0.3618789904453078,0.3618789904453078,10.113249074344555,1.1977055309790143,0.376068370147057
55,30.0,0.04,0.05,final,2.0,2.0,100,inward_flux_median,12.870637396137889,12.870637396137889,1.0,3.7938632796065352,-1.558616837900615,4.493182220586594,1.9114130232554147,4.056828120449591,9.719672608813744,9.719672608813744,8.07434439818363,12.870637396137889,4.239922961367825
56,30.0,0.04,0.2,mid_assembly,0.1,0.1,5,hernquist_radius,1.1977055309790143,1.0186794733977107,0.5,85.72118245027367,-0.639224959523995,2.778579631259375,0.2285318460545185,0.2903429698636324,0.5290430978698067,0.5290430978698067,1.8320735675393771,1.1977055309790143,1.4424006554359046
56,30.0,0.04,0.2,mid_assembly,0.1,0.1,5,inward_flux_median,1.0186794733977107,1.0186794733977107,0.5,102.17139243228726,-0.7343176709601797,2.7056761401451874,0.19646998376152972,0.25015961029494865,0.4344517596814651,0.4344517596814651,1.3564386434712092,1.0186794733977107,1.3567891670944447
56,30.0,0.04,0.2,assembly_end,0.2,0.2,10,hernquist_radius,1.1977055309790143,1.334212653481817,1.0,86.16623653583214,-3.1240704147533105,3.1508899241148276,0.16613975721637475,0.2547134976580941,0.40208131004211234,0.40208131004211234,0.3748657989668953,1.1977055309790143,1.2686769269464186
56,30.0,0.04,0.2,assembly_end,0.2,0.2,10,inward_flux_median,1.334212653481817,1.334212653481817,1.0,75.95316102733257,-2.867044424157767,3.1397909315610057,0.1849094446068012,0.28998513221733646,0.47712037598970936,0.47712037598970936,0.45502704584908743,1.334212653481817,1.3560608504237748
56,30.0,0.04,0.2,final,2.0,2.0,100,hernquist_radius,1.1977055309790143,12.194459484776724,1.0,292.1646027028752,-0.11681343396303859,5.755013429639621,0.14991796744370206,0.04112902142880224,0.3596891495718294,0.3596891495718294,10.025449234082908,1.1977055309790143,0.3772182492605142
56,30.0,0.04,0.2,final,2.0,2.0,100,inward_flux_median,12.194459484776724,12.194459484776724,1.0,4.14613219872734,-1.5880228776506546,4.5238326287271455,1.8092548697316,3.686995789506039,8.607754986431054,8.607754986431054,7.508486054971847,12.194459484776724,4.028327155619683
57,30.0,0.04,0.5,mid_assembly,0.25,0.24,12,hernquist_radius,1.1977055309790143,1.4862780196530472,0.470016,86.93083811198107,-1.1331924504286544,3.0239260260703382,0.2332296069188623,0.2630736110283913,0.44098388972348795,0.44098388972348795,1.0334583076443398,1.1977055309790143,1.3161177281573737
57,30.0,0.04,0.5,mid_assembly,0.25,0.24,12,inward_flux_median,1.4862780196530472,1.4862780196530472,0.470016,67.97852038914652,-0.9628448881533556,3.070642015563057,0.2871849508195994,0.3312999879380666,0.5965931598384425,0.5965931598384425,1.5093511995053657,1.4862780196530472,1.4656753825498425
57,30.0,0.04,0.5,assembly_end,0.5,0.5,25,hernquist_radius,1.1977055309790143,2.5496176394142833,1.0,100.05304575459189,-4.218357594125968,4.6627538210600346,0.1599626665164565,0.14823457595028924,0.20669945644839874,0.20669945644839874,0.27762159227233313,1.1977055309790143,0.7956007646511566
57,30.0,0.04,0.5,assembly_end,0.5,0.5,25,inward_flux_median,2.5496176394142833,2.5496176394142833,1.0,35.445527405539316,-2.8952310597492112,3.72798246803972,0.35832543762492963,0.5233437134492287,0.8987165170053153,0.8987165170053153,0.86106989205047,2.5496176394142833,1.6718536308274623
57,30.0,0.04,0.5,final,2.0,2.0,100,hernquist_radius,1.1977055309790143,11.553805576908188,1.0,290.7473677983835,-0.11604787617483833,5.753985930837852,0.15001642758265654,0.0413368832628287,0.35820365268232235,0.35820365268232235,10.09158625437439,1.1977055309790143,0.37820402274516657
57,30.0,0.04,0.5,final,2.0,2.0,100,inward_flux_median,11.553805576908188,11.553805576908188,1.0,4.511017329846694,-1.66069543907015,4.48942960919867,1.71887848692745,3.4147322297246534,7.9456842746526855,7.9456842746526855,6.802705034367074,11.553805576908188,3.8915661853391237
58,30.0,0.04,1.0,mid_assembly,0.5,0.5,25,hernquist_radius,1.1977055309790143,2.1685156218332304,0.5,93.34843617702263,-1.6102120286970405,3.4735258594996483,0.22441036121371052,0.2132773482908694,0.3411344162301921,0.3411344162301921,0.7272999649636092,1.1977055309790143,1.1056782727466925
58,30.0,0.04,1.0,mid_assembly,0.5,0.5,25,inward_flux_median,2.1685156218332304,2.1685156218332304,0.5,44.792816650932004,-1.1391160904078892,3.4192668166386264,0.40496515383376996,0.4515241166451356,0.8587687544067149,0.8587687544067149,1.861406159983716,2.1685156218332304,1.6214951632858248
58,30.0,0.04,1.0,assembly_end,1.0,1.0,50,hernquist_radius,1.1977055309790143,4.143931378812086,1.0,222.81942349571634,-0.6910208985120736,5.496141173678168,0.15402896674975883,0.056469168127037686,0.3003457254293053,0.3003457254293053,1.694749253715773,1.1977055309790143,0.4522915070122133
58,30.0,0.04,1.0,assembly_end,1.0,1.0,50,inward_flux_median,4.143931378812086,4.143931378812086,1.0,19.500788997942657,-2.5230329058735452,4.149829195587061,0.5994646049366043,0.8545547858232037,1.5545109293016004,1.5545109293016004,1.6059655266281683,4.143931378812086,2.0248670904654604
58,30.0,0.04,1.0,final,2.0,2.0,100,hernquist_radius,1.1977055309790143,10.371702597188497,1.0,289.7458077849939,-0.11521798818333964,5.745912021723466,0.15012967446201836,0.041538057447050934,0.35770645548083174,0.35770645548083174,10.1642735697817,1.1977055309790143,0.37938947872463186
58,30.0,0.04,1.0,final,2.0,2.0,100,inward_flux_median,10.371702597188497,10.371702597188497,1.0,5.339709815529686,-1.772445969774321,4.4336463539081095,1.5484229075717486,2.9210810718336098,6.7243941077025875,6.7243941077025875,5.721680828673506,10.371702597188497,3.621870835531566
59,30.0,0.07,0.0,mid_assembly,0.02,0.02,1,hernquist_radius,2.0545894565008713,1.2641178246418958,1.0,47.31479100926705,-0.25343003631296507,3.014256201969685,0.35820273492330335,0.4848922316022579,1.0613139408924326,1.0613139408924326,7.927085591516117,2.0545894565008713,1.7896751551789678
59,30.0,0.07,0.0,mid_assembly,0.02,0.02,1,inward_flux_median,1.2641178246418958,1.2641178246418958,1.0,80.89442935956197,-0.38511482619998233,2.687593117071205,0.23372866477502632,0.3180827956146889,0.6230220517749385,0.6230220517749385,3.209548145469302,1.2641178246418958,1.5350764435014863
59,30.0,0.07,0.0,assembly_end,0.02,0.02,1,hernquist_radius,2.0545894565008713,1.2641178246418958,1.0,47.31479100926705,-0.25343003631296507,3.014256201969685,0.35820273492330335,0.4848922316022579,1.0613139408924326,1.0613139408924326,7.927085591516117,2.0545894565008713,1.7896751551789678
59,30.0,0.07,0.0,assembly_end,0.02,0.02,1,inward_flux_median,1.2641178246418958,1.2641178246418958,1.0,80.89442935956197,-0.38511482619998233,2.687593117071205,0.23372866477502632,0.3180827956146889,0.6230220517749385,0.6230220517749385,3.209548145469302,1.2641178246418958,1.5350764435014863
59,30.0,0.07,0.0,final,2.0,2.0,100,hernquist_radius,2.0545894565008713,12.870637396137889,1.0,107.29523274713138,-0.016589133741835852,5.08978974816552,0.3158971411112432,0.1266315861886931,0.5532369977698995,0.5532369977698995,121.10105449614564,2.0545894565008713,0.7038219056704843
59,30.0,0.07,0.0,final,2.0,2.0,100,inward_flux_median,12.870637396137889,12.870637396137889,1.0,3.791379077760944,-1.5687440857975776,4.3636047156100775,1.9562814398386468,4.180032939667319,10.572697391462496,10.572697391462496,8.02221933325675,12.870637396137889,4.367257792124621
60,30.0,0.07,0.05,mid_assembly,0.025,0.02,1,hernquist_radius,2.0545894565008713,0.40700529109934575,0.352,47.3213066609953,-0.031505303129531925,3.0122283038729405,0.5212515199616505,0.48515186211308325,1.0631041732236899,1.0631041732236899,63.76582320297641,2.0545894565008713,1.7907567066890637
60,30.0,0.07,0.05,mid_assembly,0.025,0.02,1,inward_flux_median,0.40700529109934575,0.40700529109934575,0.352,265.7148667440749,-0.07537378782850446,2.0675376681488107,0.14874251623455764,0.1258789266794901,0.18759353912085222,0.18759353912085222,5.279907236788286,0.40700529109934575,1.101010543266528
60,30.0,0.07,0.05,assembly_end,0.05,0.06,3,hernquist_radius,2.0545894565008713,1.4081942126045655,1.0,47.30313941255822,-0.43461732861787766,3.044767321628516,0.35802426146268057,0.48015144580514385,1.0354425351230143,1.0354425351230143,4.622368822022332,2.0545894565008713,1.771959302713837
60,30.0,0.07,0.05,assembly_end,0.05,0.06,3,inward_flux_median,1.4081942126045655,1.4081942126045655,1.0,71.99865121002915,-0.6020098351852309,2.8141934753046103,0.25593368387165094,0.34130606305451694,0.6678612796878488,0.6678612796878488,2.28720739633263,1.4081942126045655,1.5539487922181119
60,30.0,0.07,0.05,final,2.0,2.0,100,hernquist_radius,2.0545894565008713,12.870637396137889,1.0,107.17343378236309,-0.017004870308022158,5.088926492384536,0.3159913278100562,0.12679700413778702,0.5529380092993121,0.5529380092993121,118.14036525560392,2.0545894565008713,0.7043411870061979
60,30.0,0.07,0.05,final,2.0,2.0,100,inward_flux_median,12.870637396137889,12.870637396137889,1.0,3.7921734266317086,-1.5697548296696153,4.349621884114497,1.9587160487354356,4.192592180774097,10.671010516256395,10.671010516256395,8.017053934891365,12.870637396137889,4.380838417649487
61,30.0,0.07,0.2,mid_assembly,0.1,0.1,5,hernquist_radius,2.0545894565008713,1.655674862578336,0.5,47.32650237764146,-0.2118048898655845,3.0673516073156604,0.4649275426497812,0.47638090444911113,1.0171069098910837,1.0171069098910837,9.484963215857944,2.0545894565008713,1.7584785253223059
61,30.0,0.07,0.2,mid_assembly,0.1,0.1,5,inward_flux_median,1.655674862578336,1.655674862578336,0.5,60.260934427636855,-0.2515321179887655,2.9418644559993736,0.3866248539286269,0.39008908169040507,0.7849897042005604,0.7849897042005604,6.436180060050278,1.655674862578336,1.6248461489269217
61,30.0,0.07,0.2,assembly_end,0.2,0.2,10,hernquist_radius,2.0545894565008713,1.9466485702306768,1.0,47.31944243512753,-1.1319656142703078,3.180942825651556,0.35621138610868486,0.45943791654974026,0.9314378572130542,0.9314378572130542,1.774754960740514,2.0545894565008713,1.6958098865134623
61,30.0,0.07,0.2,assembly_end,0.2,0.2,10,inward_flux_median,1.9466485702306768,1.9466485702306768,1.0,50.35144136568398,-1.1837208543603117,3.1602600211988703,0.33895984042412075,0.4345978678423546,0.8654520257764988,0.8654520257764988,1.6079955196414961,1.9466485702306768,1.6547182797463675
61,30.0,0.07,0.2,final,2.0,2.0,100,hernquist_radius,2.0545894565008713,12.870637396137889,1.0,106.84634085719544,-0.018139399955119137,5.086316950095769,0.31619438526673566,0.1272504253541726,0.5521846306810045,0.5521846306810045,110.75127039949085,2.0545894565008713,0.7057803928749483
61,30.0,0.07,0.2,final,2.0,2.0,100,inward_flux_median,12.870637396137889,12.870637396137889,1.0,3.79692368739957,-1.5671932177050387,4.309000050324728,1.9660308881133142,4.226821890963595,10.964248239871464,10.964248239871464,8.030157986802939,12.870637396137889,4.419370393760495
62,30.0,0.07,0.5,mid_assembly,0.25,0.24,12,hernquist_radius,2.0545894565008713,2.5496176394142833,0.470016,47.53498245263387,-0.3792593360454584,3.167065233807138,0.473616479950514,0.4593587241326241,0.9425561232614015,0.9425561232614015,5.297065618110759,2.0545894565008713,1.699374736259576
62,30.0,0.07,0.5,mid_assembly,0.25,0.24,12,inward_flux_median,2.5496176394142833,2.5496176394142833,0.470016,37.03106974837236,-0.32770820450459925,3.2667040732444974,0.5713508133953253,0.5716711341443056,1.2553285972233266,1.2553285972233266,7.607366131855368,2.5496176394142833,1.8666371815062384
62,30.0,0.07,0.5,assembly_end,0.5,0.5,25,hernquist_radius,2.0545894565008713,2.840207403289166,1.0,49.08919780827204,-2.1126692056998566,3.613230103526616,0.34825845417860773,0.3898888008252839,0.6996966389368332,0.6996966389368332,0.9509115690681023,2.0545894565008713,1.4657646646908187
62,30.0,0.07,0.5,assembly_end,0.5,0.5,25,inward_flux_median,2.840207403289166,2.840207403289166,1.0,32.4914174689,-1.7305449163285223,3.5712630367064024,0.47569122930984276,0.5959801822611427,1.2073212575610603,1.2073212575610603,1.6047735488936217,2.840207403289166,1.8228320982405863
62,30.0,0.07,0.5,final,2.0,2.0,100,hernquist_radius,2.0545894565008713,12.194459484776724,1.0,106.32580181531458,-0.020795099500952634,5.079451074623115,0.31642679242117555,0.1280462510536246,0.5514502546088296,0.5514502546088296,96.6074525982374,2.0545894565008713,0.7084622606255321
62,30.0,0.07,0.5,final,2.0,2.0,100,inward_flux_median,12.194459484776724,12.194459484776724,1.0,4.15629820312995,-1.5916674934385362,4.281313983860385,1.8726690231870549,3.8863198145629427,10.082299597316865,10.082299597316865,7.491293050194248,12.194459484776724,4.251306397128407
63,30.0,0.07,1.0,mid_assembly,0.5,0.5,25,hernquist_radius,2.0545894565008713,3.524520615108113,0.5,49.49992302563518,-0.5128968197056368,3.3423505605661505,0.46186826473136106,0.41798990529483754,0.840010779951516,0.840010779951516,3.916892271757311,2.0545894565008713,1.5779693919238125
63,30.0,0.07,1.0,mid_assembly,0.5,0.5,25,inward_flux_median,3.524520615108113,3.524520615108113,0.5,25.346895998306625,-0.44087680042692284,3.508080150248388,0.7438885099977425,0.7777285206167402,1.831037321007501,1.831037321007501,7.816806961194443,3.524520615108113,2.100975251517447
63,30.0,0.07,1.0,assembly_end,1.0,1.0,50,hernquist_radius,2.0545894565008713,4.373710719835535,1.0,58.42966523162304,-2.1707117607448807,4.366790243873211,0.33398386853159795,0.2710357547300778,0.5025296133157003,0.5025296133157003,0.9254851913754483,2.0545894565008713,1.111664673809872
63,30.0,0.07,1.0,assembly_end,1.0,1.0,50,inward_flux_median,4.373710719835535,4.373710719835535,1.0,19.056835774105735,-1.8059186306549724,3.920447421743772,0.7113146777437444,0.9256267363495094,1.9934893752192022,1.9934893752192022,2.368091368649338,4.373710719835535,2.1681623861394512
63,30.0,0.07,1.0,final,2.0,2.0,100,hernquist_radius,2.0545894565008713,10.371702597188497,1.0,105.37969101565481,-0.03156844054856336,5.065536416287602,0.31686404274516655,0.1295507563948697,0.5503625022496624,0.5503625022496624,63.63829046998451,2.0545894565008713,0.7135902920191116
63,30.0,0.07,1.0,final,2.0,2.0,100,inward_flux_median,10.371702597188497,10.371702597188497,1.0,5.407281703766597,-1.6731354658568602,4.283369197645585,1.6037353585726715,2.9857800422374576,7.422417349332754,7.422417349332754,6.06129648917798,10.371702597188497,3.725442187350838
64,30.0,0.1,0.0,mid_assembly,0.02,0.02,1,hernquist_radius,2.9976957702140035,1.5686915426374495,1.0,30.60399314248659,-0.12170439269819651,3.273228066119017,0.5751088366173699,0.6903478130137701,1.648706071262306,1.648706071262306,24.083959026436112,2.9976957702140035,2.0492149755640203
64,30.0,0.1,0.0,mid_assembly,0.02,0.02,1,inward_flux_median,1.5686915426374495,1.5686915426374495,1.0,63.92119313926239,-0.20866405435655394,2.8292622614155563,0.3360133562246193,0.3823879835047014,0.7874644639244495,0.7874644639244495,7.350831906996152,1.5686915426374495,1.6404280707010057
64,30.0,0.1,0.0,assembly_end,0.02,0.02,1,hernquist_radius,2.9976957702140035,1.5686915426374495,1.0,30.60399314248659,-0.12170439269819651,3.273228066119017,0.5751088366173699,0.6903478130137701,1.648706071262306,1.648706071262306,24.083959026436112,2.9976957702140035,2.0492149755640203
64,30.0,0.1,0.0,assembly_end,0.02,0.02,1,inward_flux_median,1.5686915426374495,1.5686915426374495,1.0,63.92119313926239,-0.20866405435655394,2.8292622614155563,0.3360133562246193,0.3823879835047014,0.7874644639244495,0.7874644639244495,7.350831906996152,1.5686915426374495,1.6404280707010057
64,30.0,0.1,0.0,final,2.0,2.0,100,hernquist_radius,2.9976957702140035,13.584309102806959,1.0,56.64626904105613,0.041196481689728136,4.783766976798401,0.504860553021483,0.2552001871428716,0.8798393116832276,0.8798393116832276,inf,2.9976957702140035,1.0306166717512766
64,30.0,0.1,0.0,final,2.0,2.0,100,inward_flux_median,13.584309102806959,13.584309102806959,1.0,3.518109672766006,-1.4184252588631778,4.253438310357891,2.1134748294333403,4.62139194839666,12.626129440146954,12.626129440146954,9.364350849390389,13.584309102806959,4.651124984609862
65,30.0,0.1,0.05,mid_assembly,0.025,0.02,1,hernquist_radius,2.9976957702140035,0.06497182339110198,0.352,30.60614798765512,-0.015128047852280332,3.2725350535909534,0.773570550796046,0.69044539072594,1.6496224126052912,1.6496224126052912,193.75425274311456,2.9976957702140035,2.049576775483849
65,30.0,0.1,0.05,mid_assembly,0.025,0.02,1,inward_flux_median,0.06497182339110198,0.06497182339110198,0.352,1422.4107914768642,-0.626485100326031,2.0048129473855987,0.023420325272692555,0.024250651960682136,0.015860990518870428,0.015860990518870428,0.10140535426489183,0.06497182339110198,0.49075694886701143
65,30.0,0.1,0.05,assembly_end,0.05,0.06,3,hernquist_radius,2.9976957702140035,1.8443785175627527,1.0,30.599765712659632,-0.20933698404646367,3.2866133086480223,0.574951255448336,0.6876312492134343,1.631602206764308,1.631602206764308,14.00193864658943,2.9976957702140035,2.0410102002763812
65,30.0,0.1,0.05,assembly_end,0.05,0.06,3,inward_flux_median,1.8443785175627527,1.8443785175627527,1.0,53.44319379915643,-0.315089778268642,2.974570782755369,0.3821588159407752,0.43501637381618863,0.9145172208043356,0.9145172208043356,5.72350832266742,1.8443785175627527,1.706405827332045
65,30.0,0.1,0.05,final,2.0,2.0,100,hernquist_radius,2.9976957702140035,12.870637396137889,1.0,56.59347743832748,0.039988064393725174,4.7823742821750965,0.5049443891794552,0.25551263052761314,0.8798950469888607,0.8798950469888607,inf,2.9976957702140035,1.031397520324476
65,30.0,0.1,0.05,final,2.0,2.0,100,inward_flux_median,12.870637396137889,12.870637396137889,1.0,3.8428264266296495,-1.4574282075259475,4.284277847737691,2.00374523656467,4.2004316166318025,11.155486143965964,11.155486143965964,8.634942749859915,12.870637396137889,4.418245285673956
66,30.0,0.1,0.2,mid_assembly,0.1,0.1,5,hernquist_radius,2.9976957702140035,2.2887589475628984,0.5,30.60657831396194,-0.10271465698470336,3.2975153558804093,0.7104321228184552,0.6852052928906271,1.6179902107092419,1.6179902107092419,28.53656618370608,2.9976957702140035,2.034035922988862
66,30.0,0.1,0.2,mid_assembly,0.1,0.1,5,inward_flux_median,2.2887589475628984,2.2887589475628984,0.5,41.88112907883599,-0.1259058415320022,3.131216799969671,0.5736831100414248,0.5273400983902892,1.1603405384188497,1.1603405384188497,17.774637530701728,2.2887589475628984,1.831177764732266
66,30.0,0.1,0.2,assembly_end,0.2,0.2,10,hernquist_radius,2.9976957702140035,2.5496176394142833,1.0,30.58957147025256,-0.5574379674824427,3.3457510930017573,0.5733185171761612,0.6757021397342841,1.5592231338037026,1.5592231338037026,5.258205895659546,2.9976957702140035,2.0052684014578595
66,30.0,0.1,0.2,assembly_end,0.2,0.2,10,inward_flux_median,2.5496176394142833,2.5496176394142833,1.0,37.02662587548635,-0.6357881075529042,3.2645248854076008,0.49842272467112886,0.5721214019992573,1.2573693793187226,1.2573693793187226,3.9211118711778954,2.5496176394142833,1.867995315723696
66,30.0,0.1,0.2,final,2.0,2.0,100,hernquist_radius,2.9976957702140035,12.870637396137889,1.0,56.432963245221735,0.03597031229577539,4.777948277915959,0.5051520563727422,0.2564767585579239,0.8801341693543276,0.8801341693543276,inf,2.9976957702140035,1.0338200807765572
66,30.0,0.1,0.2,final,2.0,2.0,100,inward_flux_median,12.870637396137889,12.870637396137889,1.0,3.851603992817927,-1.4431358898737838,4.252546775958977,2.011108518593341,4.222129873034678,11.398662329229248,11.398662329229248,8.72046022992206,12.870637396137889,4.446137832285116
67,30.0,0.1,0.5,mid_assembly,0.25,0.24,12,hernquist_radius,2.9976957702140035,3.92622383424324,0.470016,30.66007581064103,-0.18864377647701577,3.3447579109236054,0.7209962335920272,0.6743485092147785,1.5612345699003851,1.5612345699003851,15.537876000048064,2.9976957702140035,2.0035562213887737
67,30.0,0.1,0.5,mid_assembly,0.25,0.24,12,inward_flux_median,3.92622383424324,3.92622383424324,0.470016,22.111685947658366,-0.15829544000367418,3.4877242508340345,0.894938888862853,0.8967230166426015,2.2431581893313997,2.2431581893313997,24.252316589862957,3.92622383424324,2.2625582319247033
67,30.0,0.1,0.5,assembly_end,0.5,0.5,25,hernquist_radius,2.9976957702140035,3.524520615108113,1.0,30.980837340325166,-1.1409798510773799,3.5301796783852537,0.5656475018806219,0.6323133535102609,1.3668509096659258,1.3668509096659258,2.5689529962452156,2.9976957702140035,1.8884672123967545
67,30.0,0.1,0.5,assembly_end,0.5,0.5,25,inward_flux_median,3.524520615108113,3.524520615108113,1.0,25.270867555521384,-1.0300707799508009,3.565145338198842,0.6537204528451327,0.7675822528104983,1.7557482072732653,1.7557482072732653,3.345642755511331,3.524520615108113,2.0704536867897216
67,30.0,0.1,0.5,final,2.0,2.0,100,hernquist_radius,2.9976957702140035,12.194459484776724,1.0,56.06485186749218,0.02251944535692707,4.767491733262776,0.505587791846816,0.25872696141452955,0.8808019172752082,0.8808019172752082,inf,2.9976957702140035,1.03948337349509
67,30.0,0.1,0.5,final,2.0,2.0,100,inward_flux_median,12.194459484776724,12.194459484776724,1.0,4.223511895269209,-1.4484402215623746,4.227818020381944,1.9192199769475347,3.8728645526408436,10.46387496113915,10.46387496113915,8.23206056716282,12.194459484776724,4.270706136033539
68,30.0,0.1,1.0,mid_assembly,0.5,0.5,25,hernquist_radius,2.9976957702140035,5.427502786848501,0.5,31.20129357447991,-0.2691867918230402,3.4375799999453496,0.707814838601908,0.6447582412466031,1.4632982381329052,1.4632982381329052,10.888809169387244,2.9976957702140035,1.9324742759164022
68,30.0,0.1,1.0,mid_assembly,0.5,0.5,25,inward_flux_median,5.427502786848501,5.427502786848501,0.5,14.676071355985933,-0.23220305652109735,3.6818969252218166,1.1463891399793236,1.2797963723022647,3.4607077424687915,3.4607077424687915,22.854867147922718,5.427502786848501,2.6307301478006835
68,30.0,0.1,1.0,assembly_end,1.0,1.0,50,hernquist_radius,2.9976957702140035,4.872199413075837,1.0,34.63594758493763,-1.3489186881806998,3.8909862023791293,0.5507323618392809,0.5131396234649531,1.114109242637678,1.114109242637678,2.1729431379098845,2.9976957702140035,1.620427510444872
68,30.0,0.1,1.0,assembly_end,1.0,1.0,50,inward_flux_median,4.872199413075837,4.872199413075837,1.0,16.948778044379882,-1.253220852554884,3.840681042003769,0.8597048477568316,1.062369714738063,2.5516405310577506,2.5516405310577506,3.8014039415886773,4.872199413075837,2.346796314369139
68,30.0,0.1,1.0,final,2.0,2.0,100,hernquist_radius,2.9976957702140035,10.371702597188497,1.0,54.97106207775023,-0.033181598856802545,4.741064407466082,0.507270703112011,0.2653458700803053,0.8811858528683492,0.8811858528683492,88.33581587584489,2.9976957702140035,1.0556256058075832
68,30.0,0.1,1.0,final,2.0,2.0,100,inward_flux_median,10.371702597188497,10.371702597188497,1.0,5.51871232375834,-1.4874519247821827,4.217899023379463,1.6548163777879268,2.9709023766169236,7.766927682571543,7.766927682571543,6.817948167704593,10.371702597188497,3.744878905070224
69,30.0,0.15,0.0,mid_assembly,0.02,0.02,1,hernquist_radius,4.616231233608883,1.8443785175627527,1.0,18.05942449161197,-0.05271272059732497,3.555721912571383,0.9320336947697285,1.0769378011902517,2.8411297158638913,2.8411297158638913,85.62857205157684,4.616231233608883,2.4556874688170294
69,30.0,0.15,0.0,mid_assembly,0.02,0.02,1,inward_flux_median,1.8443785175627527,1.8443785175627527,1.0,53.4233524755108,-0.10784977924254115,2.938773774577167,0.4626439154179829,0.44047881156788415,0.9415353350047846,0.9415353350047846,16.721582380361973,1.8443785175627527,1.7275121512956473
69,30.0,0.15,0.0,assembly_end,0.02,0.02,1,hernquist_radius,4.616231233608883,1.8443785175627527,1.0,18.05942449161197,-0.05271272059732497,3.555721912571383,0.9320336947697285,1.0769378011902517,2.8411297158638913,2.8411297158638913,85.62857205157684,4.616231233608883,2.4556874688170294
69,30.0,0.15,0.0,assembly_end,0.02,0.02,1,inward_flux_median,1.8443785175627527,1.8443785175627527,1.0,53.4233524755108,-0.10784977924254115,2.938773774577167,0.4626439154179829,0.44047881156788415,0.9415353350047846,0.9415353350047846,16.721582380361973,1.8443785175627527,1.7275121512956473
69,30.0,0.15,0.0,final,2.0,2.0,100,hernquist_radius,4.616231233608883,13.584309102806959,1.0,27.625141036116677,0.031759863246613125,4.526315162816668,0.8224100385163523,0.5530609835038681,1.7205931345427923,1.7205931345427923,inf,4.616231233608883,1.559752869339885
69,30.0,0.15,0.0,final,2.0,2.0,100,inward_flux_median,13.584309102806959,13.584309102806959,1.0,3.6001745262514238,-1.2111579384735178,4.209692405234854,2.178378673244424,4.562978234570052,13.025516576009267,13.025516576009267,10.96688660966293,13.584309102806959,4.645588031799639
70,30.0,0.15,0.05,mid_assembly,0.025,0.02,1,hernquist_radius,4.616231233608883,0.03787477444075044,0.352,18.059976434262374,-0.006564825600255825,3.555524924651009,1.1387795950177946,1.0769645523125861,2.8415635401211055,2.8415635401211055,687.5605337523033,4.616231233608883,2.4557859947857317
70,30.0,0.15,0.05,mid_assembly,0.025,0.02,1,inward_flux_median,0.03787477444075044,0.03787477444075044,0.352,1963.3760420795531,-1.8423071701795466,2.19182148587155,0.01082884328937868,0.016069917550767226,0.006363790327744941,0.006363790327744941,0.02010178348405979,0.03787477444075044,0.3820726159087484
70,30.0,0.15,0.05,assembly_end,0.05,0.06,3,hernquist_radius,4.616231233608883,2.2887589475628984,1.0,18.058215140068413,-0.09114860631934678,3.558703594776795,0.931921968417493,1.0761075437469776,2.834763641188727,2.834763641188727,49.52039505561392,4.616231233608883,2.4537121135547104
70,30.0,0.15,0.05,assembly_end,0.05,0.06,3,inward_flux_median,2.2887589475628984,2.2887589475628984,1.0,41.88050605278889,-0.15896846474697016,3.1106507636340823,0.5412160935233903,0.5308344988876068,1.1793636065434898,1.1793636065434898,14.077827950288263,2.2887589475628984,1.8432982887197749
70,30.0,0.15,0.05,final,2.0,2.0,100,hernquist_radius,4.616231233608883,13.584309102806959,1.0,27.569506048413135,0.025697294972358065,4.523707067497088,0.8226697046037659,0.5544965599438824,1.7217473429709866,1.7217473429709866,inf,4.616231233608883,1.5622260248828692
70,30.0,0.15,0.05,final,2.0,2.0,100,inward_flux_median,13.584309102806959,13.584309102806959,1.0,3.60335456313308,-1.2042038138326903,4.2027458868084375,2.1806988599150565,4.566486582827951,13.08851516937634,13.08851516937634,11.030218992046514,13.584309102806959,4.651212746460083
71,30.0,0.15,0.2,mid_assembly,0.1,0.1,5,hernquist_radius,4.616231233608883,2.9976957702140035,0.5,18.05959367576041,-0.04586619127191614,3.561177455635913,1.0794881197860664,1.075277913744413,2.829560473883994,2.829560473883994,98.41050387077654,4.616231233608883,2.4519139953145355
71,30.0,0.15,0.2,mid_assembly,0.1,0.1,5,inward_flux_median,2.9976957702140035,2.9976957702140035,0.5,30.612714471533085,-0.061515014636201445,3.296991827921142,0.789310648054838,0.6851767287483459,1.6187178693851219,1.6187178693851219,47.648913430570744,2.9976957702140035,2.0341550082175215
71,30.0,0.15,0.2,assembly_end,0.2,0.2,10,hernquist_radius,4.616231233608883,3.7199538765042663,1.0,18.051717328869827,-0.24896697418995453,3.5743431378824013,0.9307283126589075,1.071784689525585,2.801703225357903,2.801703225357903,18.129774073001535,4.616231233608883,2.4434155344637154
71,30.0,0.15,0.2,assembly_end,0.2,0.2,10,inward_flux_median,3.7199538765042663,3.7199538765042663,1.0,23.625270793341162,-0.29617496176710545,3.4561959903797237,0.783199247300095,0.8469293015221431,2.088897671284225,2.088897671284225,12.2810582763487,3.7199538765042663,2.2088492435012044
71,30.0,0.15,0.2,final,2.0,2.0,100,hernquist_radius,4.616231233608883,12.870637396137889,1.0,27.38210243911535,0.004128592239800849,4.5150261769172815,0.8235538317371387,0.5593649531033443,1.7255687289127266,1.7255687289127266,inf,4.616231233608883,1.5705767617762527
71,30.0,0.15,0.2,final,2.0,2.0,100,inward_flux_median,12.870637396137889,12.870637396137889,1.0,3.9458323676354223,-1.2220162655229654,4.205252711033622,2.0779175144974826,4.167653315860097,11.78882504192539,11.78882504192539,10.29839740196241,12.870637396137889,4.442131598293257
72,30.0,0.15,0.5,mid_assembly,0.25,0.24,12,hernquist_radius,4.616231233608883,5.427502786848501,0.470016,18.068067945758553,-0.0900428028270399,3.574072999514494,1.0901039111730417,1.0708957179440068,2.8026978608009347,2.8026978608009347,50.12854833465056,4.616231233608883,2.442494301828271
72,30.0,0.15,0.5,mid_assembly,0.25,0.24,12,inward_flux_median,5.427502786848501,5.427502786848501,0.470016,14.666261769830175,-0.08161952730244858,3.660554949133591,1.2281553936771972,1.2881189015068781,3.5151321979423438,3.5151321979423438,65.0208373354799,5.427502786848501,2.646952749143259
72,30.0,0.15,0.5,assembly_end,0.5,0.5,25,hernquist_radius,4.616231233608883,5.142360925931856,1.0,18.103221759628855,-0.5489512250326367,3.634275071772279,0.924637350515072,1.0511111646244646,2.682022765219271,2.682022765219271,8.222433593138128,4.616231233608883,2.3997008451142645
72,30.0,0.15,0.5,assembly_end,0.5,0.5,25,inward_flux_median,5.142360925931856,5.142360925931856,1.0,15.72945678608236,-0.5114146427299366,3.6764786424102422,1.0101439516049955,1.1958495479891056,3.1525306916107128,3.1525306916107128,9.831866541034133,5.142360925931856,2.5448601764965786
72,30.0,0.15,0.5,final,2.0,2.0,100,hernquist_radius,4.616231233608883,12.194459484776724,1.0,26.86140773976099,-0.06261473806392312,4.492010078418905,0.8262180711547265,0.5731295812128971,1.7353971529840244,1.7353971529840244,72.0871017474296,4.616231233608883,1.5938510348948014
72,30.0,0.15,0.5,final,2.0,2.0,100,inward_flux_median,12.194459484776724,12.194459484776724,1.0,4.3320173436771325,-1.2093699170923096,4.1832710394166,1.9877706182478796,3.8160681762338804,10.804574336907745,10.804574336907745,9.85938831725222,12.194459484776724,4.261786977736379
73,30.0,0.15,1.0,mid_assembly,0.5,0.5,25,hernquist_radius,4.616231233608883,7.502829116446969,0.5,18.17060332626703,-0.14919001004188043,3.6075708259063566,1.0771999284873375,1.0549651224259684,2.736755118866023,2.736755118866023,30.254807224931454,4.616231233608883,2.412977628203613
73,30.0,0.15,1.0,mid_assembly,0.5,0.5,25,inward_flux_median,7.502829116446969,7.502829116446969,0.5,9.466047436303931,-0.1304699476059432,3.8233481101665134,1.551268245512476,1.9107760870203723,5.636126719077566,5.636126719077566,56.229101684162956,7.502829116446969,3.154457317729034
73,30.0,0.15,1.0,assembly_end,1.0,1.0,50,hernquist_radius,4.616231233608883,6.381349852403016,1.0,18.813817922554506,-0.7820851716061342,3.7795793272989706,0.9102211929751498,0.972527552554628,2.436211440791107,2.436211440791107,5.771385467433246,4.616231233608883,2.263449983397041
73,30.0,0.15,1.0,assembly_end,1.0,1.0,50,inward_flux_median,6.381349852403016,6.381349852403016,1.0,11.873082522672405,-0.7299168523363808,3.8397008865883797,1.1931121739082102,1.5169156616437367,4.141981309419125,4.141981309419125,8.548417849966283,6.381349852403016,2.8046178781249758
73,30.0,0.15,1.0,final,2.0,2.0,100,hernquist_radius,4.616231233608883,10.94680936663417,1.0,24.702998323165797,-0.3956169867564367,4.4181261566103,0.8365974041621641,0.6336282533422875,1.7585367312200368,1.7585367312200368,11.409305325106194,4.616231233608883,1.689817829955656
73,30.0,0.15,1.0,final,2.0,2.0,100,inward_flux_median,10.94680936663417,10.94680936663417,1.0,5.215516357615468,-1.1649630732826861,4.1458024103928475,1.8186014414694431,3.1982794247024082,9.047909883658747,9.047909883658747,9.188020887868925,10.94680936663417,3.9191833347942593
74,30.0,0.2,0.0,mid_assembly,0.02,0.02,1,hernquist_radius,6.046096229598171,1.8443785175627527,1.0,12.716456371980657,-0.030181977226707082,3.715422083850394,1.2278084902446962,1.463686448488638,4.105496482812686,4.105496482812686,195.8727163707303,6.046096229598171,2.8006679688742095
74,30.0,0.2,0.0,mid_assembly,0.02,0.02,1,inward_flux_median,1.8443785175627527,1.8443785175627527,1.0,53.422312454048345,-0.07009020485496875,2.938381985661145,0.525337789606124,0.44054611912428,0.9418337067807175,0.9418337067807175,25.72997142809975,1.8443785175627527,1.7277593066806647
74,30.0,0.2,0.0,assembly_end,0.02,0.02,1,hernquist_radius,6.046096229598171,1.8443785175627527,1.0,12.716456371980657,-0.030181977226707082,3.715422083850394,1.2278084902446962,1.463686448488638,4.105496482812686,4.105496482812686,195.8727163707303,6.046096229598171,2.8006679688742095
74,30.0,0.2,0.0,assembly_end,0.02,0.02,1,inward_flux_median,1.8443785175627527,1.8443785175627527,1.0,53.422312454048345,-0.07009020485496875,2.938381985661145,0.525337789606124,0.44054611912428,0.9418337067807175,0.9418337067807175,25.72997142809975,1.8443785175627527,1.7277593066806647
74,30.0,0.2,0.0,final,2.0,2.0,100,hernquist_radius,6.046096229598171,13.584309102806959,1.0,17.160322567154353,-0.06709900461162414,4.383091440208075,1.1012592013500324,0.9194250616279155,2.796647299976706,2.796647299976706,88.1060143746228,6.046096229598171,2.0436644049641584
74,30.0,0.2,0.0,final,2.0,2.0,100,inward_flux_median,13.584309102806959,13.584309102806959,1.0,3.6682771460094505,-1.032689398081466,4.183797959457889,2.2340321787832895,4.505982200390361,13.273435995586574,13.273435995586574,12.862175018266578,13.584309102806959,4.630747079968274
75,30.0,0.2,0.05,mid_assembly,0.025,0.02,1,hernquist_radius,6.046096229598171,0.030521091096306997,0.352,12.716662784919992,-0.0037500174303765643,3.7153359656142246,1.4182248309299061,1.4636966168028862,4.105765298856169,4.105765298856169,1576.4795696538915,6.046096229598171,2.8007101554992375
75,30.0,0.2,0.05,mid_assembly,0.025,0.02,1,inward_flux_median,0.030521091096306997,0.030521091096306997,0.352,2347.5031264485397,-2.4065925240263866,2.2910839081105414,0.007872118315677855,0.012858050922221103,0.004608691064370786,0.004608691064370786,0.012400639149850762,0.030521091096306997,0.33427873554103993
75,30.0,0.2,0.05,assembly_end,0.05,0.06,3,hernquist_radius,6.046096229598171,2.6909929199128513,1.0,12.71597050695119,-0.05239171157037579,3.715290364058386,1.227729923487734,1.4637942692329702,4.105872760861608,4.105872760861608,112.83895272047961,6.046096229598171,2.800820768967364
75,30.0,0.2,0.05,assembly_end,0.05,0.06,3,inward_flux_median,2.6909929199128513,2.6909929199128513,1.0,34.74481458575511,-0.09628223511895567,3.215210340644798,0.6789987153705528,0.6190460079815114,1.4319801823597504,1.4319801823597504,27.32832222307679,2.6909929199128513,1.9579357948498892
75,30.0,0.2,0.05,final,2.0,2.0,100,hernquist_radius,6.046096229598171,13.584309102806959,1.0,17.092985458924854,-0.08166764200992056,4.378686463640236,1.1020531771390496,0.9239756877484852,2.8013332237606448,2.8013332237606448,72.38883992899538,6.046096229598171,2.049745894293173
75,30.0,0.2,0.05,final,2.0,2.0,100,inward_flux_median,13.584309102806959,13.584309102806959,1.0,3.6709183082645165,-1.0260759548437282,4.178239170480231,2.2362033484200485,4.508730733909667,13.325091666916093,13.325091666916093,12.945076546165758,13.584309102806959,4.635239504244248
76,30.0,0.2,0.2,mid_assembly,0.1,0.1,5,hernquist_radius,6.046096229598171,3.3393547282353855,0.5,12.716393847688417,-0.026900932177152125,3.7150097998185907,1.3669150636821317,1.4638560828448093,4.106737894789281,4.106737894789281,219.76286271059976,6.046096229598171,2.8009856671122564
76,30.0,0.2,0.2,mid_assembly,0.1,0.1,5,inward_flux_median,3.3393547282353855,3.3393547282353855,0.5,26.919545640665756,-0.038175153699447247,3.363751874490583,0.907876735467866,0.7637137987736181,1.8549644991378773,1.8549644991378773,85.53194322171919,3.3393547282353855,2.1261554787316075
76,30.0,0.2,0.2,assembly_end,0.2,0.2,10,hernquist_radius,6.046096229598171,4.872199413075837,1.0,12.712704742221794,-0.1457628771922478,3.7177389322161307,1.2268691330114128,1.463205974835671,4.098351827747729,4.098351827747729,40.55782911747471,6.046096229598171,2.7993355903962107
76,30.0,0.2,0.2,assembly_end,0.2,0.2,10,inward_flux_median,4.872199413075837,4.872199413075837,1.0,16.861357885526143,-0.1731890881947614,3.60260274047043,1.0414534876577364,1.1384485130207922,3.021675834034444,3.021675834034444,27.507499105404726,4.872199413075837,2.5083618509688304
76,30.0,0.2,0.2,final,2.0,2.0,100,hernquist_radius,6.046096229598171,13.584309102806959,1.0,16.843883349151746,-0.13777611223481118,4.363657305539811,1.1048190420009092,0.9408696382704026,2.8167745664542303,2.8167745664542303,42.90893224479394,6.046096229598171,2.0719586613756316
76,30.0,0.2,0.2,final,2.0,2.0,100,inward_flux_median,13.584309102806959,13.584309102806959,1.0,3.679634320238893,-1.0040448981690653,4.162396913496392,2.2426446598345713,4.515170597091896,13.47403749435219,13.47403749435219,13.229121328990207,13.584309102806959,4.647367473341494
77,30.0,0.2,0.5,mid_assembly,0.25,0.24,12,hernquist_radius,6.046096229598171,6.381349852403016,0.470016,12.718341793933075,-0.05579528038245057,3.716537569089578,1.3764122607937228,1.4630302181200592,4.1022150669719695,4.1022150669719695,105.95566191820947,6.046096229598171,2.799619836690323
77,30.0,0.2,0.5,mid_assembly,0.25,0.24,12,inward_flux_median,6.381349852403016,6.381349852403016,0.470016,11.828286999508983,-0.054077770332174535,3.7440668967725235,1.4300418565495587,1.5615534789369592,4.435837480182482,4.435837480182482,115.38260936381727,6.381349852403016,2.881696962242546
77,30.0,0.2,0.5,assembly_end,0.5,0.5,25,hernquist_radius,6.046096229598171,6.735193154785496,1.0,12.721982701500481,-0.33634494078004396,3.738746491517574,1.2222145198647156,1.4539233001806917,4.036218458857501,4.036218458857501,17.576675454442867,6.046096229598171,2.782591258824433
77,30.0,0.2,0.5,assembly_end,0.5,0.5,25,inward_flux_median,6.735193154785496,6.735193154785496,1.0,10.983016024336296,-0.3125463342201805,3.784537810035525,1.3291393455980676,1.663749162909096,4.753089572461848,4.753089572461848,21.070858164753137,6.735193154785496,2.9585518048015174
77,30.0,0.2,0.5,final,2.0,2.0,100,hernquist_radius,6.046096229598171,12.870637396137889,1.0,16.001421283485765,-0.34380332034103306,4.320478632179868,1.113201619653852,1.000303744891997,2.8578735588648563,2.8578735588648563,17.19537164146771,6.046096229598171,2.147047704951648
77,30.0,0.2,0.5,final,2.0,2.0,100,inward_flux_median,12.870637396137889,12.870637396137889,1.0,4.043204369816588,-0.9840785346286107,4.1444157664755625,2.1480104666820115,4.126988935578843,12.312219974470397,12.312219974470397,12.788419512439619,12.870637396137889,4.452733173706527
78,30.0,0.2,1.0,mid_assembly,0.5,0.5,25,hernquist_radius,6.046096229598171,8.82140080901636,0.5,12.748090464296324,-0.10372057249673024,3.7269376012446536,1.3650254262566688,1.4555430584025906,4.072335735920074,4.072335735920074,56.99762084345424,6.046096229598171,2.7885481343126655
78,30.0,0.2,1.0,mid_assembly,0.5,0.5,25,inward_flux_median,8.82140080901636,8.82140080901636,0.5,7.51282116157392,-0.09140379810034868,3.8909597215688234,1.7955278106246533,2.365715578550666,7.248122319941497,7.248122319941497,94.36694398536065,8.82140080901636,3.4793216129874875
78,30.0,0.2,1.0,assembly_end,1.0,1.0,50,hernquist_radius,6.046096229598171,7.9188579964143155,1.0,12.948228541576137,-0.5272756345487025,3.811026001752998,1.2096778846188585,1.401425603274784,3.8407796459845915,3.8407796459845915,11.21202171591827,6.046096229598171,2.7058626337070546
78,30.0,0.2,1.0,assembly_end,1.0,1.0,50,inward_flux_median,7.9188579964143155,7.9188579964143155,1.0,8.777973258843797,-0.49256167464864065,3.884443062110951,1.497628668976087,2.0281464059846326,5.958843205002548,5.958843205002548,15.719854288322276,7.9188579964143155,3.2242369346427684
78,30.0,0.2,1.0,final,2.0,2.0,100,hernquist_radius,6.046096229598171,11.553805576908188,1.0,14.808210902450487,-0.6415779648185845,4.1985672630810535,1.1376002111879406,1.1122914769020609,3.031845671820471,3.031845671820471,9.214508896835776,6.046096229598171,2.2966796622408134
78,30.0,0.2,1.0,final,2.0,2.0,100,inward_flux_median,11.553805576908188,11.553805576908188,1.0,4.873573579098963,-0.9291232072084696,4.112116778777831,1.9709856314772844,3.4507170435405463,10.26743753812471,10.26743753812471,12.159013074116618,11.553805576908188,4.0875552149174785
79,30.0,0.3,0.0,mid_assembly,0.02,0.02,1,hernquist_radius,8.82140080901636,1.655674862578336,1.0,7.514190003879955,-0.013754367978805151,3.9048710232422383,1.7359341922806688,2.3568581749178206,7.175764191462429,7.175764191462429,627.109664993427,8.82140080901636,3.4666105574479738
79,30.0,0.3,0.0,mid_assembly,0.02,0.02,1,inward_flux_median,1.655674862578336,1.655674862578336,1.0,60.22128681315461,-0.037084336689481155,2.863969383553671,0.5718636046070188,0.4009626442843544,0.8365614041833536,0.8365614041833536,43.65471103924863,1.655674862578336,1.669588515632689
79,30.0,0.3,0.0,assembly_end,0.02,0.02,1,hernquist_radius,8.82140080901636,1.655674862578336,1.0,7.514190003879955,-0.013754367978805151,3.9048710232422383,1.7359341922806688,2.3568581749178206,7.175764191462429,7.175764191462429,627.109664993427,8.82140080901636,3.4666105574479738
79,30.0,0.3,0.0,assembly_end,0.02,0.02,1,inward_flux_median,1.655674862578336,1.655674862578336,1.0,60.22128681315461,-0.037084336689481155,2.863969383553671,0.5718636046070188,0.4009626442843544,0.8365614041833536,0.8365614041833536,43.65471103924863,1.655674862578336,1.669588515632689
79,30.0,0.3,0.0,final,2.0,2.0,100,hernquist_radius,8.82140080901636,14.337553620769176,1.0,8.020676224057734,-0.571917878081855,4.220697225622626,1.6188212070611798,2.042806032021735,5.812055795650206,5.812055795650206,15.081705653814698,8.82140080901636,3.104296132719376
79,30.0,0.3,0.0,final,2.0,2.0,100,inward_flux_median,14.337553620769176,14.337553620769176,1.0,3.4334226391942,-0.7541224739636,4.141944725681245,2.4329211955287393,4.862848620935673,15.171112961563843,15.171112961563843,18.590015405105156,14.337553620769176,4.834871134897845
80,30.0,0.3,0.05,mid_assembly,0.025,0.02,1,hernquist_radius,8.82140080901636,0.02459518282191551,0.352,7.5142400486785395,-0.0016772509992478745,3.9048446914509096,1.890453255215137,2.356858371303021,7.1759048362312035,7.1759048362312035,5142.639413691051,8.82140080901636,3.4666223901658095
80,30.0,0.3,0.05,mid_assembly,0.025,0.02,1,inward_flux_median,0.02459518282191551,0.02459518282191551,0.352,2885.7745046362907,-3.016061238041965,2.4007268219175772,0.0057077334719500316,0.009981991113941092,0.0034348021633573253,0.0034348021633573253,0.007973637322330567,0.02459518282191551,0.2877258585698092
80,30.0,0.3,0.05,assembly_end,0.05,0.06,3,hernquist_radius,8.82140080901636,2.9976957702140035,1.0,7.514057113012957,-0.023988623597954166,3.9031693768653897,1.73589382053801,2.3579273839842556,7.184563702249428,7.184563702249428,359.56615268749437,8.82140080901636,3.4681525471638897
80,30.0,0.3,0.05,assembly_end,0.05,0.06,3,inward_flux_median,2.9976957702140035,2.9976957702140035,1.0,30.61095537718465,-0.04911536002236508,3.284932888593786,0.8279928334107729,0.6877315212602371,1.6338638830039471,1.6338638830039471,59.67834921185438,2.9976957702140035,2.0416810219856365
80,30.0,0.3,0.05,final,2.0,2.0,100,hernquist_radius,8.82140080901636,14.337553620769176,1.0,8.00336342036865,-0.5792447723481864,4.2132059880744555,1.6209592885645976,2.0508650541413704,5.8393657948587965,5.8393657948587965,14.890936452336245,8.82140080901636,3.1131774327477992
80,30.0,0.3,0.05,final,2.0,2.0,100,inward_flux_median,14.337553620769176,14.337553620769176,1.0,3.4351519422387233,-0.7483799625518026,4.138475323430964,2.434705494379708,4.864475208475427,15.20841454281774,15.20841454281774,18.732661361639455,14.337553620769176,4.837706201598035
81,30.0,0.3,0.2,mid_assembly,0.1,0.1,5,hernquist_radius,8.82140080901636,2.840207403289166,0.5,7.51411666467376,-0.012631448128887796,3.9014400785409835,1.8515025067268474,2.358953830662392,7.1935388652254,7.1935388652254,682.8589253878602,8.82140080901636,3.4696760432539366
81,30.0,0.3,0.2,mid_assembly,0.1,0.1,5,inward_flux_median,2.840207403289166,2.840207403289166,0.5,32.62447369322973,-0.016118254010668635,3.262647765632623,0.8839854970673522,0.6496936340810626,1.514393484121228,1.514393484121228,172.2973657728784,2.840207403289166,1.9911816815812398
81,30.0,0.3,0.2,assembly_end,0.2,0.2,10,hernquist_radius,8.82140080901636,6.046096229598171,1.0,7.512875355211446,-0.06867536532733953,3.8982740838993415,1.7354307645604938,2.361259734883726,7.20989192565048,7.20989192565048,125.59812465898925,8.82140080901636,3.4727808090669887
81,30.0,0.3,0.2,assembly_end,0.2,0.2,10,inward_flux_median,6.046096229598171,6.046096229598171,1.0,12.717565640913497,-0.09147592278229374,3.7169671558958326,1.3223082287232046,1.4629504074744084,4.100887029215494,4.100887029215494,64.62712465775685,6.046096229598171,2.799381691108849
81,30.0,0.3,0.2,final,2.0,2.0,100,hernquist_radius,8.82140080901636,14.337553620769176,1.0,7.963182709995031,-0.5937502555378205,4.190616803968072,1.6275079156204564,2.0723241357237803,5.923897280982631,5.923897280982631,14.52714675056741,8.82140080901636,3.137845419427014
81,30.0,0.3,0.2,final,2.0,2.0,100,inward_flux_median,14.337553620769176,14.337553620769176,1.0,3.4407168269914905,-0.7299301637490573,4.128560215042433,2.439976513300393,4.868271170567391,15.315837966504338,15.315837966504338,19.20615026554647,14.337553620769176,4.84540124430764
82,30.0,0.3,0.5,mid_assembly,0.25,0.24,12,hernquist_radius,8.82140080901636,7.502829116446969,0.470016,7.513981790817736,-0.02851547137607198,3.8963504421601423,1.8589656822738618,2.3620776292953236,7.2200179923936885,7.2200179923936885,302.48481540524983,8.82140080901636,3.4742395134580315
82,30.0,0.3,0.5,mid_assembly,0.25,0.24,12,inward_flux_median,7.502829116446969,7.502829116446969,0.470016,9.46753510080004,-0.03136443247057271,3.8232053176050345,1.6617324767922972,1.9105471947719705,5.636809097313967,5.636809097313967,233.90214242024302,7.502829116446969,3.154327279232059
82,30.0,0.3,0.5,assembly_end,0.5,0.5,25,hernquist_radius,8.82140080901636,8.357955511729823,1.0,7.509951801079564,-0.1698238178987135,3.8941587304986043,1.7326933661124913,2.364675305887374,7.231111344531978,7.231111344531978,50.79085608903956,8.82140080901636,3.4771274586707506
82,30.0,0.3,0.5,assembly_end,0.5,0.5,25,inward_flux_median,8.357955511729823,8.357955511729823,1.0,8.121006295570407,-0.17628229778112153,3.8723519710642806,1.6649317257390326,2.1990628590794814,6.6435568172254955,6.6435568172254955,46.35941323314594,8.357955511729823,3.3625835718565504
82,30.0,0.3,0.5,final,2.0,2.0,100,hernquist_radius,8.82140080901636,13.584309102806959,1.0,7.918321213199622,-0.5976854809733058,4.145860510145521,1.6410458872924465,2.1065633036302986,6.099749370463753,6.099749370463753,14.431498455238627,8.82140080901636,3.1806918187419035
82,30.0,0.3,0.5,final,2.0,2.0,100,inward_flux_median,13.584309102806959,13.584309102806959,1.0,3.7811258661824008,-0.7068359209584316,4.113222577364117,2.340680272723478,4.446506897374284,13.965668820519124,13.965668820519124,18.79167623459437,13.584309102806959,4.639381188348096
83,30.0,0.3,1.0,mid_assembly,0.5,0.5,25,hernquist_radius,8.82140080901636,10.371702597188497,0.5,7.5164902826971,-0.06241160319962232,3.8904915849535158,1.8502771950664632,2.3648452951703343,7.250903778533273,7.250903778533273,138.203421370163,8.82140080901636,3.478890865309867
83,30.0,0.3,1.0,mid_assembly,0.5,0.5,25,inward_flux_median,10.371702597188497,10.371702597188497,0.5,5.908715482386239,-0.05750760484957495,3.953348013633929,2.0768841005542273,2.960494035418224,9.387904298798734,9.387904298798734,176.34833082762805,10.371702597188497,3.861368498392901
83,30.0,0.3,1.0,assembly_end,1.0,1.0,50,hernquist_radius,8.82140080901636,10.94680936663417,1.0,7.534104119015084,-0.30901046295664686,3.9085549840439713,1.723715637927441,2.348412980180995,7.158494123774641,7.158494123774641,27.91328491875353,8.82140080901636,3.45876296972794
83,30.0,0.3,1.0,assembly_end,1.0,1.0,50,inward_flux_median,10.94680936663417,10.94680936663417,1.0,5.430397205536555,-0.279287252180026,3.9740968844137403,2.0310051676369176,3.204440912966462,10.23933237806416,10.23933237806416,38.325075589263875,10.94680936663417,4.006808498331517
83,30.0,0.3,1.0,final,2.0,2.0,100,hernquist_radius,8.82140080901636,12.870637396137889,1.0,7.914493146818813,-0.5457292708854545,4.076659386357415,1.6640274033426765,2.143358322355042,6.39246318155422,6.39246318155422,15.805450716231164,8.82140080901636,3.2354661084689065
83,30.0,0.3,1.0,final,2.0,2.0,100,inward_flux_median,12.870637396137889,12.870637396137889,1.0,4.1651154789443146,-0.6386976501105692,4.084707167251952,2.2537400481248766,4.064754695861684,12.860586148157761,12.860586148157761,19.70386008440593,12.870637396137889,4.451213080414604
84,50.0,0.01,0.0,mid_assembly,0.02,0.02,1,hernquist_radius,0.2944252517842078,0.4533932551642464,1.0,375.50964935913555,-10.067340128785748,2.2771364230723194,0.02132810488445552,0.048524762083126456,0.12735496422630896,0.12735496422630896,0.028596105562962555,0.2944252517842078,0.5045503190023177
84,50.0,0.01,0.0,mid_assembly,0.02,0.02,1,inward_flux_median,0.4533932551642464,0.4533932551642464,1.0,231.96814873112038,-6.869738396766219,2.2628621810607106,0.03356134794687209,0.07904731182021432,0.20842653192714647,0.20842653192714647,0.06453293745083784,0.4533932551642464,0.6459989369083133
84,50.0,0.01,0.0,assembly_end,0.02,0.02,1,hernquist_radius,0.2944252517842078,0.4533932551642464,1.0,375.50964935913555,-10.067340128785748,2.2771364230723194,0.02132810488445552,0.048524762083126456,0.12735496422630896,0.12735496422630896,0.028596105562962555,0.2944252517842078,0.5045503190023177
84,50.0,0.01,0.0,assembly_end,0.02,0.02,1,inward_flux_median,0.4533932551642464,0.4533932551642464,1.0,231.96814873112038,-6.869738396766219,2.2628621810607106,0.03356134794687209,0.07904731182021432,0.20842653192714647,0.20842653192714647,0.06453293745083784,0.4533932551642464,0.6459989369083133
84,50.0,0.01,0.0,final,2.0,2.0,100,hernquist_radius,0.2944252517842078,3.92622383424324,1.0,4975.6913510827935,-0.23061526514062744,9.654704908006705,0.019855838112111713,0.0008637362148815961,0.3296959978911923,0.3296959978911923,1.248341998893504,0.2944252517842078,0.032691764754717155
84,50.0,0.01,0.0,final,2.0,2.0,100,inward_flux_median,3.92622383424324,3.92622383424324,1.0,27.64446973687938,-0.1636403876061112,6.111289391527578,0.4643951122696817,0.2456023130112477,0.7161081217682724,0.7161081217682724,23.460168860889414,3.92622383424324,0.6928944842562423
85,50.0,0.01,0.05,mid_assembly,0.025,0.02,1,hernquist_radius,0.2944252517842078,0.23726028903001117,0.352,369.7767176102233,-1.5454147030768481,1.9811789328268246,0.03558315513740728,0.05663831204124402,0.1526317293306673,0.1526317293306673,0.18628444551992246,0.2944252517842078,0.5844005325579723
85,50.0,0.01,0.05,mid_assembly,0.025,0.02,1,inward_flux_median,0.23726028903001117,0.23726028903001117,0.352,462.8952595094493,-1.8757072009426656,1.9478983260086573,0.028819868343405632,0.04601766185440142,0.12141059023338553,0.12141059023338553,0.12368202511068357,0.23726028903001117,0.5312469317522114
85,50.0,0.01,0.05,assembly_end,0.05,0.06,3,hernquist_radius,0.2944252517842078,0.6981923003638827,1.0,405.2196595548606,-12.815741735587629,5.244945361050412,0.021252672034456317,0.019522799335850535,0.051178546695866856,0.0050233903341478535,0.022463523922426024,0.09224217682527484,0.210871488556896
85,50.0,0.01,0.05,assembly_end,0.05,0.06,3,inward_flux_median,0.6981923003638827,0.6981923003638827,1.0,143.52426002366914,-6.581171444771431,2.6215301700558458,0.054992874418862185,0.11027914477924934,0.2776903802595374,0.2776903802595374,0.1037333560236603,0.6981923003638827,0.708902596989775
85,50.0,0.01,0.05,final,2.0,2.0,100,hernquist_radius,0.2944252517842078,4.373710719835535,1.0,4926.555342369696,-0.2326688033417702,9.662588938949085,0.019859395462966504,0.0008716390845437732,0.3261761989289238,0.3261761989289238,1.2373241144758276,0.2944252517842078,0.032827582274223666
85,50.0,0.01,0.05,final,2.0,2.0,100,inward_flux_median,4.373710719835535,4.373710719835535,1.0,23.545473365009805,-0.12767447671313364,6.008603989158903,0.5330331950177337,0.29328682781333804,0.8163970192701222,0.8163970192701222,33.49596906001768,4.373710719835535,0.7636191146038949
86,50.0,0.01,0.2,mid_assembly,0.1,0.1,5,hernquist_radius,0.2944252517842078,0.5330740665732333,0.5,397.3181930802698,-7.388909798287183,3.509139538370834,0.029791568801865117,0.029760106181210316,0.07836834655308124,0.03317200795329585,0.03896200236843344,0.19155372137088822,0.31829822877596337
86,50.0,0.01,0.2,mid_assembly,0.1,0.1,5,inward_flux_median,0.5330740665732333,0.5330740665732333,0.5,192.64963959597588,-4.768316439068122,2.7115056624636478,0.056289019183001374,0.0794318814448638,0.19149094754038692,0.19149094754038692,0.10931230813551468,0.5330740665732333,0.591574533045572
86,50.0,0.01,0.2,assembly_end,0.2,0.2,10,hernquist_radius,0.2944252517842078,1.4081942126045655,1.0,1885.369101020398,-0.7069555527301,9.371158823822858,0.02100197036364502,0.0023484638660419103,0.12890957809173884,0.12890957809173884,0.4072203973068093,0.2944252517842078,0.05471578000267764
86,50.0,0.01,0.2,assembly_end,0.2,0.2,10,inward_flux_median,1.4081942126045655,1.4081942126045655,1.0,64.47544121816564,-5.68261198776403,3.618981135991694,0.13124247162792643,0.17782504364190982,0.385598480414743,0.2601733455153194,0.2423043048980778,1.156714817694681,0.7661619945445189
86,50.0,0.01,0.2,final,2.0,2.0,100,hernquist_radius,0.2944252517842078,5.427502786848501,1.0,4754.5854904392,-0.25143114022753565,9.728096187872254,0.01980962019115627,0.0008970838728367467,0.31267684909710064,0.31267684909710064,1.1449923060464178,0.2944252517842078,0.033190966525285234
86,50.0,0.01,0.2,final,2.0,2.0,100,inward_flux_median,5.427502786848501,5.427502786848501,1.0,17.33596470859091,-0.04659220028638055,5.811655951221338,0.6976877005413232,0.41183727878369625,1.0966567388886272,1.0966567388886272,113.90254110155341,5.427502786848501,0.9200897283966804
87,50.0,0.01,0.5,mid_assembly,0.25,0.24,12,hernquist_radius,0.2944252517842078,0.914455455357331,0.470016,1257.3576108598909,-1.638384765322827,6.1400082234292865,0.030197934319036304,0.005374595675294631,0.1320107240970556,0.1320107240970556,0.17571374389841884,0.2944252517842078,0.10225998518544989
87,50.0,0.01,0.5,mid_assembly,0.25,0.24,12,inward_flux_median,0.914455455357331,0.914455455357331,0.470016,105.4298396763723,-4.194041749566677,3.4881943861919753,0.10890181610016487,0.11282603889599023,0.2452762078414438,0.2452762078414438,0.21319469016118986,0.914455455357331,0.621615212034224
87,50.0,0.01,0.5,assembly_end,0.5,0.5,25,hernquist_radius,0.2944252517842078,2.5496176394142833,1.0,3057.0133188103205,-0.2566127005109017,9.329907978753402,0.020748640823051702,0.0014547852024310447,0.20974952923294912,0.20974952923294912,1.121872457940857,0.2944252517842078,0.04315966449570696
87,50.0,0.01,0.5,assembly_end,0.5,0.5,25,inward_flux_median,2.5496176394142833,2.5496176394142833,1.0,32.741369089953004,-4.217360194132858,4.5669666766181525,0.28180711902430977,0.2774909908837728,0.5476904913541795,0.36885458824523315,0.5911271936287653,2.0923534510602275,0.8519769107531768
87,50.0,0.01,0.5,final,2.0,2.0,100,hernquist_radius,0.2944252517842078,8.82140080901636,1.0,4651.49712515099,-0.2717431512818056,9.802868015204808,0.01972959070832874,0.000909971213461277,0.3035659915437291,0.3035659915437291,1.0594074577521158,0.2944252517842078,0.03330079118541015
87,50.0,0.01,0.5,final,2.0,2.0,100,inward_flux_median,8.82140080901636,8.82140080901636,1.0,7.616150007691799,-0.6998742976727405,5.356365483529299,1.232866825321656,1.0171098823331424,2.32997140911299,2.32997140911299,12.324351850134779,8.82140080901636,1.5061427593440715
88,50.0,0.01,1.0,mid_assembly,0.5,0.5,25,hernquist_radius,0.2944252517842078,1.5686915426374495,0.5,1920.8911004035072,-0.7171365173423828,6.614829394100332,0.029009633160318973,0.003265518692185045,0.1865065792788442,0.1865065792788442,0.40143921568501073,0.2944252517842078,0.07679519825946064
88,50.0,0.01,1.0,mid_assembly,0.5,0.5,25,inward_flux_median,1.5686915426374495,1.5686915426374495,0.5,58.03367646963072,-3.2575011986291944,4.038899850605665,0.20583683508211117,0.1770232857071764,0.37239415352474536,0.37239415352474536,0.4708684034415106,1.5686915426374495,0.7236040004048595
88,50.0,0.01,1.0,assembly_end,1.0,1.0,50,hernquist_radius,0.2944252517842078,3.92622383424324,1.0,4184.965217699879,-0.17772281326544861,9.375733731249094,0.020460332222903214,0.001057490436012491,0.28561746013903033,0.28561746013903033,1.6198636279238712,0.2944252517842078,0.03670733830058065
88,50.0,0.01,1.0,assembly_end,1.0,1.0,50,inward_flux_median,3.92622383424324,3.92622383424324,1.0,19.886265757549758,-3.0413615565691243,4.985807507818293,0.48446278396569215,0.41848974471290507,0.8252657730306031,0.8252657730306031,1.2622738383105852,3.92622383424324,1.0013639653719686
88,50.0,0.01,1.0,final,2.0,2.0,100,hernquist_radius,0.2944252517842078,7.9188579964143155,1.0,4800.886966185866,-0.2623351778800782,9.789745223403783,0.01973225278669879,0.000882837344306652,0.3137273488297618,0.3137273488297618,1.0974003692048058,0.2944252517842078,0.03282252258168637
88,50.0,0.01,1.0,final,2.0,2.0,100,inward_flux_median,7.9188579964143155,7.9188579964143155,1.0,8.406067961744146,-1.2397249170501148,5.3656737866160125,1.0929184327567518,0.9199334349812294,1.9381791449651644,1.9381791449651644,6.245738588454644,7.9188579964143155,1.4311441236870506
89,50.0,0.02,0.0,mid_assembly,0.02,0.02,1,hernquist_radius,0.593830575603711,0.4785337302041544,1.0,179.5588999585422,-2.9700625155287836,2.2995743221169342,0.060457998580846134,0.10048915156647573,0.28973916032229585,0.28973916032229585,0.19549855088425905,0.593830575603711,0.7225254800179814
89,50.0,0.02,0.0,mid_assembly,0.02,0.02,1,inward_flux_median,0.4785337302041544,0.4785337302041544,1.0,226.29804608074528,-3.5940455614426767,2.2246819646503093,0.04905254312774586,0.08241852309831507,0.23394386277420173,0.23394386277420173,0.13018937885074955,0.4785337302041544,0.6652666453321137
89,50.0,0.02,0.0,assembly_end,0.02,0.02,1,hernquist_radius,0.593830575603711,0.4785337302041544,1.0,179.5588999585422,-2.9700625155287836,2.2995743221169342,0.060457998580846134,0.10048915156647573,0.28973916032229585,0.28973916032229585,0.19549855088425905,0.593830575603711,0.7225254800179814
89,50.0,0.02,0.0,assembly_end,0.02,0.02,1,inward_flux_median,0.4785337302041544,0.4785337302041544,1.0,226.29804608074528,-3.5940455614426767,2.2246819646503093,0.04905254312774586,0.08241852309831507,0.23394386277420173,0.23394386277420173,0.13018937885074955,0.4785337302041544,0.6652666453321137
89,50.0,0.02,0.0,final,2.0,2.0,100,hernquist_radius,0.593830575603711,11.553805576908188,1.0,1263.8445392769022,-0.14731393555617078,7.169428243644858,0.055435432572116985,0.004579260895040931,0.46121827122397313,0.46121827122397313,3.941534218262299,0.593830575603711,0.08735197630763818
89,50.0,0.02,0.0,final,2.0,2.0,100,inward_flux_median,11.553805576908188,11.553805576908188,1.0,4.650480097005233,-1.2400500622339379,4.907075519141178,1.6713311733796492,1.818247647293384,4.310958189150877,4.310958189150877,9.110294469532235,11.553805576908188,2.10393563264122
90,50.0,0.02,0.05,mid_assembly,0.025,0.02,1,hernquist_radius,0.593830575603711,0.40700529109934575,0.352,179.71960428910106,-0.3865572432655582,2.2395298123077656,0.09956567134035786,0.1030911215223556,0.3025323734244046,0.3025323734244046,1.5020877966646784,0.593830575603711,0.7415654897234962
90,50.0,0.02,0.05,mid_assembly,0.025,0.02,1,inward_flux_median,0.40700529109934575,0.40700529109934575,0.352,265.811900614847,-0.5405039460497526,2.0703410479524713,0.0696435904115868,0.0753975532211044,0.21263782983943172,0.21263782983943172,0.7362880710277614,0.40700529109934575,0.6595913970097963
90,50.0,0.02,0.05,assembly_end,0.05,0.06,3,hernquist_radius,0.593830575603711,0.6267582440104478,1.0,179.8605333252736,-4.806369603083395,2.5500348026479873,0.06032877015979043,0.09046729011901262,0.24698288773428667,0.24698288773428667,0.12080696362781564,0.593830575603711,0.6510135675309102
90,50.0,0.02,0.05,assembly_end,0.05,0.06,3,inward_flux_median,0.6267582440104478,0.6267582440104478,1.0,169.37827641377277,-4.586164055999877,2.55553098725013,0.06367920156815521,0.09585939981509714,0.2623563025973409,0.2623563025973409,0.1336278703475457,0.6267582440104478,0.669412903912242
90,50.0,0.02,0.05,final,2.0,2.0,100,hernquist_radius,0.593830575603711,11.553805576908188,1.0,1256.2893134951514,-0.14815338347959722,7.171179143039235,0.05546728912289989,0.004605675426050889,0.45836488904156325,0.45836488904156325,3.919201196653716,0.593830575603711,0.08759285485844782
90,50.0,0.02,0.05,final,2.0,2.0,100,inward_flux_median,11.553805576908188,11.553805576908188,1.0,4.642692985029661,-1.2613305247447637,4.8910816761699305,1.6729801875871502,1.8272530085020087,4.345689508009069,4.345689508009069,8.956590681256204,11.553805576908188,2.1125849809523127
91,50.0,0.02,0.2,mid_assembly,0.1,0.1,5,hernquist_radius,0.593830575603711,0.593830575603711,0.5,180.33975429429324,-2.4873764026960403,2.6057163492822384,0.08410830254866646,0.0882988311233943,0.2395521208145592,0.2395521208145592,0.2334358873840653,0.593830575603711,0.6362550040491325
91,50.0,0.02,0.2,mid_assembly,0.1,0.1,5,inward_flux_median,0.593830575603711,0.593830575603711,0.5,180.33975429429324,-2.4873764026960403,2.6057163492822384,0.08410830254866646,0.0882988311233943,0.2395521208145592,0.2395521208145592,0.2334358873840653,0.593830575603711,0.6362550040491325
91,50.0,0.02,0.2,assembly_end,0.2,0.2,10,hernquist_radius,0.593830575603711,1.334212653481817,1.0,204.36758735643895,-7.83740700155632,5.116000731068497,0.05927813383329462,0.03968541720140196,0.11174126564105168,0.043293127569060355,0.07408609986775379,0.36962832361494713,0.3044160026947535
91,50.0,0.02,0.2,assembly_end,0.2,0.2,10,inward_flux_median,1.334212653481817,1.334212653481817,1.0,71.65490111444474,-4.690126572351278,3.2819711913841583,0.14368062293676567,0.17643831456751097,0.43714136206196513,0.43714136206196513,0.2781551274827508,1.334212653481817,0.8013945242674896
91,50.0,0.02,0.2,final,2.0,2.0,100,hernquist_radius,0.593830575603711,11.553805576908188,1.0,1239.3517932435352,-0.1513731327619275,7.182373721882007,0.05546674381371103,0.004661341993948047,0.45150994307026543,0.45150994307026543,3.8358386804000557,0.593830575603711,0.08805191119124799
91,50.0,0.02,0.2,final,2.0,2.0,100,inward_flux_median,11.553805576908188,11.553805576908188,1.0,4.617905039837127,-1.3261410499002555,4.84080634219776,1.6779790968227486,1.856140552047945,4.4577499168750165,4.4577499168750165,8.51886850555049,11.553805576908188,2.1402469055049127
92,50.0,0.02,0.5,mid_assembly,0.25,0.24,12,hernquist_radius,0.593830575603711,1.0186794733977107,0.470016,193.74132893123516,-3.7551979617655267,3.4789315466880137,0.08542540905781465,0.061560963481545876,0.16984369169477803,0.16984369169477803,0.1546237838147265,0.593830575603711,0.45977681252893887
92,50.0,0.02,0.5,mid_assembly,0.25,0.24,12,inward_flux_median,1.0186794733977107,1.0186794733977107,0.470016,99.435597045774,-2.5849286725619596,3.151002439715985,0.15085566260562988,0.13242895160847493,0.3406361703941562,0.3406361703941562,0.3853324372339287,1.0186794733977107,0.7085726799179646
92,50.0,0.02,0.5,assembly_end,0.5,0.5,25,hernquist_radius,0.593830575603711,2.5496176394142833,1.0,717.7618650554888,-0.5644280618607856,6.972966300219946,0.05775427461223743,0.008290402562707029,0.27075404849570334,0.27075404849570334,1.028727940824367,0.593830575603711,0.11917806483595975
92,50.0,0.02,0.5,assembly_end,0.5,0.5,25,inward_flux_median,2.5496176394142833,2.5496176394142833,1.0,33.48210364043184,-3.8492862436797264,4.040315063323672,0.30802111322426023,0.3067224729421856,0.6919212871390641,0.6919212871390641,0.6476515744114267,2.5496176394142833,0.9523190783585983
92,50.0,0.02,0.5,final,2.0,2.0,100,hernquist_radius,0.593830575603711,10.371702597188497,1.0,1234.892800422709,-0.1517970637976853,7.188350529919898,0.05538937650025743,0.0046742836234201345,0.44951692461932385,0.44951692461932385,3.8251261473371687,0.593830575603711,0.08813739487903481
92,50.0,0.02,0.5,final,2.0,2.0,100,inward_flux_median,10.371702597188497,10.371702597188497,1.0,5.455128951791332,-1.4279763046382237,4.903966954181609,1.495598357680363,1.5510328996380012,3.6097538766867716,3.6097538766867716,7.101917652398761,10.371702597188497,1.9438110210755573
93,50.0,0.02,1.0,mid_assembly,0.5,0.5,25,hernquist_radius,0.593830575603711,1.655674862578336,0.5,380.7532820338044,-1.647071092902698,4.7911001179622215,0.08099073459852338,0.022745456852758222,0.21622235025368824,0.21622235025368824,0.35253057401319854,0.593830575603711,0.23814804008879836
93,50.0,0.02,1.0,mid_assembly,0.5,0.5,25,inward_flux_median,1.655674862578336,1.655674862578336,0.5,57.45422281393282,-2.4281729327603756,3.6568071320940607,0.2509033666409754,0.19749202207208444,0.4851956745709358,0.4851956745709358,0.6667177532619618,1.655674862578336,0.8032320948010998
93,50.0,0.02,1.0,assembly_end,1.0,1.0,50,hernquist_radius,0.593830575603711,4.143931378812086,1.0,954.6734979488616,-0.257949364407782,7.0601139600863725,0.056881200132249704,0.006156118744463164,0.35458737587307015,0.35458737587307015,2.2509957299356587,0.593830575603711,0.10206220369153561
93,50.0,0.02,1.0,assembly_end,1.0,1.0,50,inward_flux_median,4.143931378812086,4.143931378812086,1.0,18.687972696667302,-2.9347834671991455,4.4733941009381315,0.5472432152411206,0.49633421494963664,1.1025573504445383,1.1025573504445383,1.3806483219862213,4.143931378812086,1.1512929084596606
93,50.0,0.02,1.0,final,2.0,2.0,100,hernquist_radius,0.593830575603711,9.310543963066504,1.0,1242.8503098701913,-0.14690690319139962,7.173942799361313,0.05538644368528566,0.0046536833745079295,0.45331526926674914,0.45331526926674914,3.95245495757974,0.593830575603711,0.08803122872881927
93,50.0,0.02,1.0,final,2.0,2.0,100,inward_flux_median,9.310543963066504,9.310543963066504,1.0,6.362260140701296,-1.6516785257852518,4.858430375335139,1.338079307629811,1.342351214612287,3.0972793936058785,3.0972793936058785,5.511833764609417,9.310543963066504,1.8167802123411565
94,50.0,0.04,0.0,mid_assembly,0.02,0.02,1,hernquist_radius,1.1977055309790143,0.8208948954705254,1.0,85.65767439793271,-0.7582306641370928,2.6608902919109094,0.16797066343232409,0.18204565504272516,0.5681687570441453,0.5681687570441453,1.5445262338316563,1.1977055309790143,0.9040531779047432
94,50.0,0.04,0.0,mid_assembly,0.02,0.02,1,inward_flux_median,0.8208948954705254,0.8208948954705254,1.0,128.34466509631713,-1.0625409903116363,2.435382233660713,0.11811023489566581,0.13274819099944382,0.4013503610169664,0.4013503610169664,0.755419932903603,0.8208948954705254,0.806952630651004
94,50.0,0.04,0.0,assembly_end,0.02,0.02,1,hernquist_radius,1.1977055309790143,0.8208948954705254,1.0,85.65767439793271,-0.7582306641370928,2.6608902919109094,0.16797066343232409,0.18204565504272516,0.5681687570441453,0.5681687570441453,1.5445262338316563,1.1977055309790143,0.9040531779047432
94,50.0,0.04,0.0,assembly_end,0.02,0.02,1,inward_flux_median,0.8208948954705254,0.8208948954705254,1.0,128.34466509631713,-1.0625409903116363,2.435382233660713,0.11811023489566581,0.13274819099944382,0.4013503610169664,0.4013503610169664,0.755419932903603,0.8208948954705254,0.806952630651004
94,50.0,0.04,0.0,final,2.0,2.0,100,hernquist_radius,1.1977055309790143,12.194459484776724,1.0,300.1572074670188,-0.11016768407912672,5.775622039652692,0.15014222448384607,0.023934591788834926,0.5719561929531372,0.5719561929531372,10.630223934036815,1.1977055309790143,0.22250046997083509
94,50.0,0.04,0.0,final,2.0,2.0,100,inward_flux_median,12.194459484776724,12.194459484776724,1.0,4.143627452166874,-1.5231373925525697,4.622435414075167,1.8032329347374625,2.1663170239295866,5.4849249120091965,5.4849249120091965,7.82834673360215,12.194459484776724,2.3661533247223563
95,50.0,0.04,0.05,mid_assembly,0.025,0.02,1,hernquist_radius,1.1977055309790143,0.5330740665732333,0.352,85.69562282036297,-0.0949636853234376,2.651548609350058,0.2649472832427573,0.18260612195963652,0.5719345875993016,0.5719345875993016,12.332157793441315,1.1977055309790143,0.9070373541300589
95,50.0,0.04,0.05,mid_assembly,0.025,0.02,1,inward_flux_median,0.5330740665732333,0.5330740665732333,0.352,201.15769160155844,-0.17874332955081548,2.1837155555442656,0.13110102863327902,0.09445845876239259,0.27461112962364975,0.27461112962364975,2.9161126022712414,0.5330740665732333,0.718852349237909
95,50.0,0.04,0.05,assembly_end,0.05,0.06,3,hernquist_radius,1.1977055309790143,0.914455455357331,1.0,85.59085259810266,-1.291266712129957,2.74697532944536,0.16780003623705295,0.17647835806747625,0.5365000780773767,0.5365000780773767,0.9069444298797008,1.1977055309790143,0.8760636291222116
95,50.0,0.04,0.05,assembly_end,0.05,0.06,3,inward_flux_median,0.914455455357331,0.914455455357331,1.0,114.68762954535325,-1.642412489635546,2.6165746279047672,0.13004784412719345,0.13826869493734212,0.40983738809898146,0.40983738809898146,0.5444110033042765,0.914455455357331,0.7945343388299678
95,50.0,0.04,0.05,final,2.0,2.0,100,hernquist_radius,1.1977055309790143,12.194459484776724,1.0,299.1807435226872,-0.11082912891721723,5.775564629759143,0.15023669852391214,0.0240129480257826,0.5701740576808013,0.5701740576808013,10.566781165717606,1.1977055309790143,0.2228654871868541
95,50.0,0.04,0.05,final,2.0,2.0,100,inward_flux_median,12.194459484776724,12.194459484776724,1.0,4.14250300826883,-1.5321350912775658,4.606035589921859,1.8053783591487182,2.1746203321619353,5.53641684197748,5.53641684197748,7.78237356464025,12.194459484776724,2.374900288014102
96,50.0,0.04,0.2,mid_assembly,0.1,0.1,5,hernquist_radius,1.1977055309790143,1.0186794733977107,0.5,85.69486355757803,-0.636949166888713,2.7964250218323246,0.22853390920041017,0.173147248687468,0.5202809280028202,0.5202809280028202,1.8386194894889534,1.1977055309790143,0.8600496243051586
96,50.0,0.04,0.2,mid_assembly,0.1,0.1,5,inward_flux_median,1.0186794733977107,1.0186794733977107,0.5,102.12064797907642,-0.7339475732342285,2.721729482985792,0.19647049637039984,0.14928461294275178,0.4409861317219246,0.4409861317219246,1.357122636273486,1.0186794733977107,0.8094729619938622
96,50.0,0.04,0.2,assembly_end,0.2,0.2,10,hernquist_radius,1.1977055309790143,1.4081942126045655,1.0,85.98392595868532,-3.123533807240319,3.163174976181669,0.1661458190709967,0.15255732991840468,0.42304445547307445,0.42304445547307445,0.3749301990395383,1.1977055309790143,0.7590532324623196
96,50.0,0.04,0.2,assembly_end,0.2,0.2,10,inward_flux_median,1.4081942126045655,1.4081942126045655,1.0,71.27745941647997,-2.7301602168335357,3.161469129902459,0.19524147601147374,0.18413333074249869,0.5173063253381766,0.5173063253381766,0.5043371957480258,1.4081942126045655,0.8341401667490962
96,50.0,0.04,0.2,final,2.0,2.0,100,hernquist_radius,1.1977055309790143,12.194459484776724,1.0,296.8059807882124,-0.11208470585544326,5.775717637822255,0.15040772194246518,0.024204435854388955,0.5658088278993905,0.5658088278993905,10.448411700038076,1.1977055309790143,0.2237493634212953
96,50.0,0.04,0.2,final,2.0,2.0,100,inward_flux_median,12.194459484776724,12.194459484776724,1.0,4.140568064622816,-1.5557048466846897,4.555890950973265,1.811872441147725,2.199582813111943,5.69871390901044,5.69871390901044,7.664466468190473,12.194459484776724,2.4016006991254
97,50.0,0.04,0.5,mid_assembly,0.25,0.24,12,hernquist_radius,1.1977055309790143,1.4862780196530472,0.470016,86.58938121409254,-1.1279631997368234,3.0521418826682556,0.23325123578859072,0.15700164815002524,0.45093771135273036,0.45093771135273036,1.0382494325422873,1.1977055309790143,0.783911524577269
97,50.0,0.04,0.5,mid_assembly,0.25,0.24,12,inward_flux_median,1.4862780196530472,1.4862780196530472,0.470016,67.8368945966757,-0.9489286661713399,3.102927492774306,0.28722924664570143,0.19712240080757537,0.5771898424587473,0.5771898424587473,1.5314861260703785,1.4862780196530472,0.8711631146663179
97,50.0,0.04,0.5,assembly_end,0.5,0.5,25,hernquist_radius,1.1977055309790143,2.5496176394142833,1.0,99.4901349227143,-4.240172602149177,4.630386399550745,0.1599940774241808,0.09006920147195983,0.2704710248031166,0.2704710248031166,0.2761932737034694,1.1977055309790143,0.4820552776837315
97,50.0,0.04,0.5,assembly_end,0.5,0.5,25,inward_flux_median,2.5496176394142833,2.5496176394142833,1.0,35.33168231553523,-2.8747300513574467,3.7369924377357537,0.35850141714539596,0.3142584978491613,0.82563082581912,0.82563082581912,0.8672105733553065,2.5496176394142833,1.0023045649361966
97,50.0,0.04,0.5,final,2.0,2.0,100,hernquist_radius,1.1977055309790143,10.94680936663417,1.0,294.36649988416747,-0.1120671326364784,5.771878987592464,0.1505209429840064,0.02442125424157196,0.5617443308199357,0.5617443308199357,10.450050112856538,1.1977055309790143,0.22482400321711715
97,50.0,0.04,0.5,final,2.0,2.0,100,inward_flux_median,10.94680936663417,10.94680936663417,1.0,4.913262881200348,-1.6505169581617742,4.595363693308693,1.6226413944758638,1.837738340171061,4.637128179325959,4.637128179325959,6.48506214855151,10.94680936663417,2.1857435040436726
98,50.0,0.04,1.0,mid_assembly,0.5,0.5,25,hernquist_radius,1.1977055309790143,2.1685156218332304,0.5,92.04022587514292,-1.5931124680088937,3.498374251163255,0.2244771573970706,0.1288634108685383,0.37846326306465566,0.37846326306465566,0.7351063880122755,1.1977055309790143,0.6633595411459193
98,50.0,0.04,1.0,mid_assembly,0.5,0.5,25,inward_flux_median,2.1685156218332304,2.1685156218332304,0.5,44.578604904376256,-1.0947626615859936,3.458162617791431,0.4053892600508254,0.26915452233221565,0.7869722564202553,0.7869722564202553,1.9368195336056024,2.1685156218332304,0.9642628551389182
98,50.0,0.04,1.0,assembly_end,1.0,1.0,50,hernquist_radius,1.1977055309790143,4.143931378812086,1.0,221.48527849380483,-0.6527209513482302,5.495558585940369,0.1546698663450245,0.034089203880927975,0.45213167570039625,0.45213167570039625,1.7941926785655569,1.1977055309790143,0.27221986300467604
98,50.0,0.04,1.0,assembly_end,1.0,1.0,50,inward_flux_median,4.143931378812086,4.143931378812086,1.0,19.41830803506812,-2.501990221339787,4.141502645546472,0.600445263344597,0.5159459846333811,1.3165232671508529,1.3165232671508529,1.6194723044167842,4.143931378812086,1.219945556772261
98,50.0,0.04,1.0,final,2.0,2.0,100,hernquist_radius,1.1977055309790143,9.826809909781227,1.0,290.83342608529284,-0.11431925816251304,5.76075588985624,0.15076057936818307,0.024765652461395202,0.5564283767829442,0.5564283767829442,10.24418082201449,1.1977055309790143,0.22662220116829976
98,50.0,0.04,1.0,final,2.0,2.0,100,inward_flux_median,9.826809909781227,9.826809909781227,1.0,5.8118013529808055,-1.7745454857028842,4.532057966093601,1.4613906706851223,1.5753147826147647,4.015034837745114,4.015034837745114,5.414670049955861,9.826809909781227,2.0377610129383514
99,50.0,0.07,0.0,mid_assembly,0.02,0.02,1,hernquist_radius,2.0545894565008713,1.2641178246418958,1.0,47.314773793267946,-0.2532602724622106,3.018060392876362,0.3582027698017233,0.29056872784770016,0.9471234269173673,0.9471234269173673,7.932399226229501,2.0545894565008713,1.0724517833055809
99,50.0,0.07,0.0,mid_assembly,0.02,0.02,1,inward_flux_median,1.2641178246418958,1.2641178246418958,1.0,80.89425586510505,-0.38499192321965564,2.6918200169121484,0.2337286841682542,0.19055039941211588,0.5990737744685647,0.5990737744685647,3.210572746269446,1.2641178246418958,0.9196005561982703
99,50.0,0.07,0.0,assembly_end,0.02,0.02,1,hernquist_radius,2.0545894565008713,1.2641178246418958,1.0,47.314773793267946,-0.2532602724622106,3.018060392876362,0.3582027698017233,0.29056872784770016,0.9471234269173673,0.9471234269173673,7.932399226229501,2.0545894565008713,1.0724517833055809
99,50.0,0.07,0.0,assembly_end,0.02,0.02,1,inward_flux_median,1.2641178246418958,1.2641178246418958,1.0,80.89425586510505,-0.38499192321965564,2.6918200169121484,0.2337286841682542,0.19055039941211588,0.5990737744685647,0.5990737744685647,3.210572746269446,1.2641178246418958,0.9196005561982703
99,50.0,0.07,0.0,final,2.0,2.0,100,hernquist_radius,2.0545894565008713,12.870637396137889,1.0,108.79476293896457,-0.034747517197914954,5.08344533546583,0.3150173915281562,0.07502524427562664,0.7622347683757891,0.7622347683757891,57.8159751061138,2.0545894565008713,0.4198961889148982
99,50.0,0.07,0.0,final,2.0,2.0,100,inward_flux_median,12.870637396137889,12.870637396137889,1.0,3.8125066057096637,-1.5015485156203974,4.4064281533706495,1.9588166860012186,2.469882357129908,6.84624006001345,6.84624006001345,8.381220455482802,12.870637396137889,2.5876890612653676
100,50.0,0.07,0.05,mid_assembly,0.025,0.02,1,hernquist_radius,2.0545894565008713,0.4533932551642464,0.352,47.32128932853632,-0.03133558375340775,3.0160333580276677,0.5212516275444079,0.29072398064352994,0.9484450273585412,0.9484450273585412,64.11119081499277,2.0545894565008713,1.0730986799096864
100,50.0,0.07,0.05,mid_assembly,0.025,0.02,1,inward_flux_median,0.4533932551642464,0.4533932551642464,0.352,237.74584991310374,-0.07594829782164077,2.107970070666552,0.16138147884129428,0.08279348832696849,0.23657219834870688,0.23657219834870688,5.837186757012639,0.4533932551642464,0.6849883307251238
100,50.0,0.07,0.05,assembly_end,0.05,0.06,3,hernquist_radius,2.0545894565008713,1.4081942126045655,1.0,47.302701397791026,-0.43314189706728484,3.0556053026535417,0.3580251770023246,0.28707169104872726,0.9242864774659268,0.9242864774659268,4.638114213647259,2.0545894565008713,1.0594094901076554
100,50.0,0.07,0.05,assembly_end,0.05,0.06,3,inward_flux_median,1.4081942126045655,1.4081942126045655,1.0,71.99577262303085,-0.6007090603543337,2.8262019728293613,0.25593433924382253,0.20392166768429898,0.6351470292935023,0.6351470292935023,2.292160113064481,1.4081942126045655,0.9284262096608566
100,50.0,0.07,0.05,final,2.0,2.0,100,hernquist_radius,2.0545894565008713,12.870637396137889,1.0,108.58775788439733,-0.03579141480675962,5.082500639207461,0.31517435175436276,0.07518223951014731,0.7611444575820314,0.7611444575820314,56.12970596888772,2.0545894565008713,0.4203743519890273
100,50.0,0.07,0.05,final,2.0,2.0,100,inward_flux_median,12.870637396137889,12.870637396137889,1.0,3.814930610469905,-1.501105050649882,4.39323307937861,1.9611762718044254,2.4757265724756956,6.9024106634249165,6.9024106634249165,8.383696483180241,12.870637396137889,2.594636476128245
101,50.0,0.07,0.2,mid_assembly,0.1,0.1,5,hernquist_radius,2.0545894565008713,1.655674862578336,0.5,47.32448988902501,-0.20786818571949273,3.0844787585686424,0.46493655773629106,0.2842535131214169,0.9076868832520258,0.9076868832520258,9.664593849993482,2.0545894565008713,1.0492508537293388
101,50.0,0.07,0.2,mid_assembly,0.1,0.1,5,inward_flux_median,1.655674862578336,1.655674862578336,0.5,60.25447024152307,-0.24766687652096867,2.960305254983171,0.386632942126994,0.2326203996397893,0.7273713058923371,0.7273713058923371,6.536627041139439,1.655674862578336,0.968886608671675
101,50.0,0.07,0.2,assembly_end,0.2,0.2,10,hernquist_radius,2.0545894565008713,1.9466485702306768,1.0,47.3045620028334,-1.1183383411457828,3.2100679966039722,0.3562412614344334,0.27324757007438427,0.8402745846278338,0.8402745846278338,1.7963808584579597,2.0545894565008713,1.0084127800902265
101,50.0,0.07,0.2,assembly_end,0.2,0.2,10,inward_flux_median,1.9466485702306768,1.9466485702306768,1.0,50.331053169516565,-1.1700976979801352,3.18977891997908,0.33898898296445157,0.2584502546499154,0.7900117842943477,0.7900117842943477,1.6267170114113836,1.9466485702306768,0.9838423047812064
101,50.0,0.07,0.2,final,2.0,2.0,100,hernquist_radius,2.0545894565008713,12.194459484776724,1.0,108.00481052061734,-0.03888081172978391,5.079543771402283,0.3155598455419327,0.07563203042565143,0.758127452768238,0.758127452768238,51.66974401861536,2.0545894565008713,0.4217526586702432
101,50.0,0.07,0.2,final,2.0,2.0,100,inward_flux_median,12.194459484776724,12.194459484776724,1.0,4.166088361422361,-1.5395257108284734,4.406524202877257,1.8604947355461001,2.260210714157671,6.2334019841352974,6.2334019841352974,7.745013641506296,12.194459484776724,2.4753903150600114
102,50.0,0.07,0.5,mid_assembly,0.25,0.24,12,hernquist_radius,2.0545894565008713,2.5496176394142833,0.470016,47.50553006736595,-0.36069720895995183,3.2000590771045885,0.4737326207372348,0.2729426487124122,0.8472557440509932,0.8472557440509932,5.569662141569181,2.0545894565008713,1.0094248815889952
102,50.0,0.07,0.5,mid_assembly,0.25,0.24,12,inward_flux_median,2.5496176394142833,2.5496176394142833,0.470016,37.025630690189,-0.3100959763473591,3.296652403643258,0.5714693550220179,0.33993661320025226,1.080864580463495,1.080864580463495,8.039434517805065,2.5496176394142833,1.1098893787227033
102,50.0,0.07,0.5,assembly_end,0.5,0.5,25,hernquist_radius,2.0545894565008713,2.840207403289166,1.0,48.87652354403431,-2.07360359786672,3.6415486120343408,0.3485678477978189,0.23312408582309224,0.6791562683936347,0.6791562683936347,0.968826245952066,2.0545894565008713,0.874516121156952
102,50.0,0.07,0.5,assembly_end,0.5,0.5,25,inward_flux_median,2.840207403289166,2.840207403289166,1.0,32.46684657710347,-1.6847959200794642,3.607633969562756,0.4760433263594131,0.3542509223984122,1.0490108701251681,1.0490108701251681,1.648349615403481,2.840207403289166,1.0830825624310454
102,50.0,0.07,0.5,final,2.0,2.0,100,hernquist_radius,2.0545894565008713,11.553805576908188,1.0,106.93572083144929,-0.04531785726572555,5.071799120313158,0.3161817240869849,0.07650480645361386,0.7530188951922776,0.7530188951922776,44.330462879879235,2.0545894565008713,0.42450288005916775
102,50.0,0.07,0.5,final,2.0,2.0,100,inward_flux_median,11.553805576908188,11.553805576908188,1.0,4.556868150553823,-1.571292506843361,4.372726512662296,1.7722955099132465,2.082355084062349,5.799810265523114,5.799810265523114,7.189763315684891,11.553805576908188,2.385165608286767
103,50.0,0.07,1.0,mid_assembly,0.5,0.5,25,hernquist_radius,2.0545894565008713,3.524520615108113,0.5,49.16921883164203,-0.4678755494425687,3.383913235774223,0.4625769875967147,0.24937966569697714,0.778019134033915,0.778019134033915,4.293794774502338,2.0545894565008713,0.9382924296510023
103,50.0,0.07,1.0,mid_assembly,0.5,0.5,25,inward_flux_median,3.524520615108113,3.524520615108113,0.5,25.360122127893234,-0.39541623119868524,3.5431746988589836,0.7446274798389618,0.46177419442107326,1.4906463144206394,1.4906463144206394,8.715496660719177,3.524520615108113,1.2477737626596468
103,50.0,0.07,1.0,assembly_end,1.0,1.0,50,hernquist_radius,2.0545894565008713,4.373710719835535,1.0,58.04274201862465,-2.1028422597829937,4.357106675842273,0.3351189096253329,0.16406934798015432,0.56723737335487,0.56723737335487,0.9553553434489329,2.0545894565008713,0.6707055997683988
103,50.0,0.07,1.0,assembly_end,1.0,1.0,50,inward_flux_median,4.373710719835535,4.373710719835535,1.0,19.08525308652875,-1.735733897507802,3.9435430356970174,0.7129480095635328,0.5513013526237364,1.6153119214815885,1.6153119214815885,2.4638455974602222,4.373710719835535,1.2923154587373473
103,50.0,0.07,1.0,final,2.0,2.0,100,hernquist_radius,2.0545894565008713,10.371702597188497,1.0,104.91170617792586,-0.06567938155464394,5.055927657768321,0.31748473922034853,0.0782255751230369,0.743532649767857,0.743532649767857,30.587401125914926,2.0545894565008713,0.42992357404008563
103,50.0,0.07,1.0,final,2.0,2.0,100,inward_flux_median,10.371702597188497,10.371702597188497,1.0,5.4471306948722855,-1.610109593903045,4.313689198142701,1.6063415018275877,1.7658626449324613,5.008869242515938,5.008869242515938,6.298558907741051,10.371702597188497,2.2114205296743594
104,50.0,0.1,0.0,mid_assembly,0.02,0.02,1,hernquist_radius,2.9976957702140035,1.5686915426374495,1.0,30.603994868833535,-0.12157075558493746,3.275966008972729,0.575108887035665,0.4138624826909952,1.3832711688966177,1.3832711688966177,24.110433409561033,2.9976957702140035,1.228501351474126
104,50.0,0.1,0.0,mid_assembly,0.02,0.02,1,inward_flux_median,1.5686915426374495,1.5686915426374495,1.0,63.92112268812733,-0.20850112179621533,2.8334773715876653,0.33601340502316407,0.2290917360119747,0.7327797893449631,0.7327797893449631,7.356576191980844,1.5686915426374495,0.9827931933827639
104,50.0,0.1,0.0,assembly_end,0.02,0.02,1,hernquist_radius,2.9976957702140035,1.5686915426374495,1.0,30.603994868833535,-0.12157075558493746,3.275966008972729,0.575108887035665,0.4138624826909952,1.3832711688966177,1.3832711688966177,24.110433409561033,2.9976957702140035,1.228501351474126
104,50.0,0.1,0.0,assembly_end,0.02,0.02,1,inward_flux_median,1.5686915426374495,1.5686915426374495,1.0,63.92112268812733,-0.20850112179621533,2.8334773715876653,0.33601340502316407,0.2290917360119747,0.7327797893449631,0.7327797893449631,7.356576191980844,1.5686915426374495,0.9827931933827639
104,50.0,0.1,0.0,final,2.0,2.0,100,hernquist_radius,2.9976957702140035,12.870637396137889,1.0,56.7177470405898,0.009511123681123947,4.773786926486544,0.5037180715239277,0.15324685269535507,1.0342198838641257,1.0342198838641257,inf,2.9976957702140035,0.6192721785304247
104,50.0,0.1,0.0,final,2.0,2.0,100,inward_flux_median,12.870637396137889,12.870637396137889,1.0,3.864361506148803,-1.4020142399833233,4.329124546188835,2.0034146918455704,2.4802515994243453,7.195452205025714,7.195452205025714,8.976234887719261,12.870637396137889,2.616165002931334
105,50.0,0.1,0.05,mid_assembly,0.025,0.02,1,hernquist_radius,2.9976957702140035,0.07639018382667788,0.352,30.60614971254441,-0.014994377607906204,3.2752734128232963,0.7735706736485365,0.413920854525458,1.3839306065650858,1.3839306065650858,195.4815120525668,2.9976957702140035,1.2287178763517768
105,50.0,0.1,0.05,mid_assembly,0.025,0.02,1,inward_flux_median,0.07639018382667788,0.07639018382667788,0.352,1323.5097720604385,-0.3006276536491874,1.9597722356651366,0.02935296285627439,0.015997083554303695,0.03137625444063689,0.03137625444063689,0.2484592706353418,0.07639018382667788,0.3122733404072075
105,50.0,0.1,0.05,assembly_end,0.05,0.06,3,hernquist_radius,2.9976957702140035,1.8443785175627527,1.0,30.599808566611255,-0.20817371503305218,3.294531070771051,0.5749525781996556,0.4115866206522901,1.3668511256997513,1.3668511256997513,14.080181095943232,2.9976957702140035,1.221662163030074
105,50.0,0.1,0.05,assembly_end,0.05,0.06,3,inward_flux_median,1.8443785175627527,1.8443785175627527,1.0,53.442373155075344,-0.3135947838310212,2.985969655113526,0.382160233748627,0.26001741780807597,0.8309888100625269,0.8309888100625269,5.7507938948364865,1.8443785175627527,1.0199428276251195
105,50.0,0.1,0.05,final,2.0,2.0,100,hernquist_radius,2.9976957702140035,12.870637396137889,1.0,56.62723516657997,0.0073213462032126276,4.77211096519625,0.5039377147394624,0.15354570568014,1.0334999555718023,1.0334999555718023,inf,2.9976957702140035,0.6199845588440299
105,50.0,0.1,0.05,final,2.0,2.0,100,inward_flux_median,12.870637396137889,12.870637396137889,1.0,3.867635855340482,-1.3983289809798083,4.318238887141999,2.0058124226664504,2.4843988770890606,7.245413960507818,7.245413960507818,8.999891517087304,12.870637396137889,2.6216495262444846
106,50.0,0.1,0.2,mid_assembly,0.1,0.1,5,hernquist_radius,2.9976957702140035,2.2887589475628984,0.5,30.60675573267235,-0.09958646825572649,3.310236286449407,0.7104433917463538,0.4095408935517211,1.353425640321994,1.353425640321994,29.432950665083027,2.9976957702140035,1.2157280634928234
106,50.0,0.1,0.2,mid_assembly,0.1,0.1,5,inward_flux_median,2.2887589475628984,2.2887589475628984,0.5,41.88018992416384,-0.12210968465269713,3.147306429591979,0.5736960545190273,0.3147936002740439,1.0164062535457523,1.0164062535457523,18.32721706385866,2.2887589475628984,1.0931021173273583
106,50.0,0.1,0.2,assembly_end,0.2,0.2,10,hernquist_radius,2.9976957702140035,2.5496176394142833,1.0,30.590587355125194,-0.5460822079262736,3.3687353097027426,0.573362724237128,0.40264180256754245,1.304543285661632,1.304543285661632,5.3675500950882205,2.9976957702140035,1.194932268569854
106,50.0,0.1,0.2,assembly_end,0.2,0.2,10,inward_flux_median,2.5496176394142833,2.5496176394142833,1.0,37.02409550375795,-0.6229996425725783,3.290756931879944,0.49846969093687005,0.3405597385425429,1.084727768427317,1.084727768427317,4.001601486936634,2.5496176394142833,1.1119008242708166
106,50.0,0.1,0.2,final,2.0,2.0,100,hernquist_radius,2.9976957702140035,12.870637396137889,1.0,56.34926266063288,0.00036905866846021564,4.7667713704380885,0.5045610352467632,0.1544759967635997,1.0313486438451354,1.0313486438451354,inf,2.9976957702140035,0.6222080772852546
106,50.0,0.1,0.2,final,2.0,2.0,100,inward_flux_median,12.870637396137889,12.870637396137889,1.0,3.8787952299765536,-1.383770113220745,4.286265535871712,2.0129907387256756,2.4957302383205056,7.395443635747466,7.395443635747466,9.094580822190318,12.870637396137889,2.637403553885333
107,50.0,0.1,0.5,mid_assembly,0.25,0.24,12,hernquist_radius,2.9976957702140035,4.143931378812086,0.470016,30.661291831063956,-0.1727883452905205,3.3712251931584585,0.7211449628772462,0.4014166235251957,1.3039323583636684,1.3039323583636684,16.963665009653067,2.9976957702140035,1.1926722033548278
107,50.0,0.1,0.5,mid_assembly,0.25,0.24,12,inward_flux_median,4.143931378812086,4.143931378812086,0.470016,20.68367336182935,-0.14065952353822184,3.53449210527503,0.9348353426733051,0.5675692779088701,1.903855831763371,1.903855831763371,28.806466618524908,4.143931378812086,1.3850429289626314
107,50.0,0.1,0.5,assembly_end,0.5,0.5,25,hernquist_radius,2.9976957702140035,3.7199538765042663,1.0,30.973202535657162,-1.092530198731547,3.5678230090713487,0.5661711808554944,0.3754777024134984,1.1668569428824056,1.1668569428824056,2.6828765104010466,2.9976957702140035,1.1212636099771585
107,50.0,0.1,0.5,assembly_end,0.5,0.5,25,inward_flux_median,3.7199538765042663,3.7199538765042663,1.0,23.628944041173263,-0.9480950321638827,3.612555728416569,0.6868265548908805,0.48608777288870114,1.5450450059426675,1.5450450059426675,3.8364740264016475,3.7199538765042663,1.2678485359458513
107,50.0,0.1,0.5,final,2.0,2.0,100,hernquist_radius,2.9976957702140035,11.553805576908188,1.0,55.72639989448092,-0.0194382718774896,4.753828078831468,0.5059162629790626,0.15662789361788101,1.0268316729043356,1.0268316729043356,150.7913679546292,2.9976957702140035,0.627379206613471
107,50.0,0.1,0.5,final,2.0,2.0,100,inward_flux_median,11.553805576908188,11.553805576908188,1.0,4.634850846604082,-1.436133887537965,4.293723122277057,1.8200742955032454,2.084988997357019,6.104963971054324,6.104963971054324,7.866412262773306,11.553805576908188,2.4085306012112695
108,50.0,0.1,1.0,mid_assembly,0.5,0.5,25,hernquist_radius,2.9976957702140035,6.046096229598171,0.5,31.186361273766952,-0.2183525127245941,3.476288763542524,0.7088659824436189,0.3827304498269507,1.2340430147676986,1.2340430147676986,13.423814411413037,2.9976957702140035,1.1468480706335922
108,50.0,0.1,1.0,mid_assembly,0.5,0.5,25,inward_flux_median,6.046096229598171,6.046096229598171,0.5,12.726665493968975,-0.19231591652009622,3.7446276378878633,1.252805841147835,0.8706634199577455,2.9977753925166466,2.9977753925166466,30.740179865543663,6.046096229598171,1.666625923330687
108,50.0,0.1,1.0,assembly_end,1.0,1.0,50,hernquist_radius,2.9976957702140035,5.142360925931856,1.0,34.191694682622405,-1.296406550296999,3.9087712034785165,0.5530765088760652,0.31046502982575136,1.0295315726751944,1.0295315726751944,2.2609601952482823,2.9976957702140035,0.9740999526488017
108,50.0,0.1,1.0,assembly_end,1.0,1.0,50,inward_flux_median,5.142360925931856,5.142360925931856,1.0,15.792687911997275,-1.1406446800439618,3.8670683694708994,0.9063456005853198,0.6794158316590013,2.1636238362460642,2.1636238362460642,4.408174256559543,5.142360925931856,1.4487525345262342
108,50.0,0.1,1.0,final,2.0,2.0,100,hernquist_radius,2.9976957702140035,10.371702597188497,1.0,54.147335629125195,-0.08421822564672883,4.721289365927115,0.5094553045767656,0.16230647863110909,1.0152310612059927,1.0152310612059927,34.803910728015964,2.9976957702140035,0.6408478342564516
108,50.0,0.1,1.0,final,2.0,2.0,100,inward_flux_median,10.371702597188497,10.371702597188497,1.0,5.565474708636692,-1.4277489297431767,4.239234497504046,1.657530795566648,1.7586682044506994,5.26347561770773,5.26347561770773,7.103048662023217,10.371702597188497,2.2262069709195904
109,50.0,0.15,0.0,mid_assembly,0.02,0.02,1,hernquist_radius,4.616231233608883,1.8443785175627527,1.0,18.059426800408158,-0.05264068130773771,3.557032501658683,0.9320337389770573,0.6459245194126753,2.2135588221990834,2.2135588221990834,85.74575559376744,4.616231233608883,1.4728695081210357
109,50.0,0.15,0.0,mid_assembly,0.02,0.02,1,inward_flux_median,1.8443785175627527,1.8443785175627527,1.0,53.423320314710125,-0.10767822856062724,2.942788032413888,0.46264401091215923,0.2639269314751204,0.8544808136361124,0.8544808136361124,16.7482228526132,1.8443785175627527,1.0350937025046234
109,50.0,0.15,0.0,assembly_end,0.02,0.02,1,hernquist_radius,4.616231233608883,1.8443785175627527,1.0,18.059426800408158,-0.05264068130773771,3.557032501658683,0.9320337389770573,0.6459245194126753,2.2135588221990834,2.2135588221990834,85.74575559376744,4.616231233608883,1.4728695081210357
109,50.0,0.15,0.0,assembly_end,0.02,0.02,1,inward_flux_median,1.8443785175627527,1.8443785175627527,1.0,53.423320314710125,-0.10767822856062724,2.942788032413888,0.46264401091215923,0.2639269314751204,0.8544808136361124,0.8544808136361124,16.7482228526132,1.8443785175627527,1.0350937025046234
109,50.0,0.15,0.0,final,2.0,2.0,100,hernquist_radius,4.616231233608883,13.584309102806959,1.0,27.40258416978959,-0.0038221458213517686,4.510555028347065,0.8242416880238594,0.33570055568820095,1.6489215138676296,1.6489215138676296,1180.937411777326,4.616231233608883,0.9429275827340791
109,50.0,0.15,0.0,final,2.0,2.0,100,inward_flux_median,13.584309102806959,13.584309102806959,1.0,3.6221249843733294,-1.1692945865980862,4.2300696281246175,2.179742454098777,2.7080870357839077,8.455116876163864,8.455116876163864,11.35952558907872,13.584309102806959,2.765507583668959
110,50.0,0.15,0.05,mid_assembly,0.025,0.02,1,hernquist_radius,4.616231233608883,0.03997491556685718,0.352,18.05997874436471,-0.006492776125392491,3.556835568309319,1.1387796757351125,0.64594054102975,2.2138625579804967,2.2138625579804967,695.1903017339635,4.616231233608883,1.472928549201009
110,50.0,0.15,0.05,mid_assembly,0.025,0.02,1,inward_flux_median,0.03997491556685718,0.03997491556685718,0.352,1886.8203272395558,-1.5950858312936949,2.2002790807251413,0.011734763803529278,0.009994596142314034,0.010552674030695347,0.010552674030695347,0.024504738702316467,0.03997491556685718,0.23294910320261814
110,50.0,0.15,0.05,assembly_end,0.05,0.06,3,hernquist_radius,4.616231233608883,2.2887589475628984,1.0,18.05827436973191,-0.0905134814791085,3.5625959762373047,0.9319231406892716,0.6449569778731621,2.2056395896632828,2.2056395896632828,49.86787514901297,4.616231233608883,1.470616346693276
110,50.0,0.15,0.05,assembly_end,0.05,0.06,3,inward_flux_median,2.2887589475628984,2.2887589475628984,1.0,41.880301520347714,-0.1575485126857803,3.120787150322332,0.541218508296096,0.3174677523365503,1.033692823411613,1.033692823411613,14.204708493140206,2.2887589475628984,1.1023894205919005
110,50.0,0.15,0.05,final,2.0,2.0,100,hernquist_radius,4.616231233608883,13.584309102806959,1.0,27.336050290710705,-0.01047054749864502,4.507288060819155,0.8247452294477451,0.3367615397845549,1.648804959533143,1.648804959533143,431.0868170252601,4.616231233608883,0.9447586755121543
110,50.0,0.15,0.05,final,2.0,2.0,100,inward_flux_median,13.584309102806959,13.584309102806959,1.0,3.6256335104059274,-1.1626701713459182,4.222752067086806,2.182015482621853,2.7101546928719804,8.496230481985823,8.496230481985823,11.4242474822039,13.584309102806959,2.768959167394188
111,50.0,0.15,0.2,mid_assembly,0.1,0.1,5,hernquist_radius,4.616231233608883,2.9976957702140035,0.5,18.059856448181886,-0.04413668473923952,3.567592739092934,1.0794964248567145,0.6439972321430701,2.1986809057638967,2.1986809057638967,102.26674296834493,4.616231233608883,1.4684922789319095
111,50.0,0.15,0.2,mid_assembly,0.1,0.1,5,inward_flux_median,2.9976957702140035,2.9976957702140035,0.5,30.612891793765204,-0.05838517649503352,3.3097137006387998,0.7893261082715366,0.4095234563208673,1.3539961685600597,1.3539961685600597,50.203215662626086,2.9976957702140035,1.2157981544777552
111,50.0,0.15,0.2,assembly_end,0.2,0.2,10,hernquist_radius,4.616231233608883,3.7199538765042663,1.0,18.05360156941756,-0.242424345970467,3.586719961913899,0.9307691247109399,0.6407848608423244,2.1718344626451893,2.1718344626451893,18.61906639629568,4.616231233608883,1.460914128160227
111,50.0,0.15,0.2,assembly_end,0.2,0.2,10,inward_flux_median,3.7199538765042663,3.7199538765042663,1.0,23.62750823016495,-0.28713468492331895,3.4740378308496074,0.7832543672263983,0.5054999297143205,1.680837805766037,1.680837805766037,12.6677206079389,3.7199538765042663,1.3184406381282103
111,50.0,0.15,0.2,final,2.0,2.0,100,hernquist_radius,4.616231233608883,12.870637396137889,1.0,27.116949968849678,-0.03350644096767733,4.496587685210507,0.8263672083089508,0.3402903703858581,1.6483962040486602,1.6483962040486602,134.71186026761026,4.616231233608883,0.9508250153126367
111,50.0,0.15,0.2,final,2.0,2.0,100,inward_flux_median,12.870637396137889,12.870637396137889,1.0,3.971708391689444,-1.1787505923437986,4.224115691410213,2.0794719116428064,2.473206659910744,7.7203195603796875,7.7203195603796875,10.676396869497378,12.870637396137889,2.6447194199125565
112,50.0,0.15,0.5,mid_assembly,0.25,0.24,12,hernquist_radius,4.616231233608883,5.728455650146755,0.470016,18.071202260784915,-0.08077712895675905,3.5886959121104387,1.0902159221728376,0.6398082847255383,2.169889796167238,2.169889796167238,55.87862619032826,4.616231233608883,1.4593985230353017
112,50.0,0.15,0.5,mid_assembly,0.25,0.24,12,inward_flux_median,5.728455650146755,5.728455650146755,0.470016,13.663526905016374,-0.07240527861164255,3.697502579127722,1.27839310723818,0.8213008346365726,2.8352182398482224,2.8352182398482224,77.35954455751799,5.728455650146755,1.6289741477315371
112,50.0,0.15,0.5,assembly_end,0.5,0.5,25,hernquist_radius,4.616231233608883,5.142360925931856,1.0,18.123655825880824,-0.5151730167665513,3.660143597109464,0.9251841492870774,0.6255033437510843,2.077525384802619,2.077525384802619,8.761551647313961,4.616231233608883,1.4288382191989182
112,50.0,0.15,0.5,assembly_end,0.5,0.5,25,inward_flux_median,5.142360925931856,5.142360925931856,1.0,15.747243342386195,-0.4827163005727282,3.698174601893163,1.010608334663789,0.7124946632638883,2.3936165487874597,2.3936165487874597,10.416388484262143,5.142360925931856,1.5171006860587344
112,50.0,0.15,0.5,final,2.0,2.0,100,hernquist_radius,4.616231233608883,12.194459484776724,1.0,26.54236712829917,-0.10090707457428258,4.46957583796323,0.8305809832436339,0.34975795703470547,1.6467072766092912,1.6467072766092912,44.73140275590802,4.616231233608883,0.9668696972063985
112,50.0,0.15,0.5,final,2.0,2.0,100,inward_flux_median,12.194459484776724,12.194459484776724,1.0,4.363797996226522,-1.164511542420572,4.199598605641366,1.9895310549966227,2.2641288816848353,7.142747264698109,7.142747264698109,10.239183724217556,12.194459484776724,2.537838512341183
113,50.0,0.15,1.0,mid_assembly,0.5,0.5,25,hernquist_radius,4.616231233608883,8.357955511729823,0.5,18.191193101176214,-0.1146808775728452,3.633360727683848,1.0780815307841984,0.6277747798975942,2.11513085634219,2.11513085634219,39.35891570794418,4.616231233608883,1.4366963092399094
113,50.0,0.15,1.0,mid_assembly,0.5,0.5,25,inward_flux_median,8.357955511729823,8.357955511729823,0.5,8.124364387412646,-0.1109319566529109,3.8722254210889413,1.6851522702254236,1.318935447736716,4.678297621534129,4.678297621534129,73.66987958297275,8.357955511729823,2.0171990598731537
113,50.0,0.15,1.0,assembly_end,1.0,1.0,50,hernquist_radius,4.616231233608883,6.735193154785496,1.0,18.898486400129418,-0.6947962178812781,3.8050134919060814,0.9134267689015169,0.5770193039983594,1.9370493219851919,1.9370493219851919,6.496458785378639,4.616231233608883,1.3459668802302402
113,50.0,0.15,1.0,assembly_end,1.0,1.0,50,inward_flux_median,6.735193154785496,6.735193154785496,1.0,11.049096498246982,-0.6551093145116085,3.8694066362602486,1.2508890883473407,0.9705153916856061,3.296441154453942,3.296441154453942,10.052703163252392,6.735193154785496,1.7309970602510885
113,50.0,0.15,1.0,final,2.0,2.0,100,hernquist_radius,4.616231233608883,10.94680936663417,1.0,24.410369939187806,-0.40825659688856875,4.392207453818243,0.8435299418887932,0.38700480772540896,1.6252540489479355,1.6252540489479355,11.056073626495918,4.616231233608883,1.02596857925322
113,50.0,0.15,1.0,final,2.0,2.0,100,inward_flux_median,10.94680936663417,10.94680936663417,1.0,5.262798984768113,-1.1140713554622197,4.156826444128918,1.8211520797866685,1.8966836114114807,6.107345769791572,6.107345769791572,9.607737420442348,10.94680936663417,2.334714617505711
114,50.0,0.2,0.0,mid_assembly,0.02,0.02,1,hernquist_radius,6.046096229598171,1.9466485702306768,1.0,12.71645756667732,-0.030143261250657163,3.715979177706197,1.2278085192048107,0.8780801264322877,3.0526165987289877,3.0526165987289877,196.12429510113978,6.046096229598171,1.680148779312176
114,50.0,0.2,0.0,mid_assembly,0.02,0.02,1,inward_flux_median,1.9466485702306768,1.9466485702306768,1.0,50.29098616938424,-0.06822209430352623,2.9794741227561827,0.5446017121025468,0.2769132879781051,0.9000263962631853,0.9000263962631853,27.90031367036474,1.9466485702306768,1.0537058518257647
114,50.0,0.2,0.0,assembly_end,0.02,0.02,1,hernquist_radius,6.046096229598171,1.9466485702306768,1.0,12.71645756667732,-0.030143261250657163,3.715979177706197,1.2278085192048107,0.8780801264322877,3.0526165987289877,3.0526165987289877,196.12429510113978,6.046096229598171,1.680148779312176
114,50.0,0.2,0.0,assembly_end,0.02,0.02,1,inward_flux_median,1.9466485702306768,1.9466485702306768,1.0,50.29098616938424,-0.06822209430352623,2.9794741227561827,0.5446017121025468,0.2769132879781051,0.9000263962631853,0.9000263962631853,27.90031367036474,1.9466485702306768,1.0537058518257647
114,50.0,0.2,0.0,final,2.0,2.0,100,hernquist_radius,6.046096229598171,13.584309102806959,1.0,17.104670592411786,-0.07611402574299127,4.3610910184860625,1.1066264108954411,0.5562419008892748,2.374991425050759,2.374991425050759,77.67065014793297,6.046096229598171,1.2343876773416167
114,50.0,0.2,0.0,final,2.0,2.0,100,inward_flux_median,13.584309102806959,13.584309102806959,1.0,3.689202608975591,-1.0010637914410174,4.194901357773032,2.235154577485438,2.6811388522942674,8.671532405959415,8.671532405959415,13.268516842979626,13.584309102806959,2.763223916972641
115,50.0,0.2,0.05,mid_assembly,0.025,0.02,1,hernquist_radius,6.046096229598171,0.030521091096306997,0.352,12.716663980049404,-0.0037112989926414183,3.7158930506214047,1.4182248756066669,0.8780862255167186,3.0528010774210244,3.0528010774210244,1592.9263248680088,6.046096229598171,1.6801740856263792
115,50.0,0.2,0.05,mid_assembly,0.025,0.02,1,inward_flux_median,0.030521091096306997,0.030521091096306997,0.352,2340.6133891486447,-2.252258002108338,2.356630543537454,0.007875579042831074,0.007522329951325466,0.007034764151255553,0.007034764151255553,0.013250384921817788,0.030521091096306997,0.19527549218415746
115,50.0,0.2,0.05,assembly_end,0.05,0.06,3,hernquist_radius,6.046096229598171,2.6909929199128513,1.0,12.7160015105446,-0.052045802485103335,3.7169991215321794,1.2277307030016014,0.8778706648958354,3.0505773017322717,3.0505773017322717,113.58890789563162,6.046096229598171,1.6797178673334956
115,50.0,0.2,0.05,assembly_end,0.05,0.06,3,inward_flux_median,2.6909929199128513,2.6909929199128513,1.0,34.74479970252186,-0.09500087125549816,3.2240789797315323,0.6790017502801919,0.3704060585299758,1.2215189268287363,1.2215189268287363,27.696924364118168,2.6909929199128513,1.1715302512980421
115,50.0,0.2,0.05,final,2.0,2.0,100,hernquist_radius,6.046096229598171,13.584309102806959,1.0,17.037913501104203,-0.08961810570920181,4.356239039834539,1.1076764473471719,0.5590433094219769,2.376446679493694,2.376446679493694,65.96686928440202,6.046096229598171,1.2381811225990587
115,50.0,0.2,0.05,final,2.0,2.0,100,inward_flux_median,13.584309102806959,13.584309102806959,1.0,3.6921634203428826,-0.9945505525484267,4.189089761418343,2.2372963656196387,2.6827054067584943,8.705307599012368,8.705307599012368,13.355411390197204,13.584309102806959,2.7659476863636416
116,50.0,0.2,0.2,mid_assembly,0.1,0.1,5,hernquist_radius,6.046096229598171,3.3393547282353855,0.5,12.716533277630603,-0.02594703162433692,3.717912253057895,1.3669200189550323,0.8776183560731756,3.048821484234013,3.048821484234013,227.84208808261764,6.046096229598171,1.6792702109687954
116,50.0,0.2,0.2,mid_assembly,0.1,0.1,5,inward_flux_median,3.3393547282353855,3.3393547282353855,0.5,26.919839872058784,-0.03538334415127584,3.3749286927551783,0.9078932746065417,0.45670576377982164,1.5232635516833517,1.5232635516833517,92.28056751056953,3.3393547282353855,1.2714615999505823
116,50.0,0.2,0.2,assembly_end,0.2,0.2,10,hernquist_radius,6.046096229598171,4.872199413075837,1.0,12.71374253589394,-0.14203445169996598,3.723740937452046,1.2268973044419837,0.876436981519255,3.037204452304082,3.037204452304082,41.62247816693655,6.046096229598171,1.6768256949646276
116,50.0,0.2,0.2,assembly_end,0.2,0.2,10,inward_flux_median,4.872199413075837,4.872199413075837,1.0,16.863080080999605,-0.16723967072957283,3.6136324250810428,1.0414993409528943,0.6809146671757988,2.321025267875374,2.321025267875374,28.486056375264354,4.872199413075837,1.500346812796055
116,50.0,0.2,0.2,final,2.0,2.0,100,hernquist_radius,6.046096229598171,13.584309102806959,1.0,16.799282583054705,-0.13993257814305662,4.340128936182884,1.1111938859236736,0.5690890101696473,2.3803187313985843,2.3803187313985843,42.24767343878155,6.046096229598171,1.2515727138690018
116,50.0,0.2,0.2,final,2.0,2.0,100,inward_flux_median,13.584309102806959,13.584309102806959,1.0,3.701654234060008,-0.9731256846495716,4.172288603899108,2.243654583711391,2.68660225491232,8.804274784771893,8.804274784771893,13.649451439990855,13.584309102806959,2.773523304260637
117,50.0,0.2,0.5,mid_assembly,0.25,0.24,12,hernquist_radius,6.046096229598171,7.10865692705865,0.470016,12.720092181826292,-0.05045935183525919,3.723808196635661,1.3764807490110889,0.8759836573717881,3.037532726565395,3.037532726565395,117.16016258266055,6.046096229598171,1.6763768426411683
117,50.0,0.2,0.5,mid_assembly,0.25,0.24,12,inward_flux_median,7.10865692705865,7.10865692705865,0.470016,10.205984388012281,-0.0468153724244651,3.8010771706781568,1.5446955185060078,1.0695768132826178,3.751829708286327,3.751829708286327,148.47237328059398,7.10865692705865,1.8334537075713349
117,50.0,0.2,0.5,assembly_end,0.5,0.5,25,hernquist_radius,6.046096229598171,7.10865692705865,1.0,12.73496393243751,-0.31500365663095853,3.7538068937394655,1.2226234161341307,0.8679684101219862,2.980897148763514,2.980897148763514,18.767483298648237,6.046096229598171,1.6620087219056678
117,50.0,0.2,0.5,assembly_end,0.5,0.5,25,inward_flux_median,7.10865692705865,7.10865692705865,1.0,10.201677002663102,-0.2854357631662758,3.8160631133509666,1.3867761791150817,1.06582633821775,3.715192807689159,3.715192807689159,24.351501622542457,7.10865692705865,1.8266391112756402
117,50.0,0.2,0.5,final,2.0,2.0,100,hernquist_radius,6.046096229598171,12.870637396137889,1.0,16.018669919809653,-0.320334747991439,4.297273709394219,1.1209099832159184,0.6027734254459451,2.3821620406408717,2.3821620406408717,18.455150126244288,6.046096229598171,1.2944874464589216
117,50.0,0.2,0.5,final,2.0,2.0,100,inward_flux_median,12.870637396137889,12.870637396137889,1.0,4.07084695859761,-0.9503050823620262,4.152550810947419,2.1493128421857106,2.4545610324033147,8.114939941096003,8.114939941096003,13.24291468876227,12.870637396137889,2.6573376618258155
118,50.0,0.2,1.0,mid_assembly,0.5,0.5,25,hernquist_radius,6.046096229598171,9.826809909781227,0.5,12.761347302645625,-0.08214078149789122,3.741954104052717,1.3656029777277467,0.8689175747602857,3.005393256612125,3.005393256612125,71.97187264387557,6.046096229598171,1.6655488125107973
118,50.0,0.2,1.0,mid_assembly,0.5,0.5,25,inward_flux_median,9.826809909781227,9.826809909781227,0.5,6.408802331664362,-0.0795937155332054,3.932130229820556,1.9460211209070917,1.646526771166194,5.90988588785003,5.90988588785003,120.72031352414015,9.826809909781227,2.236597084315648
118,50.0,0.2,1.0,assembly_end,1.0,1.0,50,hernquist_radius,6.046096229598171,8.82140080901636,1.0,13.015752179516037,-0.46135692947981094,3.831000351125204,1.2124024551034185,0.8321317699939107,2.859810800856458,2.859810800856458,12.813996034481022,6.046096229598171,1.610858000642214
118,50.0,0.2,1.0,assembly_end,1.0,1.0,50,inward_flux_median,8.82140080901636,8.82140080901636,1.0,7.516906422239309,-0.43278290134965136,3.9221125575025817,1.6348533715346798,1.4073897033625375,4.9563334023789665,4.9563334023789665,19.93030932711493,8.82140080901636,2.0704486358303518
118,50.0,0.2,1.0,final,2.0,2.0,100,hernquist_radius,6.046096229598171,11.553805576908188,1.0,14.823643451551382,-0.594614579410446,4.184371033048795,1.1473327520855257,0.6689419296626464,2.446826180319616,2.446826180319616,9.942282058903013,6.046096229598171,1.3819630093330466
118,50.0,0.2,1.0,final,2.0,2.0,100,inward_flux_median,11.553805576908188,11.553805576908188,1.0,4.916436275214474,-0.8866836892015497,4.1168788080464696,1.9732373843069833,2.0500057027663505,6.896052997966037,6.896052997966037,12.740982338454865,11.553805576908188,2.4389943600547626
119,50.0,0.3,0.0,mid_assembly,0.02,0.02,1,hernquist_radius,8.82140080901636,1.7474813728930405,1.0,7.514190287876852,-0.013745739547078807,3.9047605074368037,1.7359341991852855,1.4141548749686312,5.012464750235964,5.012464750235964,627.503312269428,8.82140080901636,2.08002516411271
119,50.0,0.3,0.0,mid_assembly,0.02,0.02,1,inward_flux_median,1.7474813728930405,1.7474813728930405,1.0,56.72708334156751,-0.036405554742186305,2.9050040746413712,0.5911286509807742,0.2517887753902694,0.8121430883069012,0.8121430883069012,46.93442267388091,1.7474813728930405,1.0175648873444623
119,50.0,0.3,0.0,assembly_end,0.02,0.02,1,hernquist_radius,8.82140080901636,1.7474813728930405,1.0,7.514190287876852,-0.013745739547078807,3.9047605074368037,1.7359341991852855,1.4141548749686312,5.012464750235964,5.012464750235964,627.503312269428,8.82140080901636,2.08002516411271
119,50.0,0.3,0.0,assembly_end,0.02,0.02,1,inward_flux_median,1.7474813728930405,1.7474813728930405,1.0,56.72708334156751,-0.036405554742186305,2.9050040746413712,0.5911286509807742,0.2517887753902694,0.8121430883069012,0.8121430883069012,46.93442267388091,1.7474813728930405,1.0175648873444623
119,50.0,0.3,0.0,final,2.0,2.0,100,hernquist_radius,8.82140080901636,15.132565246616394,1.0,8.121717998186874,-0.5159933895091491,4.206021199659977,1.6240811544606333,1.214658525829429,4.235163041855248,4.235163041855248,16.716293795139556,8.82140080901636,1.857413832425258
119,50.0,0.3,0.0,final,2.0,2.0,100,inward_flux_median,15.132565246616394,15.132565246616394,1.0,3.1468956499400487,-0.7185469584893802,4.136840703193642,2.548961882472641,3.1872962084171883,10.956397095847741,10.956397095847741,20.592258331070827,15.132565246616394,3.033850085726848
120,50.0,0.3,0.05,mid_assembly,0.025,0.02,1,hernquist_radius,8.82140080901636,0.02459518282191551,0.352,7.51424033274065,-0.0016686228549871352,3.904734157418188,1.890453264150443,1.4141549996623366,5.012558678029321,5.012558678029321,5169.231063571474,8.82140080901636,2.080032274042025
120,50.0,0.3,0.05,mid_assembly,0.025,0.02,1,inward_flux_median,0.02459518282191551,0.02459518282191551,0.352,2874.856245902463,-2.8147601253461163,2.498831128637165,0.005710239347301345,0.005775911437060531,0.005247481327248559,0.005247481327248559,0.008543882030135258,0.02459518282191551,0.16617248394352474
120,50.0,0.3,0.05,assembly_end,0.05,0.06,3,hernquist_radius,8.82140080901636,3.163916804227846,1.0,7.514064636786253,-0.02390856574132998,3.9028877453082047,1.7358940205711944,1.414857102229809,5.01860488125367,5.01860488125367,360.77016031430924,8.82140080901636,2.081040643126953
120,50.0,0.3,0.05,assembly_end,0.05,0.06,3,inward_flux_median,3.163916804227846,3.163916804227846,1.0,28.712137472395614,-0.04707711251557454,3.327398030153966,0.8571615520703311,0.4343134572185007,1.449430073525001,1.449430073525001,65.71459199405345,3.163916804227846,1.2487243146959972
120,50.0,0.3,0.05,final,2.0,2.0,100,hernquist_radius,8.82140080901636,15.132565246616394,1.0,8.105045178370402,-0.5219590092665934,4.199232129423037,1.6263315286057205,1.2191250173817514,4.249868358757599,4.249868358757599,16.525238461741537,8.82140080901636,1.8623293300448533
120,50.0,0.3,0.05,final,2.0,2.0,100,inward_flux_median,15.132565246616394,15.132565246616394,1.0,3.1487667006819344,-0.7126294975858222,4.133619014751966,2.5506472129662643,3.1878849235287587,10.980794692221739,10.980794692221739,20.763250247631795,15.132565246616394,3.0353124094489288
121,50.0,0.3,0.2,mid_assembly,0.1,0.1,5,hernquist_radius,8.82140080901636,3.163916804227846,0.5,7.514151201787364,-0.012402557704096009,3.9010521579043007,1.851503665474146,1.4155065369336794,5.024664946378526,5.024664946378526,695.4611541566304,8.82140080901636,2.082007855951226
121,50.0,0.3,0.2,mid_assembly,0.1,0.1,5,inward_flux_median,3.163916804227846,3.163916804227846,0.5,28.71555742109292,-0.014563470014691722,3.3418516520407158,0.9447053529395905,0.4323835348708256,1.4362539821540785,1.4362539821540785,212.42555778933388,3.163916804227846,1.2432494991121763
121,50.0,0.3,0.2,assembly_end,0.2,0.2,10,hernquist_radius,8.82140080901636,6.381349852403016,1.0,7.5131460696854395,-0.0677003136401767,3.897890007374764,1.735438832119829,1.4168443864892313,5.034960270098939,5.034960270098939,127.40704779048502,8.82140080901636,2.0838362550905267
121,50.0,0.3,0.2,assembly_end,0.2,0.2,10,inward_flux_median,6.381349852403016,6.381349852403016,1.0,11.82852462553206,-0.08522349665162066,3.749703196532448,1.3734862900744338,0.9355049605787583,3.2567392887586375,3.2567392887586375,73.21495238584376,6.381349852403016,1.726401893073182
121,50.0,0.3,0.2,final,2.0,2.0,100,hernquist_radius,8.82140080901636,14.337553620769176,1.0,8.068347478308594,-0.5318768798710073,4.178624208068008,1.6332086073525351,1.2307097933631248,4.297013314137873,4.297013314137873,16.21709350757398,8.82140080901636,1.87576519398648
121,50.0,0.3,0.2,final,2.0,2.0,100,inward_flux_median,14.337553620769176,14.337553620769176,1.0,3.4585492202356893,-0.7115429590213322,4.129335337584887,2.4404281146431974,2.9053566524086394,9.99933738468201,9.99933738468201,19.702462417169443,14.337553620769176,2.899191833270582
122,50.0,0.3,0.5,mid_assembly,0.25,0.24,12,hernquist_radius,8.82140080901636,8.357955511729823,0.470016,7.514446631190443,-0.027076521268210207,3.89606613570765,1.858983185176215,1.4172623212326587,5.041189997366626,5.041189997366626,318.560017734323,8.82140080901636,2.084631342668799
122,50.0,0.3,0.5,mid_assembly,0.25,0.24,12,inward_flux_median,8.357955511729823,8.357955511729823,0.470016,8.124202625052144,-0.027716984777739644,3.8732984425757673,1.790219306056042,1.3185963167678072,4.674987610542279,4.674987610542279,294.84967264862655,8.357955511729823,2.0166603111052446
122,50.0,0.3,0.5,assembly_end,0.5,0.5,25,hernquist_radius,8.82140080901636,9.310543963066504,1.0,7.51387825031975,-0.1628486415821421,3.895666716971061,1.7328341347641634,1.417514850277122,5.042430080802399,5.042430080802399,52.9663435419819,8.82140080901636,2.084923929461988
122,50.0,0.3,0.5,assembly_end,0.5,0.5,25,inward_flux_median,9.310543963066504,9.310543963066504,1.0,6.941297520495782,-0.15755823863628904,3.9154138286781506,1.803873920539903,1.5267053800513504,5.451444379611307,5.451444379611307,57.78039628710764,9.310543963066504,2.158271547895776
122,50.0,0.3,0.5,final,2.0,2.0,100,hernquist_radius,8.82140080901636,14.337553620769176,1.0,8.03538857200262,-0.5253208344614778,4.137142522108418,1.6473594381079566,1.2481483320531197,4.400444457518948,4.400444457518948,16.419484112460673,8.82140080901636,1.8984543643209946
122,50.0,0.3,0.5,final,2.0,2.0,100,inward_flux_median,14.337553620769176,14.337553620769176,1.0,3.4716197299348064,-0.6705748173636414,4.110244361016039,2.4504802375544994,2.907861892075929,10.132262916583779,10.132262916583779,20.906165941983154,14.337553620769176,2.907169606711293
123,50.0,0.3,1.0,mid_assembly,0.5,0.5,25,hernquist_radius,8.82140080901636,11.553805576908188,0.5,7.520431793017567,-0.05538133351326305,3.8919743395977857,1.8504498779029603,1.417623229648144,5.055658500381602,5.055658500381602,155.74737096785748,8.82140080901636,2.0859924352045898
123,50.0,0.3,1.0,mid_assembly,0.5,0.5,25,inward_flux_median,11.553805576908188,11.553805576908188,0.5,5.007032956289688,-0.05185950499431746,3.986723471110404,2.2470051836029317,2.078629101064368,7.535571665909002,7.535571665909002,217.8428279473714,11.553805576908188,2.4957308522304076
123,50.0,0.3,1.0,assembly_end,1.0,1.0,50,hernquist_radius,8.82140080901636,11.553805576908188,1.0,7.559333723939751,-0.27944267948829593,3.914936539742419,1.724925660668197,1.4020558724415748,4.985813786118511,4.985813786118511,30.866784956326203,8.82140080901636,2.0684146246464707
123,50.0,0.3,1.0,assembly_end,1.0,1.0,50,inward_flux_median,11.553805576908188,11.553805576908188,1.0,5.001489783662774,-0.2596721618719965,3.986499953557882,2.1179698974066126,2.0810495296666405,7.535331999260822,7.535331999260822,43.505707899030895,11.553805576908188,2.497253493566218
123,50.0,0.3,1.0,final,2.0,2.0,100,hernquist_radius,8.82140080901636,13.584309102806959,1.0,8.053109314332458,-0.4582121859376808,4.071095285207101,1.6712674530441047,1.2656065228095268,4.5835622774661005,4.5835622774661005,18.82424204352769,8.82140080901636,1.9271300403319305
123,50.0,0.3,1.0,final,2.0,2.0,100,inward_flux_median,13.584309102806959,13.584309102806959,1.0,3.8300560382701243,-0.6029954157443667,4.083683317439366,2.3577005098717527,2.652872524916161,9.37856912722671,9.37856912722671,22.02774918485153,13.584309102806959,2.785796995626671
124,100.0,0.01,0.0,mid_assembly,0.02,0.02,1,hernquist_radius,0.2944252517842078,0.4533932551642464,1.0,375.472221815802,-10.0747787349614,2.2383388316496524,0.021328089086940318,0.024685386351685257,0.22599479321952037,0.22599479321952037,0.02857499193128525,0.2944252517842078,0.25666068836155254
124,100.0,0.01,0.0,mid_assembly,0.02,0.02,1,inward_flux_median,0.4533932551642464,0.4533932551642464,1.0,231.96263574061717,-6.8733573725836035,2.2385238702463255,0.03356133450221786,0.0399543257139812,0.34152630116272464,0.34152630116272464,0.06449895942126659,0.4533932551642464,0.32651515443594714
124,100.0,0.01,0.0,assembly_end,0.02,0.02,1,hernquist_radius,0.2944252517842078,0.4533932551642464,1.0,375.472221815802,-10.0747787349614,2.2383388316496524,0.021328089086940318,0.024685386351685257,0.22599479321952037,0.22599479321952037,0.02857499193128525,0.2944252517842078,0.25666068836155254
124,100.0,0.01,0.0,assembly_end,0.02,0.02,1,inward_flux_median,0.4533932551642464,0.4533932551642464,1.0,231.96263574061717,-6.8733573725836035,2.2385238702463255,0.03356133450221786,0.0399543257139812,0.34152630116272464,0.34152630116272464,0.06449895942126659,0.4533932551642464,0.32651515443594714
124,100.0,0.01,0.0,final,2.0,2.0,100,hernquist_radius,0.2944252517842078,12.870637396137889,1.0,4235.606000942456,-0.11351133236346425,9.720584075520732,0.02044365488922734,0.0005038899013186628,0.5571637711422186,0.5571637711422186,2.5361936563231464,0.2944252517842078,0.017596405101916835
124,100.0,0.01,0.0,final,2.0,2.0,100,inward_flux_median,12.870637396137889,12.870637396137889,1.0,3.770160722685563,-1.4600844757440357,4.738301478293054,1.8636282200403835,1.1613443626857223,4.271816944069774,4.271816944069774,8.619233573868728,12.870637396137889,1.2099612673973534
125,100.0,0.01,0.05,mid_assembly,0.025,0.02,1,hernquist_radius,0.2944252517842078,0.25041627736106725,0.352,369.71368786762616,-1.5536267011354195,1.945215522656752,0.035583067157498885,0.02884764162566353,0.2605752377404668,0.2605752377404668,0.18529980261707224,0.2944252517842078,0.2976278716370815
125,100.0,0.01,0.05,mid_assembly,0.025,0.02,1,inward_flux_median,0.25041627736106725,0.25041627736106725,0.352,437.37172204558317,-1.8023333407971096,1.912555109207155,0.030350243399351357,0.024801555052079982,0.22487754389956244,0.22487754389956244,0.13585449630400762,0.25041627736106725,0.27831382611707595
125,100.0,0.01,0.05,assembly_end,0.05,0.06,3,hernquist_radius,0.2944252517842078,0.6981923003638827,1.0,393.5100614004289,-13.655399435735315,3.2621758218762524,0.02125167212205462,0.01616145155887607,0.15793820484000776,0.011004652202475209,0.02108226291115476,0.07771764231221634,0.17202390616502297
125,100.0,0.01,0.05,assembly_end,0.05,0.06,3,inward_flux_median,0.6981923003638827,0.6981923003638827,1.0,143.49803500023873,-6.596206668919374,2.576685596153653,0.054992557419470824,0.05610947260480414,0.4429470246371392,0.4429470246371392,0.10349690887490995,0.6981923003638827,0.36065311144936607
125,100.0,0.01,0.05,final,2.0,2.0,100,hernquist_radius,0.2944252517842078,12.870637396137889,1.0,4193.967050626588,-0.11582859125346885,9.731744447240693,0.02043934392427423,0.0005083090714040121,0.5510548521337414,0.5510548521337414,2.485454739158667,0.2944252517842078,0.01766326102978457
125,100.0,0.01,0.05,final,2.0,2.0,100,inward_flux_median,12.870637396137889,12.870637396137889,1.0,3.7693513013986135,-1.4708270185917909,4.722342376893068,1.8656131160840261,1.165519339558007,4.301650101350081,4.301650101350081,8.556280905192065,12.870637396137889,1.2141806615968862
126,100.0,0.01,0.2,mid_assembly,0.1,0.1,5,hernquist_radius,0.2944252517842078,0.5330740665732333,0.5,389.6179486054918,-7.775199600185926,2.8943877040800214,0.029785811120667374,0.018397038214351943,0.17742558914330256,0.17742558914330256,0.0370262804641211,0.2944252517842078,0.19484887732625464
126,100.0,0.01,0.2,mid_assembly,0.1,0.1,5,inward_flux_median,0.5330740665732333,0.5330740665732333,0.5,192.22419073633645,-4.841814937843148,2.586331435685266,0.05628478146284686,0.04173028499562511,0.33601508853942735,0.33601508853942735,0.10765295298693224,0.5330740665732333,0.3104458731297274
126,100.0,0.01,0.2,assembly_end,0.2,0.2,10,hernquist_radius,0.2944252517842078,1.4081942126045655,1.0,1872.8206512334202,-0.5367239151698829,9.581671707840105,0.021018769852354333,0.0011561284649959417,0.25001184200593524,0.25001184200593524,0.5363776662902842,0.2944252517842078,0.026846316661131082
126,100.0,0.01,0.2,assembly_end,0.2,0.2,10,inward_flux_median,1.4081942126045655,1.4081942126045655,1.0,63.96112864494803,-5.863169893993086,3.230238358252185,0.13122894767585522,0.1004136796019586,0.666997397508615,0.666997397508615,0.2348424781467319,1.4081942126045655,0.4309049279316533
126,100.0,0.01,0.2,final,2.0,2.0,100,hernquist_radius,0.2944252517842078,12.194459484776724,1.0,4143.952439295511,-0.12616470792326667,9.772768950943817,0.020374280606832756,0.0005122844540845265,0.5421981626077804,0.5421981626077804,2.281832422075585,0.2944252517842078,0.017694939320060967
126,100.0,0.01,0.2,final,2.0,2.0,100,inward_flux_median,12.194459484776724,12.194459484776724,1.0,4.107094766073418,-1.5219926327232636,4.754759559264617,1.7612555235291871,1.0623809789487275,3.9624851157781373,3.9624851157781373,7.834234788956578,12.194459484776724,1.1552558275940457
127,100.0,0.01,0.5,mid_assembly,0.25,0.24,12,hernquist_radius,0.2944252517842078,0.9651616453781562,0.470016,1318.4765573320938,-1.4026077296133874,6.247987574232045,0.03019877560594377,0.002518436475997192,0.27029408736028715,0.27029408736028715,0.20525105842697652,0.2944252517842078,0.049067928834609684
127,100.0,0.01,0.5,mid_assembly,0.25,0.24,12,inward_flux_median,0.9651616453781562,0.9651616453781562,0.470016,98.21443776529055,-4.204983793737291,3.154517243970008,0.1163707372746627,0.0669630659303791,0.4720705987634879,0.4720705987634879,0.2244307221637661,0.9651616453781562,0.3560848666541561
127,100.0,0.01,0.5,assembly_end,0.5,0.5,25,hernquist_radius,0.2944252517842078,2.6909929199128513,1.0,2908.423325351104,-0.17622366613671428,9.516700701347823,0.02080749124893372,0.0007495481565432377,0.39083010176556954,0.39083010176556954,1.633643921796882,0.2944252517842078,0.02168996591552362
127,100.0,0.01,0.5,assembly_end,0.5,0.5,25,inward_flux_median,2.6909929199128513,2.6909929199128513,1.0,29.98328010238446,-4.423722766296495,3.925279715400547,0.30264048958557144,0.17627625628085408,0.9947161350716222,0.9947161350716222,0.5948003716995373,2.6909929199128513,0.5179214633277258
127,100.0,0.01,0.5,final,2.0,2.0,100,hernquist_radius,0.2944252517842078,10.94680936663417,1.0,4248.554205576254,-0.13616000094317898,9.797444572754129,0.020261470075603045,0.0004984132641673145,0.5544801134965155,0.5544801134965155,2.114326667647017,0.2944252517842078,0.017431738130231585
127,100.0,0.01,0.5,final,2.0,2.0,100,inward_flux_median,10.94680936663417,10.94680936663417,1.0,4.853418991622028,-1.6422916181202096,4.815167947712404,1.5677239409861725,0.8877370501794722,3.3859424280003414,3.3859424280003414,6.517542276181687,10.94680936663417,1.049394438048803
128,100.0,0.01,1.0,mid_assembly,0.5,0.5,25,hernquist_radius,0.2944252517842078,1.5686915426374495,0.5,1942.2500213565766,-0.6090781121858874,6.714383404074425,0.029052351332457673,0.0015908612330983367,0.37021262611839567,0.37021262611839567,0.4726597710560067,0.2944252517842078,0.037619705028096695
128,100.0,0.01,1.0,mid_assembly,0.5,0.5,25,inward_flux_median,1.5686915426374495,1.5686915426374495,0.5,56.71096122798138,-3.5816049207800944,3.7994495408459605,0.2054555645758407,0.09628438943736024,0.6087307117282704,0.6087307117282704,0.42825895723676116,1.5686915426374495,0.3890629762035684
128,100.0,0.01,1.0,assembly_end,1.0,1.0,50,hernquist_radius,0.2944252517842078,4.143931378812086,1.0,3881.572307263654,-0.11421507476826469,9.544198613610021,0.020593120778563866,0.0005600108240892103,0.5200467615219039,0.5200467615219039,2.520566760956122,0.2944252517842078,0.018721074922012616
128,100.0,0.01,1.0,assembly_end,1.0,1.0,50,inward_flux_median,4.143931378812086,4.143931378812086,1.0,17.81631989318074,-3.4265283106718596,4.4902969280565355,0.5188486644001813,0.2593286553432171,1.2883461554312157,1.2883461554312157,1.1825099640244692,4.143931378812086,0.5873406084202726
128,100.0,0.01,1.0,final,2.0,2.0,100,hernquist_radius,0.2944252517842078,9.826809909781227,1.0,4533.921371155999,-0.1328329149826045,9.771993853996776,0.02019947148833282,0.00046825928871011924,0.5932560272126913,0.5932560272126913,2.167284525064494,0.2944252517842078,0.0169181905780926
128,100.0,0.01,1.0,final,2.0,2.0,100,inward_flux_median,9.826809909781227,9.826809909781227,1.0,5.678023852227169,-1.8569791948422727,4.766594037551984,1.4009050513551056,0.7665459482777331,3.0294563301756403,3.0294563301756403,5.174305840586389,9.826809909781227,0.9800930699455647
129,100.0,0.02,0.0,mid_assembly,0.02,0.02,1,hernquist_radius,0.593830575603711,0.4785337302041544,1.0,179.5562947572418,-2.972594922840228,2.2815069091569367,0.06045796596064351,0.05064320087379135,0.45365816798421243,0.45365816798421243,0.19533200213729318,0.593830575603711,0.36412624648638564
129,100.0,0.02,0.0,mid_assembly,0.02,0.02,1,inward_flux_median,0.4785337302041544,0.4785337302041544,1.0,226.2922189541758,-3.5975394352060586,2.2022394464380493,0.049052506001203845,0.04163028767384853,0.3790553819750066,0.3790553819750066,0.13006294097196322,0.4785337302041544,0.3360274390790274
129,100.0,0.02,0.0,assembly_end,0.02,0.02,1,hernquist_radius,0.593830575603711,0.4785337302041544,1.0,179.5562947572418,-2.972594922840228,2.2815069091569367,0.06045796596064351,0.05064320087379135,0.45365816798421243,0.45365816798421243,0.19533200213729318,0.593830575603711,0.36412624648638564
129,100.0,0.02,0.0,assembly_end,0.02,0.02,1,inward_flux_median,0.4785337302041544,0.4785337302041544,1.0,226.2922189541758,-3.5975394352060586,2.2022394464380493,0.049052506001203845,0.04163028767384853,0.3790553819750066,0.3790553819750066,0.13006294097196322,0.4785337302041544,0.3360274390790274
129,100.0,0.02,0.0,final,2.0,2.0,100,hernquist_radius,0.593830575603711,12.194459484776724,1.0,1086.5937595769938,-0.10172816733286422,7.320800107791356,0.05668334228555812,0.0026080614220153164,0.77319449490297,0.77319449490297,5.707789032723017,0.593830575603711,0.046129838918642044
129,100.0,0.02,0.0,final,2.0,2.0,100,inward_flux_median,12.194459484776724,12.194459484776724,1.0,4.061307774095193,-1.619997452723913,4.707587480105674,1.7681743979893874,1.0851237496421375,4.022936946168583,4.022936946168583,7.360287889198481,12.194459484776724,1.173390964527679
130,100.0,0.02,0.05,mid_assembly,0.025,0.02,1,hernquist_radius,0.593830575603711,0.4295735720462841,0.352,179.7167862074976,-0.3891860716141487,2.221196575201211,0.09956552033557257,0.051971820706574905,0.4688615936398211,0.4688615936398211,1.4919416705056239,0.593830575603711,0.37384602997627764
130,100.0,0.02,0.05,mid_assembly,0.025,0.02,1,inward_flux_median,0.4295735720462841,0.4295735720462841,0.352,251.38613160657752,-0.5219006972492154,2.0660879306177296,0.07316622623565205,0.03994417490593331,0.3623881476295605,0.3623881476295605,0.804815359704178,0.4295735720462841,0.3398244572025594
130,100.0,0.02,0.05,assembly_end,0.05,0.06,3,hernquist_radius,0.593830575603711,0.6267582440104478,1.0,179.79687417731077,-4.827001909110324,2.499005296391041,0.06032796235027784,0.04617365532582995,0.40792709127687266,0.40792709127687266,0.12029059212213031,0.593830575603711,0.3322124047930138
130,100.0,0.02,0.05,assembly_end,0.05,0.06,3,inward_flux_median,0.6267582440104478,0.6267582440104478,1.0,169.32494138455087,-4.6052095571493314,2.507641073674399,0.0636784146796862,0.04886042742065065,0.42840592295098984,0.42840592295098984,0.13307523322501727,0.6267582440104478,0.34115225665845794
130,100.0,0.02,0.05,final,2.0,2.0,100,hernquist_radius,0.593830575603711,12.194459484776724,1.0,1080.415310261069,-0.10242598983166377,7.322874240008429,0.05670087327373199,0.0026222329168956045,0.7685871791400026,0.7685871791400026,5.668902187577743,0.593830575603711,0.046248446514046526
130,100.0,0.02,0.05,final,2.0,2.0,100,inward_flux_median,12.194459484776724,12.194459484776724,1.0,4.061690749165736,-1.6280542235485653,4.6914179958105935,1.7703279885734162,1.0887610786171285,4.051747369023214,4.051747369023214,7.32386394712763,12.194459484776724,1.17737967335196
131,100.0,0.02,0.2,mid_assembly,0.1,0.1,5,hernquist_radius,0.593830575603711,0.593830575603711,0.5,180.02602943013892,-2.5457314760480094,2.526249506668825,0.08409788112333211,0.04561755724459037,0.40328263203499964,0.40328263203499964,0.2280849034097358,0.593830575603711,0.3284204538152474
131,100.0,0.02,0.2,mid_assembly,0.1,0.1,5,inward_flux_median,0.593830575603711,0.593830575603711,0.5,180.02602943013892,-2.5457314760480094,2.526249506668825,0.08409788112333211,0.04561755724459037,0.40328263203499964,0.40328263203499964,0.2280849034097358,0.593830575603711,0.3284204538152474
131,100.0,0.02,0.2,assembly_end,0.2,0.2,10,hernquist_radius,0.593830575603711,1.334212653481817,1.0,198.49953148044497,-8.4549227554812,4.509234230779552,0.0592428493295235,0.0231782844961307,0.2346689519316297,0.040020355631109616,0.06867512981654532,0.24523091019056595,0.17522317762436168
131,100.0,0.02,0.2,assembly_end,0.2,0.2,10,inward_flux_median,1.334212653481817,1.334212653481817,1.0,71.44054584905666,-4.7571296423954115,3.183812827280051,0.14366415388063714,0.09121185288582669,0.6715086874222573,0.6715086874222573,0.27423737688714644,1.334212653481817,0.41367014625089826
131,100.0,0.02,0.2,final,2.0,2.0,100,hernquist_radius,0.593830575603711,12.194459484776724,1.0,1073.933635719566,-0.10329942115832963,7.324169051007724,0.05664026153415796,0.002637592904790424,0.7638487557239776,0.7638487557239776,5.620969714162951,0.593830575603711,0.04637960097731789
131,100.0,0.02,0.2,final,2.0,2.0,100,inward_flux_median,12.194459484776724,12.194459484776724,1.0,4.06448515767443,-1.64870705956748,4.641723449011301,1.7768223563274137,1.0996608573995181,4.143292813570069,4.143292813570069,7.232120201477296,12.194459484776724,1.1895756263852557
132,100.0,0.02,0.5,mid_assembly,0.25,0.24,12,hernquist_radius,0.593830575603711,1.0186794733977107,0.470016,190.89655201308483,-4.029313761812958,3.2931198416128638,0.08530413099971704,0.03300182451100768,0.3162127601726425,0.3162127601726425,0.14410466698435484,0.593830575603711,0.24466255815878965
132,100.0,0.02,0.5,mid_assembly,0.25,0.24,12,inward_flux_median,1.0186794733977107,1.0186794733977107,0.470016,98.7431172721013,-2.7113417160698283,3.053574772870943,0.15075645729180154,0.06880629574859433,0.5493391638998686,0.5493391638998686,0.36736677622397895,1.0186794733977107,0.3668699278198127
132,100.0,0.02,0.5,assembly_end,0.5,0.5,25,hernquist_radius,0.593830575603711,2.5496176394142833,1.0,712.2695299836649,-0.4443801577128588,7.104388674649639,0.05788548714781681,0.00409989270206549,0.5228358637034903,0.5228358637034903,1.3066355635904048,0.593830575603711,0.058711772751913964
132,100.0,0.02,0.5,assembly_end,0.5,0.5,25,inward_flux_median,2.5496176394142833,2.5496176394142833,1.0,32.95573048553002,-4.056702307935774,3.8006614364945057,0.3078614190692013,0.165635507843756,1.0082571998976342,1.0082571998976342,0.6145376482771706,2.5496176394142833,0.5102105499158417
132,100.0,0.02,0.5,final,2.0,2.0,100,hernquist_radius,0.593830575603711,10.94680936663417,1.0,1092.416278409233,-0.09981223811521475,7.301702221827874,0.05643523793985248,0.0026009457255914137,0.7793706564024291,0.7793706564024291,5.817351947877269,0.593830575603711,0.04612707233286022
132,100.0,0.02,0.5,final,2.0,2.0,100,inward_flux_median,10.94680936663417,10.94680936663417,1.0,4.805085215590505,-1.7726612030603879,4.687896477710456,1.5849388433207907,0.9210102504357038,3.5503622980606453,3.5503622980606453,6.038212509213844,10.94680936663417,1.083291986229079
133,100.0,0.02,1.0,mid_assembly,0.5,0.5,25,hernquist_radius,0.593830575603711,1.7474813728930405,0.5,411.26498979753853,-1.3457293530636754,4.855987176726874,0.08084666752271534,0.010388295593977965,0.44502612728616114,0.44502612728616114,0.4314707979725997,0.593830575603711,0.11304092136022995
133,100.0,0.02,1.0,mid_assembly,0.5,0.5,25,inward_flux_median,1.7474813728930405,1.7474813728930405,0.5,53.155528048402644,-2.4715898434328225,3.544829675652904,0.26688050943004066,0.11010315424835256,0.7777660777425625,0.7777660777425625,0.691325746659358,1.7474813728930405,0.43072938296118524
133,100.0,0.02,1.0,assembly_end,1.0,1.0,50,hernquist_radius,0.593830575603711,4.373710719835535,1.0,917.1065889876983,-0.18590271107615708,7.165895419887058,0.05719224982807951,0.0031568452350079663,0.6669725673977107,0.6669725673977107,3.123369823174164,0.593830575603711,0.051297206762024546
133,100.0,0.02,1.0,assembly_end,1.0,1.0,50,inward_flux_median,4.373710719835535,4.373710719835535,1.0,17.05487740526894,-3.027966342002182,4.200453578952138,0.5849122897955046,0.2896001476786561,1.5312893749690548,1.5312893749690548,1.412360587505497,4.373710719835535,0.6417318576626376
133,100.0,0.02,1.0,final,2.0,2.0,100,hernquist_radius,0.593830575603711,9.826809909781227,1.0,1127.5470608136588,-0.09429089588852275,7.264749788114118,0.05627607561941847,0.0025327261373131902,0.8084961659147917,0.8084961659147917,6.157995555668606,0.593830575603711,0.045633742821289805
133,100.0,0.02,1.0,final,2.0,2.0,100,inward_flux_median,9.826809909781227,9.826809909781227,1.0,5.656319943793025,-1.940889775655853,4.627799162302277,1.4208855939416147,0.7925653843260715,3.197233386708383,3.197233386708383,4.950604827867112,9.826809909781227,1.0114224832990795
134,100.0,0.04,0.0,mid_assembly,0.02,0.02,1,hernquist_radius,1.1977055309790143,0.8208948954705254,1.0,85.65730543674054,-0.7590744934660083,2.654090208505627,0.1679706080989456,0.09125643151846194,0.7974438855064486,0.7974438855064486,1.542809252762466,1.1977055309790143,0.45318570892338417
134,100.0,0.04,0.0,mid_assembly,0.02,0.02,1,inward_flux_median,0.8208948954705254,0.8208948954705254,1.0,128.34361799704945,-1.0641287260961116,2.423057025959561,0.11811015595352074,0.0667122605967099,0.5971820873874893,0.5971820873874893,0.7542928068046983,0.8208948954705254,0.40553030650533617
134,100.0,0.04,0.0,assembly_end,0.02,0.02,1,hernquist_radius,1.1977055309790143,0.8208948954705254,1.0,85.65730543674054,-0.7590744934660083,2.654090208505627,0.1679706080989456,0.09125643151846194,0.7974438855064486,0.7974438855064486,1.542809252762466,1.1977055309790143,0.45318570892338417
134,100.0,0.04,0.0,assembly_end,0.02,0.02,1,inward_flux_median,0.8208948954705254,0.8208948954705254,1.0,128.34361799704945,-1.0641287260961116,2.423057025959561,0.11811015595352074,0.0667122605967099,0.5971820873874893,0.5971820873874893,0.7542928068046983,0.8208948954705254,0.40553030650533617
134,100.0,0.04,0.0,final,2.0,2.0,100,hernquist_radius,1.1977055309790143,12.194459484776724,1.0,284.1116361622011,-0.08510920582961468,5.833209079190361,0.15217148299521455,0.012518347588575462,1.0411468800497365,1.0411468800497365,13.760052636372272,1.1977055309790143,0.11321970954429077
134,100.0,0.04,0.0,final,2.0,2.0,100,inward_flux_median,12.194459484776724,12.194459484776724,1.0,4.0607507190089,-1.6727842624689822,4.568377895165623,1.8015932906746166,1.1183435030351936,4.281132387192284,4.281132387192284,7.128024754499566,12.194459484776724,1.2092299736951135
135,100.0,0.04,0.05,mid_assembly,0.025,0.02,1,hernquist_radius,1.1977055309790143,0.5626328108034528,0.352,85.69524757494898,-0.09581535446974941,2.644714076566284,0.264947064053981,0.09153940934773276,0.8013922123843373,0.8013922123843373,12.222541559610663,1.1977055309790143,0.45469166628332397
135,100.0,0.04,0.05,mid_assembly,0.025,0.02,1,inward_flux_median,0.5626328108034528,0.5626328108034528,0.352,190.19814677109807,-0.17595438648054526,2.19070170143078,0.13701087284136015,0.04979136632040588,0.45031235202512265,0.45031235202512265,3.1265943240741105,0.5626328108034528,0.3684577570394883
135,100.0,0.04,0.05,assembly_end,0.05,0.06,3,hernquist_radius,1.1977055309790143,0.914455455357331,1.0,85.58128083014677,-1.298436048898526,2.7282619228713147,0.16779860992142828,0.08885435663964991,0.7691894310873708,0.7691894310873708,0.9019367207563278,1.1977055309790143,0.44106097918961507
135,100.0,0.04,0.05,assembly_end,0.05,0.06,3,inward_flux_median,0.914455455357331,0.914455455357331,1.0,114.66685799083808,-1.6538085190455662,2.5874732962475733,0.13004599945480447,0.06992456632511465,0.6186668426336172,0.6186668426336172,0.5406595872646648,0.914455455357331,0.4017716211762679
135,100.0,0.04,0.05,final,2.0,2.0,100,hernquist_radius,1.1977055309790143,12.194459484776724,1.0,283.1164559231151,-0.0856083824496625,5.83304550649269,0.15225604198825185,0.01256270300408053,1.037567523054134,1.037567523054134,13.679818711023392,1.1977055309790143,0.11342170433217882
135,100.0,0.04,0.05,final,2.0,2.0,100,inward_flux_median,12.194459484776724,12.194459484776724,1.0,4.063684056522464,-1.6747226855766515,4.553138447144974,1.8039524797935103,1.1212766525745284,4.312562339249416,4.312562339249416,7.119774356976943,12.194459484776724,1.2128393150274468
136,100.0,0.04,0.2,mid_assembly,0.1,0.1,5,hernquist_radius,1.1977055309790143,0.9651616453781562,0.5,85.64963554305767,-0.6565850322759069,2.767230604857126,0.22851739087195427,0.08753317851567703,0.7559681709588866,0.7559681709588866,1.783633641473604,1.1977055309790143,0.43467631657883193
136,100.0,0.04,0.2,mid_assembly,0.1,0.1,5,inward_flux_median,0.9651616453781562,0.9651616453781562,0.5,108.17039354971652,-0.7955391192840326,2.656746101971944,0.18697411020435112,0.07219134090220714,0.6335875160540908,0.6335875160540908,1.1862742216432132,0.9651616453781562,0.4028745497423945
136,100.0,0.04,0.2,assembly_end,0.2,0.2,10,hernquist_radius,1.1977055309790143,1.4081942126045655,1.0,85.70505572555986,-3.1889549914934636,3.1034669914864836,0.16610442422591973,0.07799917303109169,0.6559470763537608,0.6559470763537608,0.3672385327416874,1.1977055309790143,0.3874572026905321
136,100.0,0.04,0.2,assembly_end,0.2,0.2,10,inward_flux_median,1.4081942126045655,1.4081942126045655,1.0,71.1047199347172,-2.778011412353324,3.119903714290486,0.19520598456794047,0.0935198817701575,0.7640985548648254,0.7640985548648254,0.49564999682064753,1.4081942126045655,0.4231396123591762
136,100.0,0.04,0.2,final,2.0,2.0,100,hernquist_radius,1.1977055309790143,12.194459484776724,1.0,280.86478309069025,-0.08621140063801049,5.831573857845446,0.15236285932612473,0.012666613017582474,1.029666753586837,1.029666753586837,13.584133228186992,1.1977055309790143,0.11390418104910063
136,100.0,0.04,0.2,final,2.0,2.0,100,inward_flux_median,12.194459484776724,12.194459484776724,1.0,4.073993257441269,-1.6769051533202015,4.506857122841059,1.811059565907754,1.1299246270134633,4.410987339593359,4.410987339593359,7.110508073881153,12.194459484776724,1.2237427924345212
137,100.0,0.04,0.5,mid_assembly,0.25,0.24,12,hernquist_radius,1.1977055309790143,1.4081942126045655,0.470016,86.06537406313906,-1.2231390661046566,2.9995340849599272,0.2330374642047861,0.0803639562204656,0.6864502785466103,0.6864502785466103,0.9574603448690233,1.1977055309790143,0.40004243157781216
137,100.0,0.04,0.5,mid_assembly,0.25,0.24,12,inward_flux_median,1.4081942126045655,1.4081942126045655,0.470016,71.75374064666156,-1.065305616535368,3.0489155657234215,0.27232223182629783,0.09483171973354725,0.7928201981763603,0.7928201981763603,1.2925129900081909,1.4081942126045655,0.43102892899189527
137,100.0,0.04,0.5,assembly_end,0.5,0.5,25,hernquist_radius,1.1977055309790143,2.5496176394142833,1.0,99.0458516245212,-4.380201402055,4.58620360947401,0.15963265481428632,0.04567241204283182,0.47909290368706453,0.42014417481379995,0.26736376813767215,1.1216035089548473,0.24389484046620752
137,100.0,0.04,0.5,assembly_end,0.5,0.5,25,inward_flux_median,2.5496176394142833,2.5496176394142833,1.0,35.00747616768759,-2.956204129084358,3.6794340138094457,0.3583270032593004,0.16106521246102118,1.1071799690747948,1.1071799690747948,0.8433099296331715,2.5496176394142833,0.511343418342086
137,100.0,0.04,0.5,final,2.0,2.0,100,hernquist_radius,1.1977055309790143,11.553805576908188,1.0,279.10406317819684,-0.08518994125503346,5.821550291010453,0.1522811521773956,0.012768466984831226,1.0250788709551195,1.0250788709551195,13.747012086196792,1.1977055309790143,0.11445963509646442
137,100.0,0.04,0.5,final,2.0,2.0,100,inward_flux_median,11.553805576908188,11.553805576908188,1.0,4.4490445948418404,-1.729541449119215,4.471344428716666,1.7211437170863746,1.042890440429692,4.19130163884894,4.19130163884894,6.531917017465041,11.553805576908188,1.1803276629693529
138,100.0,0.04,1.0,mid_assembly,0.5,0.5,25,hernquist_radius,1.1977055309790143,2.0545894565008713,0.5,91.34551950980439,-1.7618880358529923,3.4705460840843183,0.22323856278207282,0.06544229250992695,0.6080936072526939,0.6080936072526939,0.6646887476526653,1.1977055309790143,0.33560826638647606
138,100.0,0.04,1.0,mid_assembly,0.5,0.5,25,inward_flux_median,2.0545894565008713,2.0545894565008713,0.5,46.84184202762269,-1.2517629254277907,3.4365921748946655,0.38287316749704325,0.12887883702167188,1.004008175133953,1.004008175133953,1.604905808044561,2.0545894565008713,0.47329194219112874
138,100.0,0.04,1.0,assembly_end,1.0,1.0,50,hernquist_radius,1.1977055309790143,4.373710719835535,1.0,221.1146584248059,-0.5283395622419386,5.551912949506226,0.15513625223031685,0.01689987093986373,0.8550415474326479,0.8550415474326479,2.2165804640597084,1.1977055309790143,0.1348412205106007
138,100.0,0.04,1.0,assembly_end,1.0,1.0,50,inward_flux_median,4.373710719835535,4.373710719835535,1.0,17.854863554413388,-2.4666616974351903,4.041318116856626,0.6387010832342297,0.2875173102783386,1.6796390350144261,1.6796390350144261,1.7337522718189593,4.373710719835535,0.6518876966169805
138,100.0,0.04,1.0,final,2.0,2.0,100,hernquist_radius,1.1977055309790143,10.371702597188497,1.0,277.55218904090475,-0.08525300903891156,5.80025093292941,0.15227909023125422,0.012887008971981062,1.0232634768009021,1.0232634768009021,13.736842432398106,1.1977055309790143,0.11520066312583994
138,100.0,0.04,1.0,final,2.0,2.0,100,inward_flux_median,10.371702597188497,10.371702597188497,1.0,5.289568072505742,-1.820790335806978,4.406522944568553,1.5516526580210597,0.8900764779283905,3.7839055822494063,3.7839055822494063,5.5697627154983085,10.371702597188497,1.0984187786010178
139,100.0,0.07,0.0,mid_assembly,0.02,0.02,1,hernquist_radius,2.0545894565008713,1.2641178246418958,1.0,47.31469712426915,-0.25352083399682557,3.0167568062827796,0.35820271650835506,0.14534737903306297,1.2062268323544068,1.2062268323544068,7.924246530914563,2.0545894565008713,0.5364580376723178
139,100.0,0.07,0.0,mid_assembly,0.02,0.02,1,inward_flux_median,1.2641178246418958,1.2641178246418958,1.0,80.89393417655297,-0.3857595810813307,2.685696573296536,0.23372856283130528,0.09549280886967777,0.8331267771885511,0.8331267771885511,3.204183737337394,1.2641178246418958,0.46084954854350196
139,100.0,0.07,0.0,assembly_end,0.02,0.02,1,hernquist_radius,2.0545894565008713,1.2641178246418958,1.0,47.31469712426915,-0.25352083399682557,3.0167568062827796,0.35820271650835506,0.14534737903306297,1.2062268323544068,1.2062268323544068,7.924246530914563,2.0545894565008713,0.5364580376723178
139,100.0,0.07,0.0,assembly_end,0.02,0.02,1,inward_flux_median,1.2641178246418958,1.2641178246418958,1.0,80.89393417655297,-0.3857595810813307,2.685696573296536,0.23372856283130528,0.09549280886967777,0.8331267771885511,0.8331267771885511,3.204183737337394,1.2641178246418958,0.46084954854350196
139,100.0,0.07,0.0,final,2.0,2.0,100,hernquist_radius,2.0545894565008713,12.870637396137889,1.0,106.46865748807546,-0.04322220829738074,5.092125882465845,0.31644681943023995,0.038266845348410725,1.3493833915248774,1.3493833915248774,46.4798460895774,2.0545894565008713,0.21186736721476407
139,100.0,0.07,0.0,final,2.0,2.0,100,inward_flux_median,12.870637396137889,12.870637396137889,1.0,3.791348391651954,-1.5336939317344302,4.394708517668062,1.9595823888786361,1.2451446326737914,5.025418637037177,5.025418637037177,8.205554494034903,12.870637396137889,1.3009097468132966
140,100.0,0.07,0.05,mid_assembly,0.025,0.02,1,hernquist_radius,2.0545894565008713,0.5330740665732333,0.352,47.32121235475317,-0.03159688608478436,3.0147267671763016,0.5212514628347076,0.14542522715881773,1.2074835074550525,1.2074835074550525,63.580999213759156,2.0545894565008713,0.5367823184814869
140,100.0,0.07,0.05,mid_assembly,0.025,0.02,1,inward_flux_median,0.5330740665732333,0.5330740665732333,0.352,201.1127201155792,-0.07586884242946834,2.1616924078888,0.18214193547448865,0.047721065636469065,0.43192953216047936,0.43192953216047936,6.870220490837495,0.5330740665732333,0.3631285728434947
140,100.0,0.07,0.05,assembly_end,0.05,0.06,3,hernquist_radius,2.0545894565008713,1.4081942126045655,1.0,47.30071344136626,-0.4353848192508024,3.051957067879332,0.35802378835500015,0.1437134645025299,1.1868181178799004,1.1868181178799004,4.614220571059127,2.0545894565008713,0.5303490855559779
140,100.0,0.07,0.05,assembly_end,0.05,0.06,3,inward_flux_median,1.4081942126045655,1.4081942126045655,1.0,71.98953795563637,-0.6060700192742131,2.8127989379378726,0.25593164645675587,0.10245555136740692,0.8816590522137177,0.8816590522137177,2.2718849372380303,1.4081942126045655,0.46644528516749084
140,100.0,0.07,0.05,final,2.0,2.0,100,hernquist_radius,2.0545894565008713,12.870637396137889,1.0,106.2102270326695,-0.044180517984405566,5.09105150573491,0.31664563505251625,0.03836805133254365,1.3465283445673215,1.3465283445673215,45.471662193345416,2.0545894565008713,0.2121697334196235
140,100.0,0.07,0.05,final,2.0,2.0,100,inward_flux_median,12.870637396137889,12.870637396137889,1.0,3.795976068978869,-1.5294906830506714,4.382379833615162,1.9620406857595323,1.2471252955886207,5.058623015915862,5.058623015915862,8.228104475220647,12.870637396137889,1.3037740741459969
141,100.0,0.07,0.2,mid_assembly,0.1,0.1,5,hernquist_radius,2.0545894565008713,1.4862780196530472,0.5,47.315484336863996,-0.21393901390019746,3.0786799826083024,0.46492275846536113,0.14242155802691847,1.173011086585929,1.173011086585929,9.390347055872159,2.0545894565008713,0.5256635904795174
141,100.0,0.07,0.2,mid_assembly,0.1,0.1,5,inward_flux_median,1.4862780196530472,1.4862780196530472,0.5,67.85614432362503,-0.2805514289102688,2.882107022891716,0.3532023199624591,0.10608263236973188,0.9049252599513135,0.9049252599513135,5.180052343760077,1.4862780196530472,0.46888830098721307
141,100.0,0.07,0.2,assembly_end,0.2,0.2,10,hernquist_radius,2.0545894565008713,1.8443785175627527,1.0,47.241876235037246,-1.1397638377872372,3.199456006391601,0.3561969225213522,0.13725882918925836,1.1118830396696828,1.1118830396696828,1.7626121506137225,2.0545894565008713,0.5062142640288568
141,100.0,0.07,0.2,assembly_end,0.2,0.2,10,inward_flux_median,1.8443785175627527,1.8443785175627527,1.0,53.45972030252575,-1.2500506179149018,3.153639805387297,0.3226545159789043,0.12305656826066617,1.012537369205079,1.012537369205079,1.4426767544150547,1.8443785175627527,0.4827793218085278
141,100.0,0.07,0.2,final,2.0,2.0,100,hernquist_radius,2.0545894565008713,12.194459484776724,1.0,105.48060354917327,-0.047043501765673984,5.087705482614622,0.3171272340085346,0.038658856288239986,1.3385494561573457,1.3385494561573457,42.704337770616,2.0545894565008713,0.2130422911849207
141,100.0,0.07,0.2,final,2.0,2.0,100,inward_flux_median,12.194459484776724,12.194459484776724,1.0,4.142787580571153,-1.5727732526771454,4.391418602073847,1.8614417741753009,1.1403707454027787,4.694059624845966,4.694059624845966,7.581288409832755,12.194459484776724,1.2454403158292133
142,100.0,0.07,0.5,mid_assembly,0.25,0.24,12,hernquist_radius,2.0545894565008713,2.1685156218332304,0.470016,47.39300065635311,-0.39249666993633425,3.188267892295695,0.4735461991275058,0.13730127121069202,1.1200951096077776,1.1200951096077776,5.11841690182946,2.0545894565008713,0.5071800721888727
142,100.0,0.07,0.5,mid_assembly,0.25,0.24,12,inward_flux_median,2.1685156218332304,2.1685156218332304,0.470016,44.55891792859261,-0.3760140278137114,3.2147307127830906,0.4961556566489276,0.14483193571332229,1.1728225845214846,1.1728225845214846,5.639038841051699,2.1685156218332304,0.5187548531876608
142,100.0,0.07,0.5,assembly_end,0.5,0.5,25,hernquist_radius,2.0545894565008713,2.840207403289166,1.0,48.25978979774026,-2.169897693453461,3.6152723581787756,0.3480952285112756,0.11890965630627472,0.9645519506092574,0.9645519506092574,0.9258324000135626,2.0545894565008713,0.4432414393213991
142,100.0,0.07,0.5,assembly_end,0.5,0.5,25,inward_flux_median,2.840207403289166,2.840207403289166,1.0,32.23252458294735,-1.726580725404641,3.602857787303358,0.4758196724439953,0.17864963282894294,1.3221423289547478,1.3221423289547478,1.608458073250812,2.840207403289166,0.5442266552040422
142,100.0,0.07,0.5,final,2.0,2.0,100,hernquist_radius,2.0545894565008713,11.553805576908188,1.0,104.19302138401873,-0.05268728031068376,5.078955625469203,0.31784384118748643,0.039204012601176126,1.3252394446884252,1.3252394446884252,38.1299163188452,2.0545894565008713,0.2147238847327708
142,100.0,0.07,0.5,final,2.0,2.0,100,inward_flux_median,11.553805576908188,11.553805576908188,1.0,4.536533941545939,-1.5964830880730088,4.356396889072002,1.7737014273277039,1.0497647043576854,4.46394765749543,4.46394765749543,7.0763175058427645,11.553805576908188,1.199732899999545
143,100.0,0.07,1.0,mid_assembly,0.5,0.5,25,hernquist_radius,2.0545894565008713,3.163916804227846,0.5,48.306064172658594,-0.5856366824806001,3.375286917086238,0.4611831712850451,0.12724221494650326,1.055052603433559,1.055052603433559,3.430388924417249,2.0545894565008713,0.47452879058490455
143,100.0,0.07,1.0,mid_assembly,0.5,0.5,25,inward_flux_median,3.163916804227846,3.163916804227846,0.5,28.77223512065322,-0.45093448534790675,3.517127304370799,0.6757902609321031,0.20501322700148825,1.5516286830838026,1.5516286830838026,6.860538152969827,3.163916804227846,0.5900641122965506
143,100.0,0.07,1.0,assembly_end,1.0,1.0,50,hernquist_radius,2.0545894565008713,4.616231233608883,1.0,59.428388699151974,-1.9592603184962403,4.398146555880698,0.3336541522562187,0.0793743018225676,0.9153344522656485,0.9153344522656485,1.0253673645857424,2.0545894565008713,0.3283276177313846
143,100.0,0.07,1.0,assembly_end,1.0,1.0,50,inward_flux_median,4.616231233608883,4.616231233608883,1.0,17.547962510702995,-1.6868336342238934,3.9311796563840287,0.7536452226056262,0.3007419288549119,1.927156446389329,1.927156446389329,2.6758507194335293,4.616231233608883,0.675986230128808
143,100.0,0.07,1.0,final,2.0,2.0,100,hernquist_radius,2.0545894565008713,10.371702597188497,1.0,102.05725889757248,-0.06776206917294547,5.059367467824735,0.31926024785851564,0.04017939997686356,1.3044666492884536,1.3044666492884536,29.647288133816392,2.0545894565008713,0.2177990175357279
143,100.0,0.07,1.0,final,2.0,2.0,100,inward_flux_median,10.371702597188497,10.371702597188497,1.0,5.4276053983471435,-1.6235797021636564,4.294525201607767,1.6085555435564254,0.8900617729200311,4.035484672784835,4.035484672784835,6.246302606273347,10.371702597188497,1.1126403395769053
144,100.0,0.1,0.0,mid_assembly,0.02,0.02,1,hernquist_radius,2.9976957702140035,1.5686915426374495,1.0,30.60397386382491,-0.1216355522037165,3.2767396355513148,0.5751088630074043,0.20688252760862216,1.6195563785199227,1.6195563785199227,24.097589512082603,2.9976957702140035,0.6141058640816697
144,100.0,0.1,0.0,mid_assembly,0.02,0.02,1,inward_flux_median,1.5686915426374495,1.5686915426374495,1.0,63.92094836880769,-0.2090003574730719,2.8297925067848673,0.33601325570151047,0.11469533873748121,0.9820752810117359,0.9820752810117359,7.3390036608189115,1.5686915426374495,0.4920371484552343
144,100.0,0.1,0.0,assembly_end,0.02,0.02,1,hernquist_radius,2.9976957702140035,1.5686915426374495,1.0,30.60397386382491,-0.1216355522037165,3.2767396355513148,0.5751088630074043,0.20688252760862216,1.6195563785199227,1.6195563785199227,24.097589512082603,2.9976957702140035,0.6141058640816697
144,100.0,0.1,0.0,assembly_end,0.02,0.02,1,inward_flux_median,1.5686915426374495,1.5686915426374495,1.0,63.92094836880769,-0.2090003574730719,2.8297925067848673,0.33601325570151047,0.11469533873748121,0.9820752810117359,0.9820752810117359,7.3390036608189115,1.5686915426374495,0.4920371484552343
144,100.0,0.1,0.0,final,2.0,2.0,100,hernquist_radius,2.9976957702140035,12.870637396137889,1.0,55.5786121650696,-0.021619715914265546,4.772428377784601,0.5045015256840262,0.07821615323696582,1.6668750508160142,1.6668750508160142,135.57641639252915,2.9976957702140035,0.3128821747931764
144,100.0,0.1,0.0,final,2.0,2.0,100,inward_flux_median,12.870637396137889,12.870637396137889,1.0,3.859205156004203,-1.403553810592393,4.327336795067459,2.0048782945075203,1.2422957703154194,5.234956027787421,5.234956027787421,8.966388776149513,12.870637396137889,1.3094968540490812
145,100.0,0.1,0.05,mid_assembly,0.025,0.02,1,hernquist_radius,2.9976957702140035,0.27895718709743716,0.352,30.606128676127998,-0.015059276558758994,3.276046989331368,0.7735706150923812,0.20691169968976436,1.6201474874061397,1.6201474874061397,194.63907151474766,2.9976957702140035,0.6142140800201985
145,100.0,0.1,0.05,mid_assembly,0.025,0.02,1,inward_flux_median,0.27895718709743716,0.27895718709743716,0.352,390.9803841238232,-0.040766097123537064,1.9050915288342531,0.13104616174846198,0.02785304979402347,0.25233891726292357,0.25233891726292357,6.690907076516343,0.27895718709743716,0.2955158367110824
145,100.0,0.1,0.05,assembly_end,0.05,0.06,3,hernquist_radius,2.9976957702140035,1.7474813728930405,1.0,30.599263217827207,-0.20873839379228912,3.2967021055305312,0.5749519418213443,0.20566145095837726,1.604977404914055,1.604977404914055,14.042091413222956,2.9976957702140035,0.6104342598588576
145,100.0,0.1,0.05,assembly_end,0.05,0.06,3,inward_flux_median,1.7474813728930405,1.7474813728930405,1.0,56.75707519018353,-0.3291394904292589,2.9450751976523457,0.3658901479724243,0.12411582971672483,1.0465892545813378,1.0465892545813378,5.191336025095179,1.7474813728930405,0.5017272603454062
145,100.0,0.1,0.05,final,2.0,2.0,100,hernquist_radius,2.9976957702140035,12.870637396137889,1.0,55.46482771427685,-0.023419034238969134,4.7705256935988345,0.5048367798002072,0.07840787121248999,1.6644777649047082,1.6644777649047082,125.15988392908545,2.9976957702140035,0.3133278629900658
145,100.0,0.1,0.05,final,2.0,2.0,100,inward_flux_median,12.870637396137889,12.870637396137889,1.0,3.86399635313502,-1.3974638143508968,4.3169565043530955,2.00734722579345,1.2437388192830274,5.265006239576534,5.265006239576534,9.005463329197534,12.870637396137889,1.3118315246377743
146,100.0,0.1,0.2,mid_assembly,0.1,0.1,5,hernquist_radius,2.9976957702140035,1.9466485702306768,0.5,30.60429985020954,-0.10113071307453225,3.313590044451886,0.710437896100021,0.20457960950713414,1.5932059518373514,1.5932059518373514,28.98351566967048,2.9976957702140035,0.6072731633254103
146,100.0,0.1,0.2,mid_assembly,0.1,0.1,5,inward_flux_median,1.9466485702306768,1.9466485702306768,0.5,50.30730728786162,-0.1419232098643671,3.043750327407052,0.5058952907747541,0.13548882389815411,1.124543171117251,1.124543171117251,13.411603585746406,1.9466485702306768,0.5156434775890951
146,100.0,0.1,0.2,assembly_end,0.2,0.2,10,hernquist_radius,2.9976957702140035,2.4156697177125928,1.0,30.572721330919133,-0.5519028688992996,3.3740859522036373,0.5733410971305353,0.2011191065138252,1.5505124629412927,1.5505124629412927,5.310941059115003,2.9976957702140035,0.5966929402014978
146,100.0,0.1,0.2,assembly_end,0.2,0.2,10,inward_flux_median,2.4156697177125928,2.4156697177125928,1.0,39.392722634217215,-0.6623211452212314,3.2632322624908165,0.47601120043299894,0.16139110168917412,1.2898972766738341,1.2898972766738341,3.5662806135235607,2.4156697177125928,0.5435232231411815
146,100.0,0.1,0.2,final,2.0,2.0,100,hernquist_radius,2.9976957702140035,12.194459484776724,1.0,55.11917492260279,-0.02937362094399738,4.7645638442475615,0.505780640701704,0.07899829381804152,1.657257059920799,1.657257059920799,99.78761599290135,2.9976957702140035,0.3147020596622649
146,100.0,0.1,0.2,final,2.0,2.0,100,inward_flux_median,12.194459484776724,12.194459484776724,1.0,4.222985279860406,-1.4279315889598625,4.3212604996778206,1.9083124664619653,1.1368771953126788,4.898301952516104,4.898301952516104,8.350293336182624,12.194459484776724,1.2535852067679578
147,100.0,0.1,0.5,mid_assembly,0.25,0.24,12,hernquist_radius,2.9976957702140035,3.163916804227846,0.470016,30.63025828789325,-0.18149567257168764,3.37709350170726,0.7210679279415161,0.20056254242487162,1.550767235382826,1.550767235382826,16.149826414857973,2.9976957702140035,0.5956013527443862
147,100.0,0.1,0.5,mid_assembly,0.25,0.24,12,inward_flux_median,3.163916804227846,3.163916804227846,0.470016,28.724011148323175,-0.17461203932578795,3.4055926731385604,0.7527509713215337,0.2120829623717526,1.6240057952138272,1.6240057952138272,17.717296316819517,3.163916804227846,0.6099002957533235
147,100.0,0.1,0.5,assembly_end,0.5,0.5,25,hernquist_radius,2.9976957702140035,3.524520615108113,1.0,30.76060286874888,-1.1262293074975303,3.572820953487067,0.5658854755353437,0.18877195555281953,1.4355111118662005,1.4355111118662005,2.602599299776331,2.9976957702140035,0.5617788903456941
147,100.0,0.1,0.5,assembly_end,0.5,0.5,25,inward_flux_median,3.524520615108113,3.524520615108113,1.0,25.16771072461764,-1.0008961604180318,3.6114524917652635,0.6540993756869852,0.22825376544487302,1.670914082761648,1.670914082761648,3.443163216019284,3.524520615108113,0.6144270500090135
147,100.0,0.1,0.5,final,2.0,2.0,100,hernquist_radius,2.9976957702140035,11.553805576908188,1.0,54.398851099971225,-0.044430324251453435,4.750412736374468,0.5076555781527944,0.08028279767213344,1.642843041367592,1.642843041367592,65.97124050889119,2.9976957702140035,0.3177224345512164
147,100.0,0.1,0.5,final,2.0,2.0,100,inward_flux_median,11.553805576908188,11.553805576908188,1.0,4.6323126672363655,-1.4304074887763545,4.288724666448597,1.822242859824606,1.0442813921066243,4.656341616839738,4.656341616839738,7.897904137496639,11.553805576908188,1.2059991223467215
148,100.0,0.1,1.0,mid_assembly,0.5,0.5,25,hernquist_radius,2.9976957702140035,4.872199413075837,0.5,30.940889035496724,-0.25684967013738874,3.4849833063653186,0.7081967665391997,0.19240222056658718,1.4939639069075965,1.4939639069075965,11.411825467841943,2.9976957702140035,0.5742579203597068
148,100.0,0.1,1.0,mid_assembly,0.5,0.5,25,inward_flux_median,4.872199413075837,4.872199413075837,0.5,16.887226938771665,-0.20931653887258084,3.6790782249459886,1.050275959935571,0.3339229041266888,2.3195145091747618,2.3195145091747618,22.759781497645015,4.872199413075837,0.7363018612429092
148,100.0,0.1,1.0,assembly_end,1.0,1.0,50,hernquist_radius,2.9976957702140035,5.142360925931856,1.0,33.088329758868596,-1.4001511153624588,3.92626786094997,0.5510676053443084,0.15969407386626677,1.3387588634753542,1.3387588634753542,2.0934337550571254,2.9976957702140035,0.49289764412131915
148,100.0,0.1,1.0,assembly_end,1.0,1.0,50,inward_flux_median,5.142360925931856,5.142360925931856,1.0,15.654084119766363,-1.1354985530741504,3.883270804615164,0.9069414073143636,0.34128580841781037,2.2471548661152236,2.2471548661152236,4.4281522867982375,5.142360925931856,0.7245403571010569
148,100.0,0.1,1.0,final,2.0,2.0,100,hernquist_radius,2.9976957702140035,10.371702597188497,1.0,52.871593404051744,-0.08889635891654403,4.71688616711133,0.5116811027667268,0.08318897550225328,1.6134133043029537,1.6134133043029537,32.9723696538842,2.9976957702140035,0.3245693419822461
148,100.0,0.1,1.0,final,2.0,2.0,100,inward_flux_median,10.371702597188497,10.371702597188497,1.0,5.5639452666697435,-1.4121877724638687,4.232692711930062,1.6605429027015735,0.8809352349501408,4.206167650841785,4.206167650841785,7.181318464061989,10.371702597188497,1.1149770420392506
149,100.0,0.15,0.0,mid_assembly,0.02,0.02,1,hernquist_radius,4.616231233608883,1.8443785175627527,1.0,18.059423721216746,-0.05261460621448304,3.558553387774677,0.9320337556881534,0.3228242842732749,2.3017984313678572,2.3017984313678572,85.78825004035106,4.616231233608883,0.7361200727976108
149,100.0,0.15,0.0,mid_assembly,0.02,0.02,1,inward_flux_median,1.8443785175627527,1.8443785175627527,1.0,53.423212681096835,-0.10802321819646993,2.9406211589923874,0.4626438195370364,0.1320609725275216,1.111370207962281,1.111370207962281,16.694734691462266,1.8443785175627527,0.5179287408961774
149,100.0,0.15,0.0,assembly_end,0.02,0.02,1,hernquist_radius,4.616231233608883,1.8443785175627527,1.0,18.059423721216746,-0.05261460621448304,3.558553387774677,0.9320337556881534,0.3228242842732749,2.3017984313678572,2.3017984313678572,85.78825004035106,4.616231233608883,0.7361200727976108
149,100.0,0.15,0.0,assembly_end,0.02,0.02,1,inward_flux_median,1.8443785175627527,1.8443785175627527,1.0,53.423212681096835,-0.10802321819646993,2.9406211589923874,0.4626438195370364,0.1320609725275216,1.111370207962281,1.111370207962281,16.694734691462266,1.8443785175627527,0.5179287408961774
149,100.0,0.15,0.0,final,2.0,2.0,100,hernquist_radius,4.616231233608883,13.584309102806959,1.0,26.798034818372706,-0.03716923736787052,4.509614651853564,0.8260002611028614,0.17167268138443045,2.2147982995429856,2.2147982995429856,121.43684706332938,4.616231233608883,0.4768515336005165
149,100.0,0.15,0.0,final,2.0,2.0,100,inward_flux_median,13.584309102806959,13.584309102806959,1.0,3.6317009083472866,-1.1476809568270612,4.234154182164683,2.1817194211336024,1.3491704713720636,5.968566021511953,5.968566021511953,11.57345314359318,13.584309102806959,1.3795974546356087
150,100.0,0.15,0.05,mid_assembly,0.025,0.02,1,hernquist_radius,4.616231233608883,0.0445310109969782,0.352,18.0599756637125,-0.0064666995033591515,3.5583566441117407,1.1387797062390712,0.32283226683521954,2.3020526306198286,2.3020526306198286,697.9936196753868,4.616231233608883,0.7361495240891989
150,100.0,0.15,0.05,mid_assembly,0.025,0.02,1,inward_flux_median,0.0445310109969782,0.0445310109969782,0.352,1764.3608773987862,-1.2225179986171355,2.1615819440841437,0.013769862210356825,0.005439818969892108,0.0241628849964638,0.0241628849964638,0.03561671584850289,0.0445310109969782,0.12260513968712551
150,100.0,0.15,0.05,assembly_end,0.05,0.06,3,hernquist_radius,4.616231233608883,2.2887589475628984,1.0,18.058193681587444,-0.09029125616842847,3.566942478747687,0.9319235618972351,0.32208697149610105,2.292962589487346,2.292962589487346,49.99061022346215,4.616231233608883,0.7344138033512418
150,100.0,0.15,0.05,assembly_end,0.05,0.06,3,inward_flux_median,2.2887589475628984,2.2887589475628984,1.0,41.87888848717232,-0.15920075185372912,3.1191941836191086,0.5412157064123805,0.1588202998312161,1.295246916527878,1.295246916527878,14.057287231190234,2.2887589475628984,0.5514855080005435
150,100.0,0.15,0.05,final,2.0,2.0,100,hernquist_radius,4.616231233608883,13.584309102806959,1.0,26.734776541905525,-0.042106305987224195,4.50624716526896,0.8266634254728695,0.1722074766491056,2.2125617900794636,2.2125617900794636,107.19807610461534,4.616231233608883,0.4777721185994342
150,100.0,0.15,0.05,final,2.0,2.0,100,inward_flux_median,13.584309102806959,13.584309102806959,1.0,3.6359806939849726,-1.139927433094395,4.226965212424278,2.1840329721352956,1.3498742976258962,5.993866442719794,5.993866442719794,11.652173105068414,13.584309102806959,1.3811302332005893
151,100.0,0.15,0.2,mid_assembly,0.1,0.1,5,hernquist_radius,4.616231233608883,2.6909929199128513,0.5,18.05949028752627,-0.0435559681104682,3.57449043259732,1.079499305997121,0.32138377140741947,2.2852792863586613,2.2852792863586613,103.63023001244824,4.616231233608883,0.7328366939411213
151,100.0,0.15,0.2,mid_assembly,0.1,0.1,5,inward_flux_median,2.6909929199128513,2.6909929199128513,0.5,34.744946731415894,-0.063720972886426,3.2454805429250393,0.731191843141853,0.18398097260907179,1.4599444204572951,1.4599444204572951,41.29302844102325,2.6909929199128513,0.5819012031724653
151,100.0,0.15,0.2,assembly_end,0.2,0.2,10,hernquist_radius,4.616231233608883,3.3393547282353855,1.0,18.050826089852897,-0.24046229294254526,3.598839444053913,0.9307822832783987,0.31936257152995,2.259717104188839,2.259717104188839,18.77098874201105,4.616231233608883,0.7280531366546914
151,100.0,0.15,0.2,assembly_end,0.2,0.2,10,inward_flux_median,3.3393547282353855,3.3393547282353855,1.0,26.92928190495848,-0.3119211365323363,3.4261029593615744,0.7195723915255186,0.2248632004992557,1.7071177617449949,1.7071177617449949,10.468014816184246,3.3393547282353855,0.6261253590374705
151,100.0,0.15,0.2,final,2.0,2.0,100,hernquist_radius,4.616231233608883,12.870637396137889,1.0,26.530569022471052,-0.058941611120201666,4.495418437235265,0.8287200667786652,0.1739509813739946,2.2052999389873174,2.2052999389873174,76.57943018384252,4.616231233608883,0.48076261114322744
151,100.0,0.15,0.2,final,2.0,2.0,100,inward_flux_median,12.870637396137889,12.870637396137889,1.0,3.982729159353589,-1.1547751502281385,4.227020352745316,2.081799266268211,1.2323340764734285,5.580852808098347,5.580852808098347,10.898060225431113,12.870637396137889,1.3196214440564715
152,100.0,0.15,0.5,mid_assembly,0.25,0.24,12,hernquist_radius,4.616231233608883,5.142360925931856,0.470016,18.066415756327174,-0.07819473484332787,3.602518071106641,1.0902502006791062,0.3187611625876281,2.2573757490774224,2.2573757490774224,57.724027106766535,4.616231233608883,0.7269958335837995
152,100.0,0.15,0.5,mid_assembly,0.25,0.24,12,inward_flux_median,5.142360925931856,5.142360925931856,0.470016,15.733288480927767,-0.07334611823135663,3.6574211171325635,1.1802623812734259,0.360536382211228,2.4856285911471296,2.4856285911471296,68.5538735477588,5.142360925931856,0.7673427056686553
152,100.0,0.15,0.5,assembly_end,0.5,0.5,25,hernquist_radius,4.616231233608883,4.872199413075837,1.0,18.08516874902793,-0.5097979895597047,3.6797140916820554,0.925313229674764,0.31175033514866585,2.1839223391230176,2.1839223391230176,8.85392858767651,4.616231233608883,0.7113752175315461
152,100.0,0.15,0.5,assembly_end,0.5,0.5,25,inward_flux_median,4.872199413075837,4.872199413075837,1.0,16.86865703276393,-0.49145629835348414,3.6990999041495733,0.9670245274594789,0.3324811294925272,2.297550138103619,2.297550138103619,9.693636452608269,4.872199413075837,0.7327195429586383
152,100.0,0.15,0.5,final,2.0,2.0,100,hernquist_radius,4.616231233608883,12.194459484776724,1.0,26.02863398765684,-0.1064988775003256,4.469091626845672,0.8334704414597662,0.1783499266965031,2.1871652839958706,2.1871652839958706,42.38274712039927,4.616231233608883,0.48823526270739076
152,100.0,0.15,0.5,final,2.0,2.0,100,inward_flux_median,12.194459484776724,12.194459484776724,1.0,4.377863601341926,-1.1353826698674871,4.201837960747973,1.9923563498079329,1.1278258480740901,5.2817062157949035,5.2817062157949035,10.50187566559197,12.194459484776724,1.2662039867267614
153,100.0,0.15,1.0,mid_assembly,0.5,0.5,25,hernquist_radius,4.616231233608883,8.357955511729823,0.5,18.150429821052455,-0.10964218648830643,3.653596560770109,1.0782710877149166,0.3128499332087168,2.2143874084485256,2.2143874084485256,41.16768497848296,4.616231233608883,0.7151712431611925
153,100.0,0.15,1.0,mid_assembly,0.5,0.5,25,inward_flux_median,8.357955511729823,8.357955511729823,0.5,8.125985623276646,-0.09765465646487617,3.8860537781565556,1.6854776151072675,0.656989932151478,3.9337777179540767,3.9337777179540767,83.6861669925886,8.357955511729823,1.0049102103256724
153,100.0,0.15,1.0,assembly_end,1.0,1.0,50,hernquist_radius,4.616231233608883,6.381349852403016,1.0,18.631620955503,-0.7067623559315083,3.8258889146322046,0.9136793444815288,0.29104528908156013,2.099268855618325,2.099268855618325,6.386467750894333,4.616231233608883,0.6740877173901906
153,100.0,0.15,1.0,assembly_end,1.0,1.0,50,inward_flux_median,6.381349852403016,6.381349852403016,1.0,11.889287518928656,-0.6423795069268695,3.8804097152416457,1.196476389249099,0.44968681849802433,2.8819153532119857,2.8819153532119857,9.71331460954258,6.381349852403016,0.8319909302765521
153,100.0,0.15,1.0,final,2.0,2.0,100,hernquist_radius,4.616231233608883,10.94680936663417,1.0,24.34815283085477,-0.32584046414192286,4.397834415616678,0.8456694608243939,0.19374864671259895,2.114372995362044,2.114372995362044,13.852530579924196,4.616231233608883,0.5129820951142642
153,100.0,0.15,1.0,final,2.0,2.0,100,inward_flux_median,10.94680936663417,10.94680936663417,1.0,5.279152967595132,-1.0768851115384614,4.158397248759161,1.824959285187432,0.9450468728894142,4.734947598113177,4.734947598113177,9.939505093190258,10.94680936663417,1.1651074846002845
154,100.0,0.2,0.0,mid_assembly,0.02,0.02,1,hernquist_radius,6.046096229598171,2.0545894565008713,1.0,12.716457164802955,-0.03010514957233541,3.7172929998518183,1.2278085487405772,0.4388849048793555,2.9081058098629504,2.9081058098629504,196.37257907089773,6.046096229598171,0.8397774910769099
154,100.0,0.2,0.0,mid_assembly,0.02,0.02,1,inward_flux_median,2.0545894565008713,2.0545894565008713,1.0,47.32746890109815,-0.06675134201011132,3.015317920657422,0.5646891925629623,0.14537749552327847,1.2072856565534074,1.2072856565534074,30.09619775149389,2.0545894565008713,0.5366416075310336
154,100.0,0.2,0.0,assembly_end,0.02,0.02,1,hernquist_radius,6.046096229598171,2.0545894565008713,1.0,12.716457164802955,-0.03010514957233541,3.7172929998518183,1.2278085487405772,0.4388849048793555,2.9081058098629504,2.9081058098629504,196.37257907089773,6.046096229598171,0.8397774910769099
154,100.0,0.2,0.0,assembly_end,0.02,0.02,1,inward_flux_median,2.0545894565008713,2.0545894565008713,1.0,47.32746890109815,-0.06675134201011132,3.015317920657422,0.5646891925629623,0.14537749552327847,1.2072856565534074,1.2072856565534074,30.09619775149389,2.0545894565008713,0.5366416075310336
154,100.0,0.2,0.0,final,2.0,2.0,100,hernquist_radius,6.046096229598171,13.584309102806959,1.0,16.81356019132242,-0.08763014286306117,4.363519274278253,1.1098295876358932,0.2827788922195172,2.7349900770154503,2.7349900770154503,67.46338270922364,6.046096229598171,0.6221675411361561
154,100.0,0.2,0.0,final,2.0,2.0,100,inward_flux_median,13.584309102806959,13.584309102806959,1.0,3.703499094253704,-0.973493968756247,4.198056024586726,2.237479363172174,1.3343909797292663,6.129742423707558,6.129742423707558,13.644287693535796,13.584309102806959,1.3779064674860888
155,100.0,0.2,0.05,mid_assembly,0.025,0.02,1,hernquist_radius,6.046096229598171,0.0322134734159767,0.352,12.716663578141116,-0.003673181821515131,3.7172069732968187,1.4182249211476445,0.4388879378799772,2.908252294916133,2.908252294916133,1609.456365651973,6.046096229598171,0.8397901101718853
155,100.0,0.2,0.05,mid_assembly,0.025,0.02,1,inward_flux_median,0.0322134734159767,0.0322134734159767,0.352,2243.54176540196,-1.91673106772234,2.3907676675116383,0.008539877550420162,0.0038678715047148664,0.014474097658240166,0.014474097658240166,0.016433230654988133,0.0322134734159767,0.09830364852037322
155,100.0,0.2,0.05,assembly_end,0.05,0.06,3,hernquist_radius,6.046096229598171,2.5496176394142833,1.0,12.715990506674888,-0.05171562942785563,3.720800805690543,1.2277314632189062,0.4384872349178418,2.903293244192853,2.903293244192853,114.31410446394656,6.046096229598171,0.8390011807650704
155,100.0,0.2,0.05,assembly_end,0.05,0.06,3,inward_flux_median,2.5496176394142833,2.5496176394142833,1.0,36.99135050992618,-0.0988034587778484,3.1895050958234643,0.6540641958492432,0.17584097489297673,1.4113340504458658,1.4113340504458658,25.231872718997845,2.5496176394142833,0.5738530525177081
155,100.0,0.2,0.05,final,2.0,2.0,100,hernquist_radius,6.046096229598171,13.584309102806959,1.0,16.75733610624918,-0.09758372390783338,4.358861003134108,1.1109642282243652,0.2840308867033447,2.7323677660093395,2.7323677660093395,60.582089185469954,6.046096229598171,0.6238764317146663
155,100.0,0.2,0.05,final,2.0,2.0,100,inward_flux_median,13.584309102806959,13.584309102806959,1.0,3.7070033753113125,-0.9661992457643125,4.192317414407,2.2396573503941406,1.3349544022254538,6.150637614608083,6.150637614608083,13.747300917343345,13.584309102806959,1.3791402778330426
156,100.0,0.2,0.2,mid_assembly,0.1,0.1,5,hernquist_radius,6.046096229598171,2.9976957702140035,0.5,12.716481501763425,-0.025065021746775842,3.724021929571545,1.3669247181723847,0.4380910459677873,2.8990200644962565,2.8990200644962565,235.85959448030744,6.046096229598171,0.8382592962329494
156,100.0,0.2,0.2,mid_assembly,0.1,0.1,5,inward_flux_median,2.9976957702140035,2.9976957702140035,0.5,30.612188898675136,-0.037559412177839785,3.3127316398437237,0.8449273947561668,0.20457988502005928,1.5941258180856683,1.5941258180856683,78.03965603087981,2.9976957702140035,0.6073522463872949
156,100.0,0.2,0.2,assembly_end,0.2,0.2,10,hernquist_radius,6.046096229598171,4.373710719835535,1.0,12.713315148056989,-0.13885031299219594,3.73484678278293,1.226922468372921,0.4369301033434429,2.8840531267539897,2.8840531267539897,42.57697182985041,6.046096229598171,0.8359338149603668
156,100.0,0.2,0.2,assembly_end,0.2,0.2,10,inward_flux_median,4.373710719835535,4.373710719835535,1.0,19.335987294180914,-0.1776976425552939,3.5690434476202295,0.9610089860020298,0.300625200620549,2.157407047752019,2.157407047752019,24.066612591139663,4.373710719835535,0.7093148941226862
156,100.0,0.2,0.2,final,2.0,2.0,100,hernquist_radius,6.046096229598171,13.584309102806959,1.0,16.55951777770275,-0.1348641601208864,4.343641101475959,1.1146309552167062,0.2884310099884547,2.722040291943423,2.722040291943423,43.83541082772126,6.046096229598171,0.6297908015774477
156,100.0,0.2,0.2,final,2.0,2.0,100,inward_flux_median,13.584309102806959,13.584309102806959,1.0,3.7180155649985136,-0.9426228459554421,4.175650492882608,2.2461192889520203,1.3363131014595098,6.2124344884887925,6.2124344884887925,14.091141366480368,13.584309102806959,1.382592981005949
157,100.0,0.2,0.5,mid_assembly,0.25,0.24,12,hernquist_radius,6.046096229598171,6.735193154785496,0.470016,12.719333527788725,-0.04606356474382021,3.7366429401844377,1.3765402712076136,0.4365134346213509,2.882527246513227,2.882527246513227,128.34060710917421,6.046096229598171,0.8353342952307082
157,100.0,0.2,0.5,mid_assembly,0.25,0.24,12,inward_flux_median,6.735193154785496,6.735193154785496,0.470016,10.992510983053744,-0.04380199928062441,3.7872675222944294,1.486188438777652,0.4983341832292773,3.1901484595590275,3.1901484595590275,150.34974627699398,6.735193154785496,0.886542688396611
157,100.0,0.2,0.5,assembly_end,0.5,0.5,25,hernquist_radius,6.046096229598171,6.381349852403016,1.0,12.72755415160944,-0.3011101033243415,3.773945877391768,1.222928027219496,0.4319196368529845,2.834807136286229,2.834807136286229,19.633435741831285,6.046096229598171,0.8268104285302598
157,100.0,0.2,0.5,assembly_end,0.5,0.5,25,inward_flux_median,6.381349852403016,6.381349852403016,1.0,11.831635093392075,-0.29136020640446375,3.794097050883333,1.2750859286128478,0.462157885858612,2.9873899656759946,2.9873899656759946,21.41553346115397,6.381349852403016,0.8529886864011751
157,100.0,0.2,0.5,final,2.0,2.0,100,hernquist_radius,6.046096229598171,12.870637396137889,1.0,15.888159570910707,-0.28192591370007714,4.304250878477108,1.1240099326667858,0.3033698387217528,2.675242438281404,2.675242438281404,20.969430540265446,6.046096229598171,0.6488431392249326
157,100.0,0.2,0.5,final,2.0,2.0,100,inward_flux_median,12.870637396137889,12.870637396137889,1.0,4.0903903770161945,-0.9148955179679107,4.155610638914187,2.1523268010823253,1.2205173655904664,5.855661635153001,5.855661635153001,13.75546047265576,12.870637396137889,1.324514940916606
158,100.0,0.2,1.0,mid_assembly,0.5,0.5,25,hernquist_radius,6.046096229598171,10.371702597188497,0.5,12.753619260421047,-0.06820140795144809,3.762315956300657,1.366026691540791,0.4323693085954572,2.853619936757939,2.853619936757939,86.68187420768804,6.046096229598171,0.8285182931518135
158,100.0,0.2,1.0,mid_assembly,0.5,0.5,25,inward_flux_median,10.371702597188497,10.371702597188497,0.5,5.9103386310255885,-0.06729627313785726,3.9582753656806138,2.0268413894042605,0.8867990159771795,4.96195256480024,4.96195256480024,150.69735146168685,10.371702597188497,1.1568096541783024
158,100.0,0.2,1.0,assembly_end,1.0,1.0,50,hernquist_radius,6.046096229598171,8.357955511729823,1.0,12.949720789997398,-0.4365706576517728,3.8535869683550836,1.2138946904095713,0.4157363522028496,2.7665662145588614,2.7665662145588614,13.541509859213123,6.046096229598171,0.8027470589347474
158,100.0,0.2,1.0,assembly_end,1.0,1.0,50,inward_flux_median,8.357955511729823,8.357955511729823,1.0,8.145325180503525,-0.4091903747292655,3.9268247506632914,1.5668852184245954,0.6486249103798862,3.861626028152988,3.861626028152988,19.971984663448165,8.357955511729823,0.9932952459509783
158,100.0,0.2,1.0,final,2.0,2.0,100,hernquist_radius,6.046096229598171,12.194459484776724,1.0,14.615540093710962,-0.5720090458345956,4.196954349557328,1.1491269392088248,0.3382162394270217,2.6165735657772364,2.6165735657772364,10.335196458666013,6.046096229598171,0.6937969884276075
158,100.0,0.2,1.0,final,2.0,2.0,100,inward_flux_median,12.194459484776724,12.194459484776724,1.0,4.521897015216466,-0.8249640633578817,4.113907205794442,2.072640106477645,1.1152401901299505,5.603623639341208,5.603623639341208,14.45353581013328,12.194459484776724,1.2725043190227945
159,100.0,0.3,0.0,mid_assembly,0.02,0.02,1,hernquist_radius,8.82140080901636,1.9466485702306768,1.0,7.514190517061764,-0.013719313030058675,3.905350442918941,1.735934222364627,0.7069706060269633,4.161255154903187,4.161255154903187,628.7120263592329,8.82140080901636,1.0398554636968607
159,100.0,0.3,0.0,mid_assembly,0.02,0.02,1,inward_flux_median,1.9466485702306768,1.9466485702306768,1.0,50.28881364383507,-0.03560046024521927,2.9773999432510125,0.6317398063547236,0.13855908422164473,1.158512388493583,1.158512388493583,53.46610176404088,1.9466485702306768,0.5272313414575573
159,100.0,0.3,0.0,assembly_end,0.02,0.02,1,hernquist_radius,8.82140080901636,1.9466485702306768,1.0,7.514190517061764,-0.013719313030058675,3.905350442918941,1.735934222364627,0.7069706060269633,4.161255154903187,4.161255154903187,628.7120263592329,8.82140080901636,1.0398554636968607
159,100.0,0.3,0.0,assembly_end,0.02,0.02,1,inward_flux_median,1.9466485702306768,1.9466485702306768,1.0,50.28881364383507,-0.03560046024521927,2.9773999432510125,0.6317398063547236,0.13855908422164473,1.158512388493583,1.158512388493583,53.46610176404088,1.9466485702306768,0.5272313414575573
159,100.0,0.3,0.0,final,2.0,2.0,100,hernquist_radius,8.82140080901636,15.132565246616394,1.0,8.120736062059631,-0.47727860329624916,4.2052963602109905,1.629980744050598,0.6075073934618188,3.780432866535603,3.780432866535603,18.07224760509729,8.82140080901636,0.9289231476235388
159,100.0,0.3,0.0,final,2.0,2.0,100,inward_flux_median,15.132565246616394,15.132565246616394,1.0,3.162831156908195,-0.6910489811487541,4.137673799313073,2.5509550146582045,1.585299463819215,7.414401700840034,7.414401700840034,21.41165821216003,15.132565246616394,1.512794150573065
160,100.0,0.3,0.05,mid_assembly,0.025,0.02,1,hernquist_radius,8.82140080901636,0.025958975892927,0.352,7.514240561975988,-0.0016421936070872905,3.905324114911906,1.8904532940967174,0.7069706636544282,4.161324250131526,4.161324250131526,5252.423988352752,8.82140080901636,1.039859011200109
160,100.0,0.3,0.05,mid_assembly,0.025,0.02,1,inward_flux_median,0.025958975892927,0.025958975892927,0.352,2749.67200661143,-2.3871684116382355,2.5748376014991967,0.006193559681937106,0.002930305062701724,0.010671226294702308,0.010671226294702308,0.010632883958733338,0.025958975892927,0.08244869789019467
160,100.0,0.3,0.05,assembly_end,0.05,0.06,3,hernquist_radius,8.82140080901636,2.9976957702140035,1.0,7.5140703457262035,-0.02367576301479548,3.9046433132822966,1.7358946286858736,0.7071099466906406,4.162681103018908,4.162681103018908,364.3175972826964,8.82140080901636,1.0400520977782008
160,100.0,0.3,0.05,assembly_end,0.05,0.06,3,inward_flux_median,2.9976957702140035,2.9976957702140035,1.0,30.610450352053224,-0.048518620371946944,3.295023058536152,0.827994875178533,0.2056910490540941,1.606627618740574,1.606627618740574,60.41234446920518,2.9976957702140035,0.6106337051570272
160,100.0,0.3,0.05,final,2.0,2.0,100,hernquist_radius,8.82140080901636,15.132565246616394,1.0,8.101697927711191,-0.4837765572406599,4.1988598755901245,1.6322679345855273,0.6098684156708621,3.7858320263973875,3.7858320263973875,17.829506135192844,8.82140080901636,0.9314395727844824
160,100.0,0.3,0.05,final,2.0,2.0,100,inward_flux_median,15.132565246616394,15.132565246616394,1.0,3.1649127536431436,-0.6848472619270111,4.134406091795433,2.552656615033473,1.5855089434075058,7.429610921895634,7.429610921895634,21.605554135654135,15.132565246616394,1.5134918510943975
161,100.0,0.3,0.2,mid_assembly,0.1,0.1,5,hernquist_radius,8.82140080901636,2.9976957702140035,0.5,7.514176296226896,-0.011769787644665165,3.9039506526378456,1.8515070175793313,0.7072254339942925,4.164144492969992,4.164144492969992,732.8506983976432,8.82140080901636,1.0402292958710728
161,100.0,0.3,0.2,mid_assembly,0.1,0.1,5,inward_flux_median,2.9976957702140035,2.9976957702140035,0.5,30.612558790309162,-0.015319008342092672,3.312351692692107,0.9137759293354472,0.2046008793707275,1.5944082682449017,1.5944082682449017,191.33899150813082,2.9976957702140035,0.6074182436813514
161,100.0,0.3,0.2,assembly_end,0.2,0.2,10,hernquist_radius,8.82140080901636,6.046096229598171,1.0,7.513324161336743,-0.06530861174626126,3.903511986008601,1.7354599654636969,0.7073851302117649,4.164801489974263,4.164801489974263,132.07289000257464,8.82140080901636,1.040405188698398
161,100.0,0.3,0.2,assembly_end,0.2,0.2,10,inward_flux_median,6.046096229598171,6.046096229598171,1.0,12.718176417430358,-0.08455584278662821,3.7340815745372695,1.3223750631226254,0.4368525993845523,2.885776034236497,2.885776034236497,69.91623133309415,6.046096229598171,0.835945311522444
161,100.0,0.3,0.2,final,2.0,2.0,100,hernquist_radius,8.82140080901636,15.132565246616394,1.0,8.05726039151854,-0.49572628976271343,4.179240435975746,1.6392674191216208,0.616110788891681,3.80626271595649,3.80626271595649,17.399716887142574,8.82140080901636,0.9383892699892389
161,100.0,0.3,0.2,final,2.0,2.0,100,inward_flux_median,15.132565246616394,15.132565246616394,1.0,3.1713056256997287,-0.6654013803033083,4.124971691494621,2.5576743586855333,1.5859317731023617,7.474073468128279,7.474073468128279,22.23696107374152,15.132565246616394,1.515423677897676
162,100.0,0.3,0.5,mid_assembly,0.25,0.24,12,hernquist_radius,8.82140080901636,8.357955511729823,0.470016,7.514739995390133,-0.023707750562442297,3.9027224253732453,1.8590273406964306,0.7073949377626454,4.1668520731945975,4.1668520731945975,363.8260438360309,8.82140080901636,1.040517638738292
162,100.0,0.3,0.5,mid_assembly,0.25,0.24,12,inward_flux_median,8.357955511729823,8.357955511729823,0.470016,8.124478643067983,-0.024057750179112075,3.881017246574191,1.790268382680793,0.657964551760325,3.9431107987417424,3.9431107987417424,339.69693041451,8.357955511729823,1.0063076325942926
162,100.0,0.3,0.5,assembly_end,0.5,0.5,25,hernquist_radius,8.82140080901636,9.310543963066504,1.0,7.515774355054842,-0.1504210836254348,3.9078914524357935,1.7331216001011474,0.706362029221839,4.1564768491916695,4.1564768491916695,57.34234116317938,8.82140080901636,1.039069821880432
162,100.0,0.3,0.5,assembly_end,0.5,0.5,25,inward_flux_median,9.310543963066504,9.310543963066504,1.0,6.943287519196963,-0.14608080134595958,3.925996089505778,1.804133631000221,0.761076930781559,4.40255548745965,4.40255548745965,62.32015010065014,9.310543963066504,1.0760727969286001
162,100.0,0.3,0.5,final,2.0,2.0,100,hernquist_radius,8.82140080901636,14.337553620769176,1.0,8.008737917004613,-0.49357387267086,4.13945349385698,1.6536953143941557,0.6258013287343944,3.860477850573102,3.860477850573102,17.475594987858557,8.82140080901636,0.9502744257483486
162,100.0,0.3,0.5,final,2.0,2.0,100,inward_flux_median,14.337553620769176,14.337553620769176,1.0,3.491628824491441,-0.6369007883773795,4.1111469099195075,2.453136033357238,1.4452817008464043,6.997737236700566,6.997737236700566,22.01151052746482,14.337553620769176,1.4490956697576831
163,100.0,0.3,1.0,mid_assembly,0.5,0.5,25,hernquist_radius,8.82140080901636,12.194459484776724,0.5,7.522336610459934,-0.04291015733292457,3.9042489408517866,1.8508015070647532,0.7064042539360723,4.1659261228080515,4.1659261228080515,201.01294498788874,8.82140080901636,1.0395854852694397
163,100.0,0.3,1.0,mid_assembly,0.5,0.5,25,inward_flux_median,12.194459484776724,12.194459484776724,0.5,4.601921950096296,-0.044073468149810335,4.00558965492522,2.3385838595796273,1.1254802154004049,5.978733090787115,5.978733090787115,270.5402622567953,12.194459484776724,1.295501764996281
163,100.0,0.3,1.0,assembly_end,1.0,1.0,50,hernquist_radius,8.82140080901636,12.194459484776724,1.0,7.566422249866589,-0.24493811705242585,3.9317745871025864,1.7266971789360186,0.6973718060410937,4.122543081824497,4.122543081824497,35.215005321277296,8.82140080901636,1.029295779244919
163,100.0,0.3,1.0,assembly_end,1.0,1.0,50,inward_flux_median,12.194459484776724,12.194459484776724,1.0,4.600206234083489,-0.23037770241535346,4.005494169316383,2.209838625571358,1.1259268200975865,5.978101232413683,5.978101232413683,51.75695176575195,12.194459484776724,1.2957742196788613
163,100.0,0.3,1.0,final,2.0,2.0,100,hernquist_radius,8.82140080901636,14.337553620769176,1.0,8.000168436107433,-0.4342400572539629,4.0758358409244835,1.678031374881976,0.6362499419173544,3.9707303471884337,3.9707303471884337,19.863430264657143,8.82140080901636,0.9656235317214295
163,100.0,0.3,1.0,final,2.0,2.0,100,inward_flux_median,14.337553620769176,14.337553620769176,1.0,3.516541335693325,-0.5551519343199901,4.084762919944368,2.468566611811092,1.4443118968394768,7.119118524750942,7.119118524750942,25.252813764382353,14.337553620769176,1.4532802501564703
