task_id,design,axis,axis_value,model_label,cross_section_model,sigma0_over_m_cm2_g,velocity_scale_km_s,halo_mass_msun,halo_redshift,halo_concentration,black_hole_seed_msun,scale_radius_over_rs,assembly_time_myr,initial_dynamical_time_myr,assembly_over_dynamical_time,r_min_over_reference_influence,cells,final_black_hole_mass_msun,growth_factor,reaches_1e7,time_to_1e7_msun_myr,dark_fraction_of_growth,initial_inner_lmfp_effective_sigma_cm2_g,final_inner_lmfp_effective_sigma_cm2_g,initial_inner_smfp_effective_sigma_cm2_g,final_inner_smfp_effective_sigma_cm2_g,mass_budget_residual_code,steps
0,main_effect,baseline,0.0,constant_sigma1,constant,1.0,0.0,1000000000.0,30.0,8.0,100000.0,0.02,1.25,0.4701314950984624,2.658830588957256,0.20833333333333334,256,16849996.97982746,168.4999697982746,True,1.53,0.9881348462183073,1.0,1.0,1.0,1.0,2.2710722191732202e-12,11013352
1,main_effect,halo_mass_msun,100000000.0,constant_sigma1,constant,1.0,0.0,100000000.0,30.0,8.0,100000.0,0.02,1.25,0.4460527007069999,2.802359447703673,0.20833333333333334,213,2115397.93188523,21.1539793188523,False,nan,0.9803133842623721,1.0,1.0,1.0,1.0,2.3092638912203256e-14,623524
2,main_effect,halo_mass_msun,300000000.0,constant_sigma1,constant,1.0,0.0,300000000.0,30.0,8.0,100000.0,0.02,1.25,0.4635165422742499,2.6967753812342035,0.20833333333333334,234,5687655.413817327,56.87655413817327,False,nan,0.9832711303687367,1.0,1.0,1.0,1.0,3.312905505481467e-13,2559017
3,main_effect,halo_mass_msun,3000000000.0,constant_sigma1,constant,1.0,0.0,3000000000.0,30.0,8.0,100000.0,0.02,1.25,0.4720741072366319,2.647889347960838,0.20833333333333334,276,22674649.653981816,226.74649653981817,True,1.79,0.9947927813053496,1.0,1.0,1.0,1.0,3.426592343203083e-12,23625352
4,main_effect,halo_mass_msun,10000000000.0,constant_sigma1,constant,1.0,0.0,10000000000.0,30.0,8.0,100000.0,0.02,1.25,0.4727597322421786,2.6440492172875416,0.20833333333333334,299,162263.94447142462,1.6226394447142463,False,nan,0.9711360831605332,1.0,1.0,1.0,1.0,7.484679542812955e-12,31645407
5,main_effect,halo_redshift,15.0,constant_sigma1,constant,1.0,0.0,1000000000.0,15.0,8.0,100000.0,0.02,1.25,1.2676008115224375,0.9861148625320788,0.20833333333333334,256,4751394.948945989,47.51394948945989,False,nan,0.9893944050073777,1.0,1.0,1.0,1.0,5.275779813018744e-13,2269664
6,main_effect,halo_redshift,20.0,constant_sigma1,constant,1.0,0.0,1000000000.0,20.0,8.0,100000.0,0.02,1.25,0.843136347834023,1.4825597345093593,0.20833333333333334,256,8678962.09757317,86.78962097573171,False,nan,0.9890624636851725,1.0,1.0,1.0,1.0,3.0739855105821334e-12,4438077
7,main_effect,halo_redshift,25.0,constant_sigma1,constant,1.0,0.0,1000000000.0,25.0,8.0,100000.0,0.02,1.25,0.6120555640759183,2.042298237885069,0.20833333333333334,256,12795605.167988652,127.95605167988653,True,1.75,0.9885648121854337,1.0,1.0,1.0,1.0,4.149569576838985e-12,7370983
8,main_effect,halo_concentration,4.0,constant_sigma1,constant,1.0,0.0,1000000000.0,30.0,4.0,100000.0,0.02,1.25,1.0483807455636656,1.192314915444134,0.20833333333333334,256,4487425.679040512,44.87425679040512,False,nan,0.9910410420236464,1.0,1.0,1.0,1.0,1.2660983372825285e-12,5387791
9,main_effect,halo_concentration,6.0,constant_sigma1,constant,1.0,0.0,1000000000.0,30.0,6.0,100000.0,0.02,1.25,0.6609746672043245,1.8911466082157615,0.20833333333333334,256,11591759.864082674,115.91759864082674,True,1.87,0.9899276289070681,1.0,1.0,1.0,1.0,3.4723335318176396e-12,8480229
10,main_effect,halo_concentration,10.0,constant_sigma1,constant,1.0,0.0,1000000000.0,30.0,10.0,100000.0,0.02,1.25,0.35854597483757167,3.486303257389166,0.20833333333333334,256,20903148.254426893,209.03148254426893,True,1.34,0.9867489967364709,1.0,1.0,1.0,1.0,2.7711166694643907e-12,13034994
11,main_effect,halo_concentration,12.0,constant_sigma1,constant,1.0,0.0,1000000000.0,30.0,12.0,100000.0,0.02,1.25,0.28622768816469063,4.3671526259918325,0.20833333333333334,256,24317609.24633101,243.1760924633101,True,1.21,0.9856661365163812,1.0,1.0,1.0,1.0,2.3012702854430245e-12,14733513
12,main_effect,black_hole_seed_msun,100.0,constant_sigma1,constant,1.0,0.0,1000000000.0,30.0,8.0,100.0,0.02,1.25,0.4730515371337043,2.6424182184756275,0.20833333333333334,256,100.95772160814201,1.00957721608142,False,nan,0.9990610785787197,1.0,1.0,1.0,1.0,1.5996093338799255e-12,6453328
13,main_effect,black_hole_seed_msun,1000.0,constant_sigma1,constant,1.0,0.0,1000000000.0,30.0,8.0,1000.0,0.02,1.25,0.47302498708575064,2.6425665326922747,0.20833333333333334,256,1053.9979842803016,1.0539979842803016,False,nan,0.998191813726703,1.0,1.0,1.0,1.0,1.901589996577968e-12,6679383
14,main_effect,black_hole_seed_msun,10000.0,constant_sigma1,constant,1.0,0.0,1000000000.0,30.0,8.0,10000.0,0.02,1.25,0.4727597322421786,2.6440492172875416,0.20833333333333334,256,13339.300164626191,1.333930016462619,False,nan,0.9954534555110105,1.0,1.0,1.0,1.0,3.814726312612038e-12,8219415
15,main_effect,black_hole_seed_msun,20000.0,constant_sigma1,constant,1.0,0.0,1000000000.0,30.0,8.0,20000.0,0.02,1.25,0.47246552735997954,2.6456956700834677,0.20833333333333334,256,32555.548790368277,1.627777439518414,False,nan,0.9930492553453272,1.0,1.0,1.0,1.0,2.304822999121825e-12,9119782
16,main_effect,black_hole_seed_msun,30000.0,constant_sigma1,constant,1.0,0.0,1000000000.0,30.0,8.0,30000.0,0.02,1.25,0.4721718710582688,2.647341098906213,0.20833333333333334,256,56343.26086614091,1.8781086955380304,False,nan,0.9905480078784308,1.0,1.0,1.0,1.0,4.265032771400001e-12,9628719
17,main_effect,black_hole_seed_msun,40000.0,constant_sigma1,constant,1.0,0.0,1000000000.0,30.0,8.0,40000.0,0.02,1.25,0.47187876163433856,2.6489855056639144,0.20833333333333334,256,83642.41424999072,2.091060356249768,False,nan,0.9880828938944353,1.0,1.0,1.0,1.0,5.363709476569056e-12,9968947
18,main_effect,scale_radius_over_rs,0.005,constant_sigma1,constant,1.0,0.0,1000000000.0,30.0,8.0,100000.0,0.005,1.25,0.23456081450149624,5.329108370707957,0.20833333333333334,256,190267.07348633933,1.9026707348633933,False,nan,0.9718826867435346,1.0,1.0,1.0,1.0,7.602807272633072e-13,12703271
19,main_effect,scale_radius_over_rs,0.01,constant_sigma1,constant,1.0,0.0,1000000000.0,30.0,8.0,100000.0,0.01,1.25,0.31180805870254225,4.00887650306842,0.20833333333333334,256,15139363.856436318,151.3936385643632,True,1.4000000000000001,0.984366963548508,1.0,1.0,1.0,1.0,3.185007813044649e-12,12773679
20,main_effect,scale_radius_over_rs,0.04,constant_sigma1,constant,1.0,0.0,1000000000.0,30.0,8.0,100000.0,0.04,1.25,0.7289531176568492,1.714787919445364,0.20833333333333334,256,9978906.427431727,99.78906427431727,False,nan,0.9926979206292859,1.0,1.0,1.0,1.0,7.975842208907125e-13,6678521
21,main_effect,scale_radius_over_rs,0.08,constant_sigma1,constant,1.0,0.0,1000000000.0,30.0,8.0,100000.0,0.08,1.25,0.8489391763851156,1.472425863679244,0.20833333333333334,256,1099254.9926405922,10.992549926405921,False,nan,0.9884026136316245,1.0,1.0,1.0,1.0,3.89910326248355e-13,3499731
22,main_effect,assembly_time_myr,0.25,constant_sigma1,constant,1.0,0.0,1000000000.0,30.0,8.0,100000.0,0.02,0.25,0.4701314950984624,0.5317661177914511,0.20833333333333334,256,171530.10393421282,1.7153010393421282,False,nan,0.9640691815044682,1.0,1.0,1.0,1.0,4.487965554744733e-12,11811684
23,main_effect,assembly_time_myr,0.5,constant_sigma1,constant,1.0,0.0,1000000000.0,30.0,8.0,100000.0,0.02,0.5,0.4701314950984624,1.0635322355829022,0.20833333333333334,256,16280308.69833258,162.80308698332578,True,1.55,0.9918588616200398,1.0,1.0,1.0,1.0,4.155786825776886e-12,12144164
24,main_effect,assembly_time_myr,0.75,constant_sigma1,constant,1.0,0.0,1000000000.0,30.0,8.0,100000.0,0.02,0.75,0.4701314950984624,1.5952983533743534,0.20833333333333334,256,16873863.91672538,168.73863916725378,True,1.44,0.9866103885995724,1.0,1.0,1.0,1.0,2.050803971087589e-12,12020541
25,main_effect,assembly_time_myr,1.0,constant_sigma1,constant,1.0,0.0,1000000000.0,30.0,8.0,100000.0,0.02,1.0,0.4701314950984624,2.1270644711658044,0.20833333333333334,256,17054666.34029876,170.5466634029876,True,1.48,0.9872680317186362,1.0,1.0,1.0,1.0,3.431921413721284e-12,11599862
26,main_effect,assembly_time_myr,1.5,constant_sigma1,constant,1.0,0.0,1000000000.0,30.0,8.0,100000.0,0.02,1.5,0.4701314950984624,3.190596706748707,0.20833333333333334,256,16260213.031983158,162.6021303198316,True,1.6,0.9890016063007514,1.0,1.0,1.0,1.0,5.0883741664620175e-12,10338753
27,main_effect,assembly_time_myr,1.75,constant_sigma1,constant,1.0,0.0,1000000000.0,30.0,8.0,100000.0,0.02,1.75,0.4701314950984624,3.722362824540158,0.20833333333333334,256,15313851.46782057,153.1385146782057,True,1.67,0.9897863852032887,1.0,1.0,1.0,1.0,2.134292742539401e-12,9631935
28,latin_hypercube,joint,0.0,constant_sigma1,constant,1.0,0.0,363986311.1441286,17.45054101270017,7.731458952345833,5189.671060060451,0.021466365331530575,0.34212100129501,1.1184047088360987,0.3059008949014963,0.20833333333333334,237,6010.233610481724,1.1581145588853015,False,nan,0.9949381673938222,1.0,1.0,1.0,1.0,2.184918912462308e-13,882094
29,latin_hypercube,joint,1.0,constant_sigma1,constant,1.0,0.0,251807452.8061012,18.964906236544167,11.420421989215692,387.43856700919684,0.07827918692926719,0.5369206997141529,1.0661433688133646,0.5036102229963261,0.20833333333333334,230,394.9230172642169,1.0193177729124794,False,nan,0.9976962033522437,1.0,1.0,1.0,1.0,1.2434497875801753e-14,196975
30,latin_hypercube,joint,2.0,constant_sigma1,constant,1.0,0.0,7300072597.978582,19.550738870083315,11.022119754494526,7259.258422489268,0.029606525691442336,1.3608066261268874,0.7542378187360068,1.8042142575234452,0.20833333333333334,293,7925.288347958674,1.0917490309211253,False,nan,0.9920875102414211,1.0,1.0,1.0,1.0,9.174883075502294e-13,6699804
31,latin_hypercube,joint,3.0,constant_sigma1,constant,1.0,0.0,3495812758.551744,22.11810369684752,11.14867704832373,1152.5527728723223,0.019046690701619864,0.4390903281412285,0.47660418204596977,0.9212892892720715,0.20833333333333334,279,1219.68401387116,1.0582456982265005,False,nan,0.9974824908971915,1.0,1.0,1.0,1.0,3.561595462997502e-13,6424911
32,latin_hypercube,joint,4.0,constant_sigma1,constant,1.0,0.0,727920048.1819899,18.12362802015318,10.32921357912742,64763.56789132588,0.006973562442957025,1.5097133127601117,0.37966764616148735,3.976407597601751,0.20833333333333334,250,121552.57599787311,1.876866577237374,False,nan,0.982853526409202,1.0,1.0,1.0,1.0,4.778399897986674e-13,3402101
33,latin_hypercube,joint,5.0,constant_sigma1,constant,1.0,0.0,1112520944.7188535,24.33170651727848,7.158655234882939,7529.685561510739,0.02869934156081333,0.7629191712183623,0.9107443484820597,0.837687516249672,0.20833333333333334,258,9333.285029185443,1.2395318440512453,False,nan,0.9953474671566034,1.0,1.0,1.0,1.0,1.5543122344752192e-13,1756650
34,latin_hypercube,joint,6.0,constant_sigma1,constant,1.0,0.0,610321080.66264,24.024788870124688,9.189414448802559,16842.282649190827,0.0061855523457104294,0.6003863262157573,0.28378581021381716,2.11563194707797,0.20833333333333334,247,21034.2123325772,1.2488932035342473,False,nan,0.9887540987884721,1.0,1.0,1.0,1.0,1.2612133559741778e-12,5169760
35,latin_hypercube,joint,7.0,constant_sigma1,constant,1.0,0.0,784383391.5651248,25.83955421998221,4.232263169406632,506.4357934848854,0.009382083724801586,1.737065722984784,0.7984398923090933,2.1755748174871106,0.20833333333333334,251,531.0934740979864,1.048688660893075,False,nan,0.9991709675373528,1.0,1.0,1.0,1.0,5.835332217429823e-13,2952659
36,latin_hypercube,joint,8.0,constant_sigma1,constant,1.0,0.0,126280982.26141337,18.32503838763387,5.564818616033557,11603.124130739936,0.05648141794265815,0.7908913484252418,2.643698743283036,0.29916092006878425,0.20833333333333334,218,17296.545452116035,1.4906800321382951,False,nan,0.9955210328039827,1.0,1.0,1.0,1.0,1.0658141036401503e-14,98567
37,latin_hypercube,joint,9.0,constant_sigma1,constant,1.0,0.0,115308552.65046664,20.485726129285297,8.115140315586997,32729.05742804086,0.02289116630897121,1.3362000104325467,0.8617310602248515,1.5505998009215218,0.20833333333333334,216,62064.31719880413,1.8963062818188607,False,nan,0.99136243664486,1.0,1.0,1.0,1.0,1.509903313490213e-14,323177
38,latin_hypercube,joint,10.0,constant_sigma1,constant,1.0,0.0,2286887832.3124833,29.348556121200808,4.094957314804988,85823.71165173,0.016472245098852506,1.0380407214356973,0.9429440793324833,1.100850775976592,0.20833333333333334,271,3219326.6685366984,37.510923340167665,False,nan,0.9941211579741922,1.0,1.0,1.0,1.0,3.5411673593443993e-12,9741492
39,latin_hypercube,joint,11.0,constant_sigma1,constant,1.0,0.0,659437543.7726965,24.83430414288211,7.376089219015792,43238.11171977849,0.04826468481077741,0.7864664338252743,1.2001805053429817,0.6552901253803666,0.20833333333333334,248,107161.61291131824,2.4784064023383126,False,nan,0.9883486948235214,1.0,1.0,1.0,1.0,8.526512829121202e-14,1980317
40,latin_hypercube,joint,12.0,constant_sigma1,constant,1.0,0.0,285828546.0824566,15.58275316678461,10.851781587971237,968.9574131258253,0.020135855710255595,1.1882620258415684,0.8378484383748476,1.4182302805820213,0.20833333333333334,233,1023.5848809147735,1.056377573512464,False,nan,0.9982719520740846,1.0,1.0,1.0,1.0,1.341149413747189e-13,679446
41,latin_hypercube,joint,13.0,constant_sigma1,constant,1.0,0.0,139038378.77136952,20.04334442699453,11.708644023614351,4056.940715529643,0.021867841563900325,0.3873209729917774,0.5597055942612866,0.692008400421606,0.20833333333333334,219,4465.046840465014,1.1005945498225234,False,nan,0.9943774706668765,1.0,1.0,1.0,1.0,3.108624468950438e-14,567520
42,latin_hypercube,joint,14.0,constant_sigma1,constant,1.0,0.0,1685575835.6354733,19.69163121605412,11.958058418989342,14601.121207368024,0.016081511206882962,0.8352874155549519,0.4671677605708348,1.7879817188889697,0.20833333333333334,266,19329.29435022595,1.3238226075729032,False,nan,0.9921871981137589,1.0,1.0,1.0,1.0,4.709121981250064e-12,10671158
43,latin_hypercube,joint,15.0,constant_sigma1,constant,1.0,0.0,7783087575.6987295,15.009882555147295,6.26923464594924,3430.6473624694436,0.012632799433078205,0.4814340942588141,1.304757381299564,0.36898361424044696,0.20833333333333334,294,3719.181020727971,1.0841047265350046,False,nan,0.9946122660110251,1.0,1.0,1.0,1.0,3.645972412869014e-13,5996045
44,latin_hypercube,joint,16.0,constant_sigma1,constant,1.0,0.0,388320619.39336437,15.455510237326767,11.854709970124446,1337.2750484438643,0.025400876587149367,1.6738630577134983,0.8743778373604225,1.9143475351188761,0.20833333333333334,238,1430.0568382551105,1.0693812315717794,False,nan,0.9983605658906365,1.0,1.0,1.0,1.0,3.4017233474514796e-13,782949
45,latin_hypercube,joint,17.0,constant_sigma1,constant,1.0,0.0,163503331.4899607,25.308722366264114,6.8592726150509815,293.92652744025844,0.01354356357700714,0.8785650327721526,0.5796491604621876,1.5156841287782115,0.20833333333333334,222,300.2260687812253,1.0214323674553236,False,nan,0.9985670203839639,1.0,1.0,1.0,1.0,1.687538997430238e-14,796251
46,latin_hypercube,joint,18.0,constant_sigma1,constant,1.0,0.0,2004930182.3865616,15.853802645575877,8.292516089361232,146.39342015688308,0.041343284827335354,1.2489798726193673,1.7835109882363613,0.7002927825269137,0.20833333333333334,269,148.2682701607753,1.0128069280838103,False,nan,0.9989649422374054,1.0,1.0,1.0,1.0,6.128431095930864e-14,947573
47,latin_hypercube,joint,19.0,constant_sigma1,constant,1.0,0.0,408473614.5078378,19.29668561214001,6.134604603060684,304.081340880897,0.014963468791500213,1.4882874946604037,1.0320483290088542,1.4420715123774357,0.20833333333333334,239,313.5591131036893,1.0311685425857964,False,nan,0.9991646317024417,1.0,1.0,1.0,1.0,1.5942802633617248e-13,936307
48,latin_hypercube,joint,20.0,constant_sigma1,constant,1.0,0.0,1162506790.8874602,27.392214220837616,4.323327639951704,3913.0609617437426,0.010360290593146646,1.1386198853022957,0.756475372150307,1.505164513242156,0.20833333333333334,259,4653.4492694769115,1.189209499921319,False,nan,0.9973624628226037,1.0,1.0,1.0,1.0,1.213251721310371e-12,5331988
49,latin_hypercube,joint,21.0,constant_sigma1,constant,1.0,0.0,455430258.6423375,16.446523749659303,4.954890829877653,445.45692978508737,0.009107224000333734,1.23039641387365,1.2550741540844876,0.9803376237726458,0.20833333333333334,241,470.23989616165625,1.0556349328509167,False,nan,0.9992077540323708,1.0,1.0,1.0,1.0,1.3988810110276972e-13,851431
50,latin_hypercube,joint,22.0,constant_sigma1,constant,1.0,0.0,260034864.72532034,21.40871415993874,8.436513853525078,1781.2052883700571,0.012071322915129582,1.6289804036334465,0.5395360661195624,3.0192243038530457,0.20833333333333334,231,1980.4996607396438,1.1118873684413753,False,nan,0.9985056873559843,1.0,1.0,1.0,1.0,1.1901590823981678e-13,989652
51,latin_hypercube,joint,23.0,constant_sigma1,constant,1.0,0.0,166166440.9218692,17.878873841943573,9.522832028072857,54895.50486335944,0.0064475691900350565,0.9253910228726866,0.3642366327774715,2.5406313906872997,0.20833333333333334,223,70819.66429033091,1.2900813002195415,False,nan,0.9744752811197048,1.0,1.0,1.0,1.0,3.6415315207705135e-14,687139
52,latin_hypercube,joint,24.0,constant_sigma1,constant,1.0,0.0,1643570456.7093604,16.15437838845606,6.749358707853569,9184.125791299366,0.05301215035601854,0.2960975917338474,2.526478849307559,0.11719773225689181,0.20833333333333334,265,10768.9411130091,1.17256028039284,False,nan,0.991415346959791,1.0,1.0,1.0,1.0,7.549516567451064e-14,860059
53,latin_hypercube,joint,25.0,constant_sigma1,constant,1.0,0.0,122234018.2667716,28.67537452100666,8.931642660774033,28295.14547636729,0.034913036751583734,1.3877187029174964,0.6209276647185491,2.2349120223955787,0.20833333333333334,217,70075.98333843758,2.476607989061818,False,nan,0.9925570625713667,1.0,1.0,1.0,1.0,3.552713678800501e-14,667172
54,latin_hypercube,joint,26.0,constant_sigma1,constant,1.0,0.0,233775740.1588977,25.026098232624705,11.35087585002423,1538.221683445229,0.04293480658702652,0.6895053301280789,0.6501857299093641,1.060474412786937,0.20833333333333334,229,1636.1521126934704,1.0636647047055674,False,nan,0.9971086632709487,1.0,1.0,1.0,1.0,1.3145040611561853e-13,1282224
55,latin_hypercube,joint,27.0,constant_sigma1,constant,1.0,0.0,1492437771.645183,19.139706575553696,6.521935679819586,1248.860350338718,0.04744641886534283,1.7166039840834981,1.9943416743067772,0.8607371576288104,0.20833333333333334,263,1315.831997241521,1.0536262095955236,False,nan,0.9981091145350047,1.0,1.0,1.0,1.0,5.1958437552457326e-14,722158
56,latin_hypercube,joint,28.0,constant_sigma1,constant,1.0,0.0,536870947.6626914,20.684579991140417,4.416168409487867,39782.06679282038,0.07068391480696036,1.1691385444099063,2.8934242896841376,0.40406743960027236,0.20833333333333334,244,84335.96835875523,2.119949393226992,False,nan,0.9906056632480137,1.0,1.0,1.0,1.0,8.970602038971265e-14,537724
57,latin_hypercube,joint,29.0,constant_sigma1,constant,1.0,0.0,6007398042.836182,16.703238595564557,10.422279526948145,2055.749150298687,0.04385871888791213,0.8441247796190638,1.3060131884257558,0.6463371021823725,0.20833333333333334,289,2166.5625966022562,1.0539041673870906,False,nan,0.9957167887708633,1.0,1.0,1.0,1.0,6.181721801112872e-13,3743791
58,latin_hypercube,joint,30.0,constant_sigma1,constant,1.0,0.0,102181586.23653835,21.06035393475616,8.784217711398037,609.7499521608906,0.06459856746249386,0.41090354305567933,1.2650976515860657,0.3247998623193438,0.20833333333333334,214,631.909001656713,1.036341207436414,False,nan,0.9979356824641707,1.0,1.0,1.0,1.0,9.769962616701378e-15,183285
59,latin_hypercube,joint,31.0,constant_sigma1,constant,1.0,0.0,3062870475.7730317,23.056694617024583,9.936903218459074,631.8532976262148,0.07631026880743556,0.9808914759748725,0.9564417814752153,1.0255631811294839,0.20833333333333334,277,654.6040590927371,1.036006398244646,False,nan,0.9981761222199008,1.0,1.0,1.0,1.0,1.2967404927621828e-13,2361107
60,latin_hypercube,joint,32.0,constant_sigma1,constant,1.0,0.0,4520332463.4454975,29.755874941755536,4.676767437226822,26113.64444576148,0.008430353579801824,0.26318947834882944,0.5484186491989054,0.47990614238461743,0.20833333333333334,284,32457.031817251605,1.2429146718553765,False,nan,0.9823488604726027,1.0,1.0,1.0,1.0,9.818812429784884e-13,16748163
61,latin_hypercube,joint,33.0,constant_sigma1,constant,1.0,0.0,4607378927.866015,26.38605545076963,6.980741021110502,337.8242048751756,0.06070000195361138,1.2952229041480436,1.2039593908621906,1.0758028169210063,0.20833333333333334,284,348.1291152666166,1.0305037656944938,False,nan,0.998979243288148,1.0,1.0,1.0,1.0,3.6193270602780103e-13,3762013
62,latin_hypercube,joint,34.0,constant_sigma1,constant,1.0,0.0,1329674503.6287916,25.637513204793017,6.409156476656941,89780.07049735737,0.019483729856560685,0.7408909542447852,0.7575363841172091,0.9780268905607464,0.20833333333333334,261,11820734.234380476,131.66323181633516,True,1.8800000000000001,0.9920800211439689,1.0,1.0,1.0,1.0,7.949196856316121e-13,8638904
63,latin_hypercube,joint,35.0,constant_sigma1,constant,1.0,0.0,307346769.01869756,28.064181290205518,8.59545751168109,1867.9413667295266,0.03836629186951752,0.6361787309545632,0.7177427464720567,0.8863603764462857,0.20833333333333334,234,2024.7985343495,1.083973282252754,False,nan,0.9972038900935418,1.0,1.0,1.0,1.0,3.028688411177427e-13,1668433
64,latin_hypercube,joint,36.0,constant_sigma1,constant,1.0,0.0,1033564496.1575968,26.59508264858296,7.050260241685844,131.95918141617133,0.005031905707675859,0.4937278329369056,0.34226226201840093,1.4425424235359068,0.20833333333333334,257,133.65432671835322,1.012845982249888,False,nan,0.9988141617911658,1.0,1.0,1.0,1.0,3.398614722982529e-12,10911416
65,latin_hypercube,joint,37.0,constant_sigma1,constant,1.0,0.0,9548965411.682337,29.169930051195397,8.647997511309342,222.36340920579767,0.005363285769469234,0.6098220543399528,0.2345589136309174,2.599867320751317,0.20833333333333334,298,231.81559166937012,1.0425078141108388,False,nan,0.9993815728574783,1.0,1.0,1.0,1.0,1.5266898856225453e-11,106337050
66,latin_hypercube,joint,38.0,constant_sigma1,constant,1.0,0.0,5167149496.439302,18.683734276842998,10.24362197505718,6591.744735342204,0.03330456372973718,1.5479290311042881,0.9488466281024796,1.631379598407663,0.20833333333333334,286,7187.860795983218,1.090433729547336,False,nan,0.993245634891027,1.0,1.0,1.0,1.0,7.220890552162018e-13,3878963
67,latin_hypercube,joint,39.0,constant_sigma1,constant,1.0,0.0,196514665.308962,23.88844298878847,9.424653339692771,251.35932048995846,0.0617617040808209,1.1498596272602186,0.9694658020870283,1.186075491043465,0.20833333333333334,226,254.94495405496232,1.014264971587346,False,nan,0.9983465932370619,1.0,1.0,1.0,1.0,1.7763568394002505e-14,338238
68,latin_hypercube,joint,40.0,constant_sigma1,constant,1.0,0.0,146002002.5042165,16.23740369143555,9.274991767598284,67794.19877083761,0.0688800051573276,1.4213830724552465,1.7037278492971766,0.8342782405309609,0.20833333333333334,220,1070745.7227696963,15.794061176076452,False,nan,0.9883021830180644,1.0,1.0,1.0,1.0,3.197442310920451e-14,215704
69,latin_hypercube,joint,41.0,constant_sigma1,constant,1.0,0.0,424814479.89187706,21.259789892640242,9.725149008647378,3069.4460847779123,0.05764919752362973,1.6516916355778817,1.1030547668926498,1.497379536494606,0.20833333333333334,240,3446.1136004645255,1.122715143150614,False,nan,0.997712014425288,1.0,1.0,1.0,1.0,1.509903313490213e-14,322967
70,latin_hypercube,joint,42.0,constant_sigma1,constant,1.0,0.0,185782787.6727507,28.160034817867967,5.425839990495229,161.91120980443264,0.013447145192956589,1.42469883477013,0.6501470706272205,2.191348541178031,0.20833333333333334,225,164.45726643309587,1.0157250176299624,False,nan,0.9991222460374736,1.0,1.0,1.0,1.0,4.75175454539567e-14,882523
71,latin_hypercube,joint,43.0,constant_sigma1,constant,1.0,0.0,3909295668.763564,22.6256655678839,7.857159415725045,192.5502387002521,0.008202974527285497,1.4519473359074047,0.4394404833985507,3.3040818740192415,0.20833333333333334,281,196.7366958787449,1.0217421552253174,False,nan,0.9992442767526643,1.0,1.0,1.0,1.0,2.020605904817785e-12,17057202
72,latin_hypercube,joint,44.0,constant_sigma1,constant,1.0,0.0,2523823204.4462113,27.495120089362075,7.536366152640133,10235.377574678696,0.009654933148963957,0.6511374249085298,0.3807015973071095,1.7103616835714546,0.20833333333333334,273,12534.435476837209,1.2246187681289016,False,nan,0.992795071294438,1.0,1.0,1.0,1.0,1.7789325568173808e-11,26149973
73,latin_hypercube,joint,45.0,constant_sigma1,constant,1.0,0.0,495956440.4739831,26.143033001686653,5.162041317581045,22394.02693309123,0.007539754154370641,0.5208837949094722,0.5502366345146876,0.9466541524791333,0.20833333333333334,243,29650.509215818016,1.3240365077887808,False,nan,0.9872605601615483,1.0,1.0,1.0,1.0,5.839773109528323e-13,3462274
74,latin_hypercube,joint,46.0,constant_sigma1,constant,1.0,0.0,6786491900.717426,24.47383384594516,8.148274223646855,48873.38797002918,0.05100367158881352,0.8855806876942346,1.1161423739657987,0.7934298601599108,0.20833333333333334,291,59957.3300396481,1.22678890353204,False,nan,0.9700644084792552,1.0,1.0,1.0,1.0,1.1368683772161603e-12,8920593
75,latin_hypercube,joint,47.0,constant_sigma1,constant,1.0,0.0,5256307022.907926,28.97517152017864,10.696437068375301,18066.930255091775,0.023919209960850035,1.0943562537894043,0.38928235779951215,2.8112146154669015,0.20833333333333334,287,22661.13910241615,1.254288292612941,False,nan,0.9902886525963548,1.0,1.0,1.0,1.0,2.752464922650688e-12,11640985
76,latin_hypercube,joint,48.0,constant_sigma1,constant,1.0,0.0,966157313.6495942,22.873107326009148,5.097834719231581,189.02400686701475,0.005694743231226976,0.3028171196392691,0.6199990540439174,0.48841545428844985,0.20833333333333334,255,192.8398904191672,1.0201872958646838,False,nan,0.9988437920962807,1.0,1.0,1.0,1.0,2.6934010577406298e-12,6217832
77,latin_hypercube,joint,49.0,constant_sigma1,constant,1.0,0.0,1413544973.1163852,25.32870649736666,5.756657831815194,710.1977222022729,0.017298079620604517,1.3245881577426883,0.8177699094574423,1.6197565383904864,0.20833333333333334,262,741.809776560783,1.0445116245381405,False,nan,0.9985149802913786,1.0,1.0,1.0,1.0,2.34035013590983e-13,1944226
78,latin_hypercube,joint,50.0,constant_sigma1,constant,1.0,0.0,8183790324.966359,16.984272998611665,10.053446086238012,4627.03323845578,0.006557880285269896,0.43534053473941237,0.43524568536531383,1.0002179214574383,0.20833333333333334,295,5071.126761029334,1.09597802732054,False,nan,0.9934342628930337,1.0,1.0,1.0,1.0,6.586731160496129e-12,25471085
79,latin_hypercube,joint,51.0,constant_sigma1,constant,1.0,0.0,8994073190.742374,20.197243492110662,7.283077231030182,466.4605919394518,0.017937151741511902,1.0055029117100585,0.8775862363621828,1.1457596644611505,0.20833333333333334,297,482.2896915187865,1.03393448418337,False,nan,0.9985884177805285,1.0,1.0,1.0,1.0,6.492584248007915e-13,8923464
80,latin_hypercube,joint,52.0,constant_sigma1,constant,1.0,0.0,2861576085.2091026,27.713627267163435,4.557730801099044,103.64113284136722,0.007991552446946971,0.9447842208083518,0.6087763544581467,1.5519397458353577,0.20833333333333334,275,105.26545721247514,1.0156725841041714,False,nan,0.9993314385428168,1.0,1.0,1.0,1.0,6.838973831690964e-13,8399498
81,latin_hypercube,joint,53.0,constant_sigma1,constant,1.0,0.0,6400033223.363182,27.152359879412884,4.820072340607635,2415.763337966562,0.010690023086095115,0.5647190974699453,0.6900731960073951,0.8183466634224893,0.20833333333333334,290,2574.7738803535476,1.0658220695247533,False,nan,0.9954331684122938,1.0,1.0,1.0,1.0,7.367439991412539e-13,11251563
82,latin_hypercube,joint,54.0,constant_sigma1,constant,1.0,0.0,2677266821.0159945,17.727048529941154,6.023703011648516,118.54505284302822,0.014423729720082384,0.34993809095010886,1.1648337367247341,0.30041891809732496,0.20833333333333334,274,120.40530182870837,1.0156923375633686,False,nan,0.9990875491671554,1.0,1.0,1.0,1.0,1.1235457009206584e-13,2468755
83,latin_hypercube,joint,55.0,constant_sigma1,constant,1.0,0.0,213382668.31095725,17.20155161260713,7.952930142634812,896.4629185858363,0.005606873507446464,1.6002695908768687,0.5522381114910151,2.897789119545229,0.20833333333333334,227,947.2877149759197,1.0566948117276944,False,nan,0.9986407874778731,1.0,1.0,1.0,1.0,5.684341886080802e-14,608661
84,latin_hypercube,joint,56.0,constant_sigma1,constant,1.0,0.0,4149602278.296378,29.976472349156353,9.770111832743778,10405.124238480943,0.026632664355171528,1.2715879804594599,0.44229974095522334,2.874946247341778,0.20833333333333334,282,12237.671472368824,1.176119687942853,False,nan,0.9931343611001837,1.0,1.0,1.0,1.0,3.064215547965432e-13,7780936
85,latin_hypercube,joint,57.0,constant_sigma1,constant,1.0,0.0,2094694929.1385748,22.359290343318172,10.584404783206537,35629.22814420115,0.00721667838727271,1.6937901813265581,0.2882553165321564,5.876006734944668,0.20833333333333334,270,62474.10962940748,1.7534511097618453,False,nan,0.98980893578086,1.0,1.0,1.0,1.0,1.0802914118812623e-11,18725523
86,latin_hypercube,joint,58.0,constant_sigma1,constant,1.0,0.0,915829176.116028,26.8374356259621,10.956875608884282,76227.02740580199,0.038266009122837966,1.0499821691859914,0.5675135279820419,1.8501447409007252,0.20833333333333334,254,17173920.250578884,225.2996192433407,True,1.6300000000000001,0.9914896696855131,1.0,1.0,1.0,1.0,2.2302160118670145e-12,7524212
87,latin_hypercube,joint,59.0,constant_sigma1,constant,1.0,0.0,811222984.4207741,21.680144057364267,5.691395415031782,21781.725793612957,0.010940289796213216,0.9644909478827778,0.7960023074244068,1.2116685327251664,0.20833333333333334,252,35047.72026295882,1.6090423961372171,False,nan,0.9916233929271029,1.0,1.0,1.0,1.0,1.1115552922547067e-12,3772915
88,latin_hypercube,joint,60.0,constant_sigma1,constant,1.0,0.0,3343372104.003628,23.599137000762532,9.056748358665686,13409.05824822093,0.02827938389710879,1.5720029633945847,0.7113744680252442,2.2098107734431647,0.20833333333333334,278,15955.000186071087,1.189867318846791,False,nan,0.9926041978473631,1.0,1.0,1.0,1.0,3.1175062531474396e-13,3908904
89,latin_hypercube,joint,61.0,constant_sigma1,constant,1.0,0.0,587246984.97561,28.40907626036891,5.974631222818911,861.165012368047,0.03658888862592026,1.5383144911800795,1.0517849045810552,1.4625751752853096,0.20833333333333334,246,901.8896249104778,1.0472901383097828,False,nan,0.9984373527991603,1.0,1.0,1.0,1.0,3.108624468950438e-14,598390
90,latin_hypercube,joint,62.0,constant_sigma1,constant,1.0,0.0,329904117.09611917,23.333510980919435,5.274739199303883,2618.7048779265697,0.011823398828005068,0.7001652887223236,0.818770592991053,0.8551422030981205,0.20833333333333334,235,3001.6344376892116,1.1462286044488665,False,nan,0.9975223678301169,1.0,1.0,1.0,1.0,1.9539925233402755e-13,1414103
91,latin_hypercube,joint,63.0,constant_sigma1,constant,1.0,0.0,1876143393.228209,21.824938209599097,11.527472581861566,5759.670552065668,0.03148383213797387,1.090006071506341,0.6338615122990519,1.7196281054402986,0.20833333333333334,268,6616.148095318145,1.1487025230888088,False,nan,0.9954114250706777,1.0,1.0,1.0,1.0,2.9665159217984183e-13,2603392
92,main_effect,baseline,0.0,vd_low_transport,rutherford,30.0,10.0,1000000000.0,30.0,8.0,100000.0,0.02,1.25,0.4701314950984624,2.658830588957256,0.20833333333333334,256,2638472.928075473,26.38472928075473,False,nan,0.9846015714180822,0.001960985390343084,8.625928823693825e-06,0.0008260244452321973,3.3177496889123886e-06,5.373479439185758e-13,5927524
93,main_effect,halo_mass_msun,100000000.0,vd_low_transport,rutherford,30.0,10.0,100000000.0,30.0,8.0,100000.0,0.02,1.25,0.4460527007069999,2.802359447703673,0.20833333333333334,213,183868.21939038674,1.8386821939038676,False,nan,0.976883648126201,0.025793595184026553,0.0002768749395892533,0.011825043306982036,0.00011179031883957567,3.2862601528904634e-14,484899
94,main_effect,halo_mass_msun,300000000.0,vd_low_transport,rutherford,30.0,10.0,300000000.0,30.0,8.0,100000.0,0.02,1.25,0.4635165422742499,2.6967753812342035,0.20833333333333334,234,1801337.145483618,18.01337145483618,False,nan,0.9829260662577601,0.007720661493761599,5.287270625526978e-05,0.003384479526929165,2.0791158251225625e-05,9.592326932761353e-14,1632595
95,main_effect,halo_mass_msun,3000000000.0,vd_low_transport,rutherford,30.0,10.0,3000000000.0,30.0,8.0,100000.0,0.02,1.25,0.4720741072366319,2.647889347960838,0.20833333333333334,276,2361791.2769926107,23.617912769926107,False,nan,0.9861300250428194,0.0005429122207998699,3.1180207378529175e-06,0.00022206934785477908,1.1872087515129108e-06,7.984723993104126e-13,15944126
96,main_effect,halo_mass_msun,10000000000.0,vd_low_transport,rutherford,30.0,10.0,10000000000.0,30.0,8.0,100000.0,0.02,1.25,0.4727597322421786,2.6440492172875416,0.20833333333333334,299,708739.850232887,7.0873985023288695,False,nan,0.984424692351322,0.00012918300728411255,4.172114489337432e-06,5.148277991225153e-05,1.592935949990001e-06,2.162714451969805e-12,35539596
97,main_effect,halo_redshift,15.0,vd_low_transport,rutherford,30.0,10.0,1000000000.0,15.0,8.0,100000.0,0.02,1.25,1.2676008115224375,0.9861148625320788,0.20833333333333334,256,177158.16325758307,1.7715816325758307,False,nan,0.9744967145698352,0.006100473170588653,0.00017239451289253875,0.002654000765803557,6.903051087293069e-05,2.353672812205332e-13,1311199
98,main_effect,halo_redshift,20.0,vd_low_transport,rutherford,30.0,10.0,1000000000.0,20.0,8.0,100000.0,0.02,1.25,0.843136347834023,1.4825597345093593,0.20833333333333334,256,1170325.08370091,11.703250837009099,False,nan,0.9868686683006513,0.003838734268338545,5.283799208435448e-05,0.0016468217885746762,2.0777317267301716e-05,2.993161274389422e-13,2408523
99,main_effect,halo_redshift,25.0,vd_low_transport,rutherford,30.0,10.0,1000000000.0,25.0,8.0,100000.0,0.02,1.25,0.6120555640759183,2.042298237885069,0.20833333333333334,256,1862740.6128104522,18.62740612810452,False,nan,0.9844383710719535,0.0026589564058427406,1.9615072801640585e-05,0.0011290377720118247,7.614884301738873e-06,2.0161650127192843e-13,3954011
100,main_effect,halo_concentration,4.0,vd_low_transport,rutherford,30.0,10.0,1000000000.0,30.0,4.0,100000.0,0.02,1.25,1.0483807455636656,1.192314915444134,0.20833333333333334,256,625673.3687626632,6.256733687626632,False,nan,0.9838133007895586,0.0019633949537430717,0.00011818633512254229,0.0008270654135044268,4.703353081959823e-05,1.8696155734687636e-13,3374395
101,main_effect,halo_concentration,6.0,vd_low_transport,rutherford,30.0,10.0,1000000000.0,30.0,6.0,100000.0,0.02,1.25,0.6609746672043245,1.8911466082157615,0.20833333333333334,256,1468646.2959424804,14.686462959424805,False,nan,0.984340457477576,0.0019622887159333508,2.5425290251711823e-05,0.0008265874970604122,9.901890029901352e-06,2.722266856380884e-13,4613790
102,main_effect,halo_concentration,10.0,vd_low_transport,rutherford,30.0,10.0,1000000000.0,30.0,10.0,100000.0,0.02,1.25,0.35854597483757167,3.486303257389166,0.20833333333333334,256,4015148.774182277,40.15148774182277,False,nan,0.9845722718673084,0.0019595049535878397,3.946690578545597e-06,0.0008253848929801481,1.5060651979991585e-06,6.759037773917953e-13,7192112
103,main_effect,halo_concentration,12.0,vd_low_transport,rutherford,30.0,10.0,1000000000.0,30.0,12.0,100000.0,0.02,1.25,0.28622768816469063,4.3671526259918325,0.20833333333333334,256,5536172.528304674,55.36172528304674,False,nan,0.984500600210437,0.0019578620340506936,2.1670536875191852e-06,0.0008246751647943297,8.224138832815086e-07,4.076738946423575e-13,8377812
104,main_effect,black_hole_seed_msun,100.0,vd_low_transport,rutherford,30.0,10.0,1000000000.0,30.0,8.0,100.0,0.02,1.25,0.4730515371337043,2.6424182184756275,0.20833333333333334,256,101.34893888031225,1.0134893888031224,False,nan,0.999328299043723,7.599416985817614,2.4636752797547693e-05,5.602995125559645,9.591032401003999e-06,1.438849039914203e-13,2666971
105,main_effect,black_hole_seed_msun,1000.0,vd_low_transport,rutherford,30.0,10.0,1000000000.0,30.0,8.0,1000.0,0.02,1.25,0.47302498708575064,2.6425665326922747,0.20833333333333334,256,1052.5735737840357,1.0525735737840358,False,nan,0.9981501586577577,1.7200929868200243,2.198392415491469e-05,1.0459077484163828,8.54629663096554e-06,1.794120407794253e-13,2816006
106,main_effect,black_hole_seed_msun,10000.0,vd_low_transport,rutherford,30.0,10.0,1000000000.0,30.0,8.0,10000.0,0.02,1.25,0.4727597322421786,2.6440492172875416,0.20833333333333334,256,15230.255575001847,1.5230255575001848,False,nan,0.9962410570234934,0.08603403220068791,1.1780675075000548e-05,0.04174883855072591,4.546559295783864e-06,1.6182610806936282e-12,4234248
107,main_effect,black_hole_seed_msun,20000.0,vd_low_transport,rutherford,30.0,10.0,1000000000.0,30.0,8.0,20000.0,0.02,1.25,0.47246552735997954,2.6456956700834677,0.20833333333333334,256,41456.281959594045,2.0728140979797023,False,nan,0.9935343436160641,0.02908738364262264,1.008264341168617e-05,0.013402860499902353,3.8845645293395065e-06,7.274181257344026e-13,4976978
108,main_effect,black_hole_seed_msun,30000.0,vd_low_transport,rutherford,30.0,10.0,1000000000.0,30.0,8.0,30000.0,0.02,1.25,0.4721718710582688,2.647341098906213,0.20833333333333334,256,73439.64426073009,2.4479881420243363,False,nan,0.9906477453348356,0.015047551119792096,9.702417271888769e-06,0.006753053341962956,3.736512946264729e-06,5.6754601018838e-13,5243087
109,main_effect,black_hole_seed_msun,40000.0,vd_low_transport,rutherford,30.0,10.0,1000000000.0,30.0,8.0,40000.0,0.02,1.25,0.47187876163433856,2.6489855056639144,0.20833333333333334,256,107508.14671415297,2.687703667853824,False,nan,0.9878977204001625,0.00934028044620898,9.496936959938267e-06,0.004120741354779,3.656533204716145e-06,2.9309887850104133e-13,5398979
110,main_effect,scale_radius_over_rs,0.005,vd_low_transport,rutherford,30.0,10.0,1000000000.0,30.0,8.0,100000.0,0.005,1.25,0.23456081450149624,5.329108370707957,0.20833333333333334,256,183732.3402834087,1.837323402834087,False,nan,0.9717152262204587,0.001960985390343084,1.5541303787577683e-06,0.0008260244452321973,5.881157455091898e-07,5.808686864838819e-13,7926292
111,main_effect,scale_radius_over_rs,0.01,vd_low_transport,rutherford,30.0,10.0,1000000000.0,30.0,8.0,100000.0,0.01,1.25,0.31180805870254225,4.00887650306842,0.20833333333333334,256,3372877.126899457,33.72877126899457,False,nan,0.9831478080081902,0.001960985390343084,3.292052671413427e-06,0.0008260244452321973,1.254105233742645e-06,5.355715870791755e-13,7154332
112,main_effect,scale_radius_over_rs,0.04,vd_low_transport,rutherford,30.0,10.0,1000000000.0,30.0,8.0,100000.0,0.04,1.25,0.7289531176568492,1.714787919445364,0.20833333333333334,256,1302087.3103256053,13.020873103256053,False,nan,0.9847794669080739,0.001960985390343084,4.1076460003636525e-05,0.0008260244452321973,1.609683254688465e-05,1.580957587066223e-13,4272403
113,main_effect,scale_radius_over_rs,0.08,vd_low_transport,rutherford,30.0,10.0,1000000000.0,30.0,8.0,100000.0,0.08,1.25,0.8489391763851156,1.472425863679244,0.20833333333333334,256,507135.1255002707,5.071351255002707,False,nan,0.9824462497070422,0.001960985390343084,0.0002703760570256709,0.0008260244452321973,0.00010911924083231446,1.509903313490213e-13,3116878
114,main_effect,assembly_time_myr,0.25,vd_low_transport,rutherford,30.0,10.0,1000000000.0,30.0,8.0,100000.0,0.02,0.25,0.4701314950984624,0.5317661177914511,0.20833333333333334,256,171088.1965688306,1.710881965688306,False,nan,0.9641224119797172,0.001960985390343084,1.902176217717073e-05,0.0008260244452321973,7.381835958313863e-06,5.950795411990839e-14,5332539
115,main_effect,assembly_time_myr,0.5,vd_low_transport,rutherford,30.0,10.0,1000000000.0,30.0,8.0,100000.0,0.02,0.5,0.4701314950984624,1.0635322355829022,0.20833333333333334,256,2147348.968487309,21.473489684873087,False,nan,0.9860456403320401,0.001960985390343084,1.1533994975315101e-05,0.0008260244452321973,4.4503093494305616e-06,2.3003821070233244e-13,6050445
116,main_effect,assembly_time_myr,0.75,vd_low_transport,rutherford,30.0,10.0,1000000000.0,30.0,8.0,100000.0,0.02,0.75,0.4701314950984624,1.5952983533743534,0.20833333333333334,256,2510050.2332964307,25.100502332964307,False,nan,0.9824818814502255,0.001960985390343084,9.265504327564694e-06,0.0008260244452321973,3.5664775220196042e-06,3.064215547965432e-13,6230760
117,main_effect,assembly_time_myr,1.0,vd_low_transport,rutherford,30.0,10.0,1000000000.0,30.0,8.0,100000.0,0.02,1.0,0.4701314950984624,2.1270644711658044,0.20833333333333334,256,2648503.7412402015,26.485037412402015,False,nan,0.9835070868439711,0.001960985390343084,8.57588106924213e-06,0.0008260244452321973,3.29829563423489e-06,4.600764214046649e-13,6143377
118,main_effect,assembly_time_myr,1.5,vd_low_transport,rutherford,30.0,10.0,1000000000.0,30.0,8.0,100000.0,0.02,1.5,0.4701314950984624,3.190596706748707,0.20833333333333334,256,2528772.7348723616,25.287727348723617,False,nan,0.9855706842076957,0.001960985390343084,9.174843856821502e-06,0.0008260244452321973,3.531206976435755e-06,5.515587986337778e-13,5652621
119,main_effect,assembly_time_myr,1.75,vd_low_transport,rutherford,30.0,10.0,1000000000.0,30.0,8.0,100000.0,0.02,1.75,0.4701314950984624,3.722362824540158,0.20833333333333334,256,2357773.640596183,23.57773640596183,False,nan,0.9863964765024198,0.001960985390343084,1.0144504866899502e-05,0.0008260244452321973,3.908658629531029e-06,4.4497738826976274e-13,5360285
120,latin_hypercube,joint,0.0,vd_low_transport,rutherford,30.0,10.0,363986311.1441286,17.45054101270017,7.731458952345833,5189.671060060451,0.021466365331530575,0.34212100129501,1.1184047088360987,0.3059008949014963,0.20833333333333334,237,5878.337715495126,1.1326994808466055,False,nan,0.9942120929729604,1.0920714907703024,0.0009334083154789859,0.6347950259373718,0.00038624715863010394,2.3092638912203256e-14,422750
121,latin_hypercube,joint,1.0,vd_low_transport,rutherford,30.0,10.0,251807452.8061012,18.964906236544167,11.420421989215692,387.43856700919684,0.07827918692926719,0.5369206997141529,1.0661433688133646,0.5036102229963261,0.20833333333333334,230,393.855984361648,1.0165637029942318,False,nan,0.9973211338506626,6.6860487922880205,0.008671256724453461,4.83091273880093,0.0038159375530679874,1.5987211554602254e-14,177220
122,latin_hypercube,joint,2.0,vd_low_transport,rutherford,30.0,10.0,7300072597.978582,19.550738870083315,11.022119754494526,7259.258422489268,0.029606525691442336,1.3608066261268874,0.7542378187360068,1.8042142575234452,0.20833333333333334,293,8359.678447519094,1.151588490309246,False,nan,0.9946576828267464,0.03423292319890404,4.2681185021142084e-05,0.015885713991338708,1.6734310215484044e-05,2.2808421817899216e-12,6497075
123,latin_hypercube,joint,3.0,vd_low_transport,rutherford,30.0,10.0,3495812758.551744,22.11810369684752,11.14867704832373,1152.5527728723223,0.019046690701619864,0.4390903281412285,0.47660418204596977,0.9212892892720715,0.20833333333333334,279,1205.510734625024,1.0459484051395955,False,nan,0.9968722676063213,0.8115645211298506,4.059383070194321e-05,0.4592494535704419,1.5905182510221784e-05,3.135269821541442e-13,5440537
124,latin_hypercube,joint,4.0,vd_low_transport,rutherford,30.0,10.0,727920048.1819899,18.12362802015318,10.32921357912742,64763.56789132588,0.006973562442957025,1.5097133127601117,0.37966764616148735,3.976407597601751,0.20833333333333334,250,104890.47750709526,1.619590781087028,False,nan,0.9815484211200567,0.013316854587292837,9.465080711083047e-06,0.005949350458666605,3.6441355978129346e-06,3.481659405224491e-13,2212250
125,latin_hypercube,joint,5.0,vd_low_transport,rutherford,30.0,10.0,1112520944.7188535,24.33170651727848,7.158655234882939,7529.685561510739,0.02869934156081333,0.7629191712183623,0.9107443484820597,0.837687516249672,0.20833333333333334,258,9520.125244782728,1.2643456578647132,False,nan,0.9954394903838102,0.16121988500120052,0.0005337529376132116,0.08107966323118367,0.00021824721589727903,4.618527782440651e-14,1362028
126,latin_hypercube,joint,6.0,vd_low_transport,rutherford,30.0,10.0,610321080.66264,24.024788870124688,9.189414448802559,16842.282649190827,0.0061855523457104294,0.6003863262157573,0.28378581021381716,2.11563194707797,0.20833333333333334,247,21698.196627164205,1.2883168558037872,False,nan,0.9896781225473972,0.08887435017033138,7.409048940592499e-06,0.0432020175533591,2.845142431266214e-06,4.156675004196586e-13,3209276
127,latin_hypercube,joint,7.0,vd_low_transport,rutherford,30.0,10.0,784383391.5651248,25.83955421998221,4.232263169406632,506.4357934848854,0.009382083724801586,1.737065722984784,0.7984398923090933,2.1755748174871106,0.20833333333333334,251,526.7088119558757,1.0400307773103628,False,nan,0.9990085992362194,4.786628950995258,0.00012133694631442334,3.293197476000352,4.830751545860121e-05,1.6298074001497298e-13,1233856
128,latin_hypercube,joint,8.0,vd_low_transport,rutherford,30.0,10.0,126280982.26141337,18.32503838763387,5.564818616033557,11603.124130739936,0.05648141794265815,0.7908913484252418,2.643698743283036,0.29916092006878425,0.20833333333333334,218,16214.70293772974,1.3974428572019182,False,nan,0.9948404235327318,0.9298404904760886,0.025246753284167714,0.5325659820422737,0.011564031338617659,1.021405182655144e-14,89208
129,latin_hypercube,joint,9.0,vd_low_transport,rutherford,30.0,10.0,115308552.65046664,20.485726129285297,8.115140315586997,32729.05742804086,0.02289116630897121,1.3362000104325467,0.8617310602248515,1.5505998009215218,0.20833333333333334,216,52310.46545309299,1.5982881746015583,False,nan,0.9903968006499757,0.21548404317587852,0.0008734188408646623,0.1103591260194204,0.00036088861361591564,1.7763568394002505e-14,236659
130,latin_hypercube,joint,10.0,vd_low_transport,rutherford,30.0,10.0,2286887832.3124833,29.348556121200808,4.094957314804988,85823.71165173,0.016472245098852506,1.0380407214356973,0.9429440793324833,1.100850775976592,0.20833333333333334,271,182187.81040689882,2.1228143936050143,False,nan,0.9779519519451844,0.0010161854599306083,5.717085612173116e-05,0.0004213083775134033,2.2505990564181592e-05,4.3787196091216174e-13,6860087
131,latin_hypercube,joint,11.0,vd_low_transport,rutherford,30.0,10.0,659437543.7726965,24.83430414288211,7.376089219015792,43238.11171977849,0.04826468481077741,0.7864664338252743,1.2001805053429817,0.6552901253803666,0.20833333333333334,248,95419.89853995833,2.2068470325060523,False,nan,0.9876784355412057,0.017601394592116307,0.0004322396456704956,0.007946462961386363,0.0001759957693135992,6.306066779870889e-14,1407651
132,latin_hypercube,joint,12.0,vd_low_transport,rutherford,30.0,10.0,285828546.0824566,15.58275316678461,10.851781587971237,968.9574131258253,0.020135855710255595,1.1882620258415684,0.8378484383748476,1.4182302805820213,0.20833333333333334,233,1011.7003033489289,1.0441122485303214,False,nan,0.9978421742944165,5.4909276334998385,0.0002568494467306907,3.852134058188043,0.00010356410192186903,2.6645352591003757e-14,418584
133,latin_hypercube,joint,13.0,vd_low_transport,rutherford,30.0,10.0,139038378.77136952,20.04334442699453,11.708644023614351,4056.940715529643,0.021867841563900325,0.3873209729917774,0.5597055942612866,0.692008400421606,0.20833333333333334,219,4424.482933426285,1.090595905552605,False,nan,0.993864712913398,2.0959691425413576,0.00035325591753602786,1.301852666808477,0.00014327692074152555,1.9539925233402755e-14,378212
134,latin_hypercube,joint,14.0,vd_low_transport,rutherford,30.0,10.0,1685575835.6354733,19.69163121605412,11.958058418989342,14601.121207368024,0.016081511206882962,0.8352874155549519,0.4671677605708348,1.7879817188889697,0.20833333333333334,266,21468.12447215362,1.4703065721638122,False,nan,0.9934041502409484,0.05231445847727003,6.469558356259201e-06,0.024755150179292286,2.480892114674851e-06,3.1867841698840493e-12,4934131
135,latin_hypercube,joint,15.0,vd_low_transport,rutherford,30.0,10.0,7783087575.6987295,15.009882555147295,6.26923464594924,3430.6473624694436,0.012632799433078205,0.4814340942588141,1.304757381299564,0.36898361424044696,0.20833333333333334,294,3786.1365978688355,1.103621619432055,False,nan,0.9954527331385312,0.15155596017457315,4.2451912532710613e-05,0.07593566049411288,1.6643208542925177e-05,1.2287948436551233e-12,5949578
136,latin_hypercube,joint,16.0,vd_low_transport,rutherford,30.0,10.0,388320619.39336437,15.455510237326767,11.854709970124446,1337.2750484438643,0.025400876587149367,1.6738630577134983,0.8743778373604225,1.9143475351188761,0.20833333333333334,238,1417.4952876431537,1.0599878381733352,False,nan,0.9981372117585345,3.9246264542808067,0.00022580082589031606,2.628704276708014,9.083657583361313e-05,8.615330671091215e-14,448116
137,latin_hypercube,joint,17.0,vd_low_transport,rutherford,30.0,10.0,163503331.4899607,25.308722366264114,6.8592726150509815,293.92652744025844,0.01354356357700714,0.8785650327721526,0.5796491604621876,1.5156841287782115,0.20833333333333334,222,299.1274889149811,1.0176947671923888,False,nan,0.998276935916721,8.401616458538138,0.0002306351832201893,6.2973525268284645,9.281603138843348e-05,1.9984014443252818e-14,532577
138,latin_hypercube,joint,18.0,vd_low_transport,rutherford,30.0,10.0,2004930182.3865616,15.853802645575877,8.292516089361232,146.39342015688308,0.041343284827335354,1.2489798726193673,1.7835109882363613,0.7002927825269137,0.20833333333333334,269,148.71218425855136,1.015839264491419,False,nan,0.9991580168376321,9.042889652847471,0.0008836397189803843,6.862946169520823,0.00036520602198426367,6.750155989720952e-14,930540
139,latin_hypercube,joint,19.0,vd_low_transport,rutherford,30.0,10.0,408473614.5078378,19.29668561214001,6.134604603060684,304.081340880897,0.014963468791500213,1.4882874946604037,1.0320483290088542,1.4420715123774357,0.20833333333333334,239,310.81611996997685,1.02214795248393,False,nan,0.9988448869260481,9.26948907788226,0.00036439566794396023,7.06498984984772,0.00014788237329576323,7.949196856316121e-14,493067
140,latin_hypercube,joint,20.0,vd_low_transport,rutherford,30.0,10.0,1162506790.8874602,27.392214220837616,4.323327639951704,3913.0609617437426,0.010360290593146646,1.1386198853022957,0.756475372150307,1.505164513242156,0.20833333333333334,259,4683.395718675553,1.1968624471898166,False,nan,0.9974378373916271,0.3388086650397882,0.00013195214489259522,0.17894114620777857,5.2604304213608256e-05,1.6564527527407336e-13,2041388
141,latin_hypercube,joint,21.0,vd_low_transport,rutherford,30.0,10.0,455430258.6423375,16.446523749659303,4.954890829877653,445.45692978508737,0.009107224000333734,1.23039641387365,1.2550741540844876,0.9803376237726458,0.20833333333333334,241,459.9334384191129,1.0324981107399311,False,nan,0.9987022492062148,8.986990860610458,0.0004014646821936983,6.813279177844471,0.0001632297657501758,3.907985046680551e-14,478122
142,latin_hypercube,joint,22.0,vd_low_transport,rutherford,30.0,10.0,260034864.72532034,21.40871415993874,8.436513853525078,1781.2052883700571,0.012071322915129582,1.6289804036334465,0.5395360661195624,3.0192243038530457,0.20833333333333334,231,1958.2988615486543,1.0994234490178567,False,nan,0.9983555958153105,3.1182207816143026,9.633688261246678e-05,2.028487338220462,3.8216406309737836e-05,7.460698725481052e-14,669069
143,latin_hypercube,joint,23.0,vd_low_transport,rutherford,30.0,10.0,166166440.9218692,17.878873841943573,9.522832028072857,54895.50486335944,0.0064475691900350565,0.9253910228726866,0.3642366327774715,2.5406313906872997,0.20833333333333334,223,65274.84666225994,1.1890745303233068,False,nan,0.9662451091754103,0.08488801929972967,7.67054057418667e-05,0.04116337003373722,3.03244930206129e-05,6.394884621840902e-14,538609
144,latin_hypercube,joint,24.0,vd_low_transport,rutherford,30.0,10.0,1643570456.7093604,16.15437838845606,6.749358707853569,9184.125791299366,0.05301215035601854,0.2960975917338474,2.526478849307559,0.11719773225689181,0.20833333333333334,265,10955.774725841311,1.192903382945857,False,nan,0.9920566451483328,0.14701982755119172,0.0021394074258384477,0.07352919247193813,0.0009032071845502424,9.325873406851315e-14,817510
145,latin_hypercube,joint,25.0,vd_low_transport,rutherford,30.0,10.0,122234018.2667716,28.67537452100666,8.931642660774033,28295.14547636729,0.034913036751583734,1.3877187029174964,0.6209276647185491,2.2349120223955787,0.20833333333333334,217,61617.16378600778,2.1776584904810528,False,nan,0.9925828931029915,0.15493882105613518,0.000379312482757345,0.07773369227515471,0.0001540542485919747,2.398081733190338e-14,464964
146,latin_hypercube,joint,26.0,vd_low_transport,rutherford,30.0,10.0,233775740.1588977,25.026098232624705,11.35087585002423,1538.221683445229,0.04293480658702652,0.6895053301280789,0.6501857299093641,1.060474412786937,0.20833333333333334,229,1635.3693548045633,1.0631558327417072,False,nan,0.9970891880873141,2.7871985619525597,0.00018493086113431688,1.7887008306719077,7.413840906943731e-05,5.1514348342607263e-14,748456
147,latin_hypercube,joint,27.0,vd_low_transport,rutherford,30.0,10.0,1492437771.645183,19.139706575553696,6.521935679819586,1248.860350338718,0.04744641886534283,1.7166039840834981,1.9943416743067772,0.8607371576288104,0.20833333333333334,263,1314.0066651719003,1.0521646113718905,False,nan,0.9980607905715995,1.7637408165100825,0.00164418175775154,1.0752794523889642,0.0006895108229928306,2.930988785010413e-14,707809
148,latin_hypercube,joint,28.0,vd_low_transport,rutherford,30.0,10.0,536870947.6626914,20.684579991140417,4.416168409487867,39782.06679282038,0.07068391480696036,1.1691385444099063,2.8934242896841376,0.40406743960027236,0.20833333333333334,244,68598.54525318883,1.724358505817226,False,nan,0.9891730924833505,0.03357256190368111,0.009288246291464634,0.015565921220839697,0.0040970024322173875,4.04121180963557e-14,511676
149,latin_hypercube,joint,29.0,vd_low_transport,rutherford,30.0,10.0,6007398042.836182,16.703238595564557,10.422279526948145,2055.749150298687,0.04385871888791213,0.8441247796190638,1.3060131884257558,0.6463371021823725,0.20833333333333334,289,2181.328747339159,1.0610870236878007,False,nan,0.9961680889849734,0.3463116952978377,0.00017348530019414696,0.1831909762067755,6.947466677355856e-05,3.126388037344441e-13,3509128
150,latin_hypercube,joint,30.0,vd_low_transport,rutherford,30.0,10.0,102181586.23653835,21.06035393475616,8.784217711398037,609.7499521608906,0.06459856746249386,0.41090354305567933,1.2650976515860657,0.3247998623193438,0.20833333333333334,214,626.0666836976873,1.026759709416904,False,nan,0.9972452499005632,7.17672432435893,0.00748429642420944,5.243186167990502,0.0032775118025089064,1.4210854715202004e-14,119454
151,latin_hypercube,joint,31.0,vd_low_transport,rutherford,30.0,10.0,3062870475.7730317,23.056694617024583,9.936903218459074,631.8532976262148,0.07631026880743556,0.9808914759748725,0.9564417814752153,1.0255631811294839,0.20833333333333334,277,652.1577039844474,1.0321346844821628,False,nan,0.9979715756002887,1.709702555311337,0.0005026810439592688,1.0389298724364395,0.00020529278275503571,1.0480505352461478e-13,2209110
152,latin_hypercube,joint,32.0,vd_low_transport,rutherford,30.0,10.0,4520332463.4454975,29.755874941755536,4.676767437226822,26113.64444576148,0.008430353579801824,0.26318947834882944,0.5484186491989054,0.47990614238461743,0.20833333333333334,284,32083.1639932319,1.2285977187086705,False,nan,0.9801682088040921,0.0035593039563323638,1.919925405414117e-05,0.001523633792746053,7.451543234719141e-06,2.5357493882438575e-13,11551869
153,latin_hypercube,joint,33.0,vd_low_transport,rutherford,30.0,10.0,4607378927.866015,26.38605545076963,6.980741021110502,337.8242048751756,0.06070000195361138,1.2952229041480436,1.2039593908621906,1.0758028169210063,0.20833333333333334,284,347.7918075976922,1.0295052947026089,False,nan,0.9989467669762203,2.261546006104994,0.0003282898816731869,1.416654071277138,0.00013296711875988867,2.9531932455029164e-13,3451549
154,latin_hypercube,joint,34.0,vd_low_transport,rutherford,30.0,10.0,1329674503.6287916,25.637513204793017,6.409156476656941,89780.07049735737,0.019483729856560685,0.7408909542447852,0.7575363841172091,0.9780268905607464,0.20833333333333334,261,187408.8766044954,2.0874218027041054,False,nan,0.9742071718680092,0.0022138243277109297,3.696883388540423e-05,0.0009354578704553287,1.4466859163949139e-05,1.425526363618701e-13,4440336
155,latin_hypercube,joint,35.0,vd_low_transport,rutherford,30.0,10.0,307346769.01869756,28.064181290205518,8.59545751168109,1867.9413667295266,0.03836629186951752,0.6361787309545632,0.7177427464720567,0.8863603764462857,0.20833333333333334,234,2023.392796079623,1.0832207220841559,False,nan,0.9971878708058606,2.046571354625782,0.0002373471370731735,1.267838930238171,9.556568978362494e-05,2.1405099914773018e-13,837929
156,latin_hypercube,joint,36.0,vd_low_transport,rutherford,30.0,10.0,1033564496.1575968,26.59508264858296,7.050260241685844,131.95918141617133,0.005031905707675859,0.4937278329369056,0.34226226201840093,1.4425424235359068,0.20833333333333334,257,134.21877845229304,1.0171234544794228,False,nan,0.999102858046108,8.050280769702276,4.157075324274212e-06,5.991420020658777,1.5871387393577414e-06,2.8399504969911504e-12,5802140
157,latin_hypercube,joint,37.0,vd_low_transport,rutherford,30.0,10.0,9548965411.682337,29.169930051195397,8.647997511309342,222.36340920579767,0.005363285769469234,0.6098220543399528,0.2345589136309174,2.599867320751317,0.20833333333333334,298,229.2759568179949,1.0310867135779505,False,nan,0.999172859838841,1.8655967265045108,1.3586142201129844e-07,1.1441865906704047,5.050942340710823e-08,2.1223911517154193e-11,51228586
158,latin_hypercube,joint,38.0,vd_low_transport,rutherford,30.0,10.0,5167149496.439302,18.683734276842998,10.24362197505718,6591.744735342204,0.03330456372973718,1.5479290311042881,0.9488466281024796,1.631379598407663,0.20833333333333334,286,7607.855586082307,1.1541489987153382,False,nan,0.9955477394021827,0.06142550623200631,9.800717808012424e-05,0.029295359471603125,3.888926311003109e-05,2.877698079828406e-13,3793026
159,latin_hypercube,joint,39.0,vd_low_transport,rutherford,30.0,10.0,196514665.308962,23.88844298878847,9.424653339692771,251.35932048995846,0.0617617040808209,1.1498596272602186,0.9694658020870283,1.186075491043465,0.20833333333333334,226,254.72416079291207,1.0133865746310688,False,nan,0.9982409967092598,7.250527411517293,0.0036219352381714914,5.305702351701784,0.0015512174646912825,2.1316282072803006e-14,205212
160,latin_hypercube,joint,40.0,vd_low_transport,rutherford,30.0,10.0,146002002.5042165,16.23740369143555,9.274991767598284,67794.19877083761,0.0688800051573276,1.4213830724552465,1.7037278492971766,0.8342782405309609,0.20833333333333334,220,137721.8246685146,2.031469169420394,False,nan,0.9865216356669768,0.0808505147900852,0.005110889146799185,0.039104747329555,0.002211306470904637,1.3322676295501878e-14,166425
161,latin_hypercube,joint,41.0,vd_low_transport,rutherford,30.0,10.0,424814479.89187706,21.259789892640242,9.725149008647378,3069.4460847779123,0.05764919752362973,1.6516916355778817,1.1030547668926498,1.497379536494606,0.20833333333333334,240,3423.2517599020275,1.1152669456807593,False,nan,0.9975479424041362,1.353729280563776,0.003360631512849538,0.8033163088627513,0.001436244894908497,3.375077994860476e-14,305087
162,latin_hypercube,joint,42.0,vd_low_transport,rutherford,30.0,10.0,185782787.6727507,28.160034817867967,5.425839990495229,161.91120980443264,0.013447145192956589,1.42469883477013,0.6501470706272205,2.191348541178031,0.20833333333333334,225,164.0459057543929,1.0131843616790874,False,nan,0.998958314754987,10.078731311106136,0.00023694782170909675,7.795671778068792,9.540205863275126e-05,1.5987211554602254e-14,567965
163,latin_hypercube,joint,43.0,vd_low_transport,rutherford,30.0,10.0,3909295668.763564,22.6256655678839,7.857159415725045,192.5502387002521,0.008202974527285497,1.4519473359074047,0.4394404833985507,3.3040818740192415,0.20833333333333334,281,197.5744975446853,1.026093236125532,False,nan,0.9993649606804027,4.661073161549632,8.541106115494782e-06,3.195029556762565,3.2847790787505237e-06,1.7692514120426495e-12,6960295
164,latin_hypercube,joint,44.0,vd_low_transport,rutherford,30.0,10.0,2523823204.4462113,27.495120089362075,7.536366152640133,10235.377574678696,0.009654933148963957,0.6511374249085298,0.3807015973071095,1.7103616835714546,0.20833333333333334,273,13727.392325168086,1.3411710730758273,False,nan,0.9943492036641852,0.03634191663638506,2.74099472499432e-06,0.016909186038306157,1.042419986612939e-06,5.767830657532613e-12,10613565
165,latin_hypercube,joint,45.0,vd_low_transport,rutherford,30.0,10.0,495956440.4739831,26.143033001686653,5.162041317581045,22394.02693309123,0.007539754154370641,0.5208837949094722,0.5502366345146876,0.9466541524791333,0.20833333333333334,243,28537.15133142367,1.2743197736024359,False,nan,0.9860248355691018,0.06325919686077411,4.9500234511536116e-05,0.030214127328811978,1.944720551376307e-05,1.603162047558726e-13,1809326
166,latin_hypercube,joint,46.0,vd_low_transport,rutherford,30.0,10.0,6786491900.717426,24.47383384594516,8.148274223646855,48873.38797002918,0.05100367158881352,0.8855806876942346,1.1161423739657987,0.7934298601599108,0.20833333333333334,291,74468.21477288632,1.5236965937076585,False,nan,0.9807522104309961,0.0010391942115040213,0.00012296467295494268,0.00043106776608401565,4.896594446819438e-05,1.8038903704109543e-12,9436512
167,latin_hypercube,joint,47.0,vd_low_transport,rutherford,30.0,10.0,5256307022.907926,28.97517152017864,10.696437068375301,18066.930255091775,0.023919209960850035,1.0943562537894043,0.38928235779951215,2.8112146154669015,0.20833333333333334,287,26046.453518408412,1.4416645855522567,False,nan,0.9925787631614938,0.005851961378332167,1.91664678576612e-05,0.0025425610578130955,7.4386662796943525e-06,1.8562928971732617e-12,11115573
168,latin_hypercube,joint,48.0,vd_low_transport,rutherford,30.0,10.0,966157313.6495942,22.873107326009148,5.097834719231581,189.02400686701475,0.005694743231226976,0.3028171196392691,0.6199990540439174,0.48841545428844985,0.20833333333333334,255,192.86454540522797,1.0203177289587093,False,nan,0.9988509536780064,8.775629944014483,3.323436282154626e-05,6.626108708152243,1.2987341591943873e-05,1.2656542480726785e-13,2587566
169,latin_hypercube,joint,49.0,vd_low_transport,rutherford,30.0,10.0,1413544973.1163852,25.32870649736666,5.756657831815194,710.1977222022729,0.017298079620604517,1.3245881577426883,0.8177699094574423,1.6197565383904864,0.20833333333333334,262,739.0509730528763,1.0406270675737055,False,nan,0.9983780338015044,2.4673775933582553,0.00025269897687194015,1.5610028437187629,0.00010186079221604097,1.270095140171179e-13,1698817
170,latin_hypercube,joint,50.0,vd_low_transport,rutherford,30.0,10.0,8183790324.966359,16.984272998611665,10.053446086238012,4627.03323845578,0.006557880285269896,0.43534053473941237,0.43524568536531383,1.0002179214574383,0.20833333333333334,295,5213.615354855572,1.1267728339456575,False,nan,0.9947254210060013,0.0762105344112146,4.0322220270899215e-06,0.03674692760798608,1.539019927358047e-06,3.836042594684841e-12,14091357
171,latin_hypercube,joint,51.0,vd_low_transport,rutherford,30.0,10.0,8994073190.742374,20.197243492110662,7.283077231030182,466.4605919394518,0.017937151741511902,1.0055029117100585,0.8775862363621828,1.1457596644611505,0.20833333333333334,297,481.4565564544708,1.0321484060479122,False,nan,0.9985147872492629,1.3236919997824885,2.9699997677974995e-05,0.7837580891966083,1.1589386187373064e-05,1.084465850453853e-12,8648547
172,latin_hypercube,joint,52.0,vd_low_transport,rutherford,30.0,10.0,2861576085.2091026,27.713627267163435,4.557730801099044,103.64113284136722,0.007991552446946971,0.9447842208083518,0.6087763544581467,1.5519397458353577,0.20833333333333334,275,105.99677735537374,1.022728857254118,False,nan,0.9995324144230897,7.700323714126346,3.899907874399669e-05,5.68951555962718,1.527216496952208e-05,4.525269048372138e-13,5401312
173,latin_hypercube,joint,53.0,vd_low_transport,rutherford,30.0,10.0,6400033223.363182,27.152359879412884,4.820072340607635,2415.763337966562,0.010690023086095115,0.5647190974699453,0.6900731960073951,0.8183466634224893,0.20833333333333334,290,2612.211045194861,1.0813191028031977,False,nan,0.9961779168619995,0.1335053734332488,2.21185759303073e-05,0.06639155974535317,8.599284061486962e-06,3.8546943414985435e-13,11098165
174,latin_hypercube,joint,54.0,vd_low_transport,rutherford,30.0,10.0,2677266821.0159945,17.727048529941154,6.023703011648516,118.54505284302822,0.014423729720082384,0.34993809095010886,1.1648337367247341,0.30041891809732496,0.20833333333333334,274,120.74818140589332,1.0185847364358795,False,nan,0.9992247727689493,9.430480648530434,0.00014582743773536197,7.2092202788866775,5.823039522262127e-05,8.304468224196171e-14,2519136
175,latin_hypercube,joint,55.0,vd_low_transport,rutherford,30.0,10.0,213382668.31095725,17.20155161260713,7.952930142634812,896.4629185858363,0.005606873507446464,1.6002695908768687,0.5522381114910151,2.897789119545229,0.20833333333333334,227,933.8813061691916,1.0417400282907212,False,nan,0.9982054785080204,6.574331956732471,7.488686802346891e-05,4.737874233112209,2.9595078542563282e-05,4.618527782440651e-14,500737
176,latin_hypercube,joint,56.0,vd_low_transport,rutherford,30.0,10.0,4149602278.296378,29.976472349156353,9.770111832743778,10405.124238480943,0.026632664355171528,1.2715879804594599,0.44229974095522334,2.874946247341778,0.20833333333333334,282,13147.5435665259,1.263564304009245,False,nan,0.9946367081783928,0.018050436161786674,3.783785898680576e-05,0.008157151740057747,1.4811481445791628e-05,2.015276834299584e-12,7498194
177,latin_hypercube,joint,57.0,vd_low_transport,rutherford,30.0,10.0,2094694929.1385748,22.359290343318172,10.584404783206537,35629.22814420115,0.00721667838727271,1.6937901813265581,0.2882553165321564,5.876006734944668,0.20833333333333334,270,82783.74232761649,2.323478409146789,False,nan,0.9901037235100458,0.007978115152695874,9.653295002710412e-07,0.003501136463821376,3.6387998828970095e-07,1.9344525981068728e-12,10300045
178,latin_hypercube,joint,58.0,vd_low_transport,rutherford,30.0,10.0,915829176.116028,26.8374356259621,10.956875608884282,76227.02740580199,0.038266009122837966,1.0499821691859914,0.5675135279820419,1.8501447409007252,0.20833333333333334,254,2400327.4393993597,31.48919118439426,False,nan,0.985784747206739,0.004158120846302089,1.6795852436484604e-05,0.0017879993327490037,6.50842325064987e-06,4.0323300254385686e-13,4264401
179,latin_hypercube,joint,59.0,vd_low_transport,rutherford,30.0,10.0,811222984.4207741,21.680144057364267,5.691395415031782,21781.725793612957,0.010940289796213216,0.9644909478827778,0.7960023074244068,1.2116685327251664,0.20833333333333334,252,32836.08072373433,1.5075059265213429,False,nan,0.9911957467710589,0.052456510566747674,6.857013955831751e-05,0.024825604786457706,2.7063823207745408e-05,1.3677947663381929e-13,1743681
180,latin_hypercube,joint,60.0,vd_low_transport,rutherford,30.0,10.0,3343372104.003628,23.599137000762532,9.056748358665686,13409.05824822093,0.02827938389710879,1.5720029633945847,0.7113744680252442,2.2098107734431647,0.20833333333333334,278,18035.731118308926,1.3450408510755665,False,nan,0.9946960210816905,0.022036726437091675,9.642343479178363e-05,0.010037647244493379,3.825126767324841e-05,1.0409451078885468e-12,3871090
181,latin_hypercube,joint,61.0,vd_low_transport,rutherford,30.0,10.0,587246984.97561,28.40907626036891,5.974631222818911,861.165012368047,0.03658888862592026,1.5383144911800795,1.0517849045810552,1.4625751752853096,0.20833333333333334,246,898.0280248044515,1.0428059801628935,False,nan,0.9982779529789554,3.0687965921677924,0.0016999432937213502,1.9924297445762513,0.0007134866004045486,1.8207657603852567e-14,593459
182,latin_hypercube,joint,62.0,vd_low_transport,rutherford,30.0,10.0,329904117.09611917,23.333510980919435,5.274739199303883,2618.7048779265697,0.011823398828005068,0.7001652887223236,0.818770592991053,0.8551422030981205,0.20833333333333334,235,2931.106378093719,1.1192961844614202,False,nan,0.9971038561616598,1.878977815176107,0.0002295203030926208,1.153276509608815,9.235946113409974e-05,3.197442310920451e-14,747983
183,latin_hypercube,joint,63.0,vd_low_transport,rutherford,30.0,10.0,1876143393.228209,21.824938209599097,11.527472581861566,5759.670552065668,0.03148383213797387,1.090006071506341,0.6338615122990519,1.7196281054402986,0.20833333333333334,268,6807.89583892822,1.1819939660414454,False,nan,0.9959651853272854,0.16485594944029944,0.00017184991570139293,0.08302099575171712,6.880877776913272e-05,4.0678571622265736e-13,2190133
184,main_effect,baseline,0.0,vd_matched_transport,rutherford,30.0,30.0,1000000000.0,30.0,8.0,100000.0,0.02,1.25,0.4701314950984624,2.658830588957256,0.20833333333333334,256,5801334.463004611,58.01334463004611,False,nan,0.9793010386372599,0.07468676643086462,0.0011839296070282784,0.03597454321452159,0.0004925875946079209,4.796163466380676e-13,9908597
185,main_effect,halo_mass_msun,100000000.0,vd_matched_transport,rutherford,30.0,30.0,100000000.0,30.0,8.0,100000.0,0.02,1.25,0.4460527007069999,2.802359447703673,0.20833333333333334,213,1537548.2670840318,15.375482670840318,False,nan,0.9781035309427769,0.685441796216598,0.04656139689694933,0.3823153088291136,0.021911243810817937,2.1316282072803006e-14,585598
186,main_effect,halo_mass_msun,300000000.0,vd_matched_transport,rutherford,30.0,30.0,300000000.0,30.0,8.0,100000.0,0.02,1.25,0.4635165422742499,2.6967753812342035,0.20833333333333334,234,2823116.9007858387,28.231169007858387,False,nan,0.9784882198876381,0.24903495103677586,0.008582122422725259,0.12876059593585407,0.003775398059164697,3.9968028886505635e-14,2208674
187,main_effect,halo_mass_msun,3000000000.0,vd_matched_transport,rutherford,30.0,30.0,3000000000.0,30.0,8.0,100000.0,0.02,1.25,0.4720741072366319,2.647889347960838,0.20833333333333334,276,10958662.062190037,109.58662062190037,True,1.73,0.9804073859246708,0.023263465796463843,0.0001519892253228124,0.010619769621587649,6.073216294847801e-05,5.331735053459852e-12,38445073
188,main_effect,halo_mass_msun,10000000000.0,vd_matched_transport,rutherford,30.0,30.0,10000000000.0,30.0,8.0,100000.0,0.02,1.25,0.4727597322421786,2.6440492172875416,0.20833333333333334,299,18811380.346904658,188.1138034690466,True,1.28,0.985794383753225,0.006120747288574524,1.4883880955854042e-05,0.0026630998040821593,5.759431383784605e-06,3.40500960760437e-11,129109611
189,main_effect,halo_redshift,15.0,vd_matched_transport,rutherford,30.0,30.0,1000000000.0,15.0,8.0,100000.0,0.02,1.25,1.2676008115224375,0.9861148625320788,0.20833333333333334,256,3071949.958525105,30.71949958525105,False,nan,0.9829877969202946,0.20320537829698204,0.007308896780613527,0.10367897166818778,0.003198218700150753,1.1102230246251565e-12,2427245
190,main_effect,halo_redshift,20.0,vd_matched_transport,rutherford,30.0,30.0,1000000000.0,20.0,8.0,100000.0,0.02,1.25,0.843136347834023,1.4825597345093593,0.20833333333333334,256,4204391.991124896,42.04391991124896,False,nan,0.9811617346952249,0.13559041487750398,0.0033381663578792276,0.06748956669652592,0.001426373946815651,1.1164402735630574e-12,4472441
191,main_effect,halo_redshift,25.0,vd_matched_transport,rutherford,30.0,30.0,1000000000.0,25.0,8.0,100000.0,0.02,1.25,0.6120555640759183,2.042298237885069,0.20833333333333334,256,5087495.0018011,50.874950018011,False,nan,0.9800631251156715,0.09799851032652152,0.0018711070115287303,0.0478900311594538,0.0007872234327074955,1.2656542480726785e-12,6980831
192,main_effect,halo_concentration,4.0,vd_matched_transport,rutherford,30.0,30.0,1000000000.0,30.0,4.0,100000.0,0.02,1.25,1.0483807455636656,1.192314915444134,0.20833333333333334,256,3613945.5927036046,36.139455927036046,False,nan,0.9831572505126748,0.07476894738695794,0.004649393613919241,0.03601617528528019,0.0020058830394035195,4.3431924723336124e-13,6885750
193,main_effect,halo_concentration,6.0,vd_matched_transport,rutherford,30.0,30.0,1000000000.0,30.0,6.0,100000.0,0.02,1.25,0.6609746672043245,1.8911466082157615,0.20833333333333334,256,4912171.791404852,49.12171791404852,False,nan,0.9806153762022681,0.07473121947718743,0.0020133272739734785,0.03599706234253676,0.0008486455411595539,6.981082378842984e-13,8722491
194,main_effect,halo_concentration,10.0,vd_matched_transport,rutherford,30.0,30.0,1000000000.0,30.0,10.0,100000.0,0.02,1.25,0.35854597483757167,3.486303257389166,0.20833333333333334,256,6484000.071214483,64.84000071214483,False,nan,0.9784258926461361,0.07463626796558025,0.0008015334557495969,0.03594896258986671,0.0003305612135456662,1.3367085216486885e-12,10790346
195,main_effect,halo_concentration,12.0,vd_matched_transport,rutherford,30.0,30.0,1000000000.0,30.0,12.0,100000.0,0.02,1.25,0.28622768816469063,4.3671526259918325,0.20833333333333334,256,7036849.53813938,70.3684953813938,False,nan,0.9777624376111477,0.07458022137473201,0.0005891039497155293,0.03592057274655123,0.0002413679902583333,6.03073146976385e-13,11495340
196,main_effect,black_hole_seed_msun,100.0,vd_matched_transport,rutherford,30.0,30.0,1000000000.0,30.0,8.0,100.0,0.02,1.25,0.4730515371337043,2.6424182184756275,0.20833333333333334,256,105.36083215283043,1.0536083215283043,False,nan,0.9998173161406353,22.547590516285407,0.0010876981046566707,20.729436552268485,0.0004516600155370118,1.6839862837514374e-12,8189797
197,main_effect,black_hole_seed_msun,1000.0,vd_matched_transport,rutherford,30.0,30.0,1000000000.0,30.0,8.0,1000.0,0.02,1.25,0.47302498708575064,2.6425665326922747,0.20833333333333334,256,1127.2381900844096,1.1272381900844095,False,nan,0.999122567017921,12.280288385343036,0.001093920819997541,9.853516164528624,0.0004543036739852595,6.190603585309873e-13,8330547
198,main_effect,black_hole_seed_msun,10000.0,vd_matched_transport,rutherford,30.0,30.0,1000000000.0,30.0,8.0,10000.0,0.02,1.25,0.4727597322421786,2.6440492172875416,0.20833333333333334,256,15740.724381008995,1.5740724381008995,False,nan,0.9963234760194614,1.7724539567074111,0.001143017228806662,1.081154116846938,0.00047517590677254235,5.293543381412746e-13,9084087
199,main_effect,black_hole_seed_msun,20000.0,vd_matched_transport,rutherford,30.0,30.0,1000000000.0,30.0,8.0,20000.0,0.02,1.25,0.47246552735997954,2.6456956700834677,0.20833333333333334,256,51161.54578286217,2.5580772891431085,False,nan,0.9933291458045956,0.7558915217507128,0.0011676935960382316,0.4251230618375568,0.000485675793096738,8.499867476530198e-13,9401966
200,main_effect,black_hole_seed_msun,30000.0,vd_matched_transport,rutherford,30.0,30.0,1000000000.0,30.0,8.0,30000.0,0.02,1.25,0.4721718710582688,2.647341098906213,0.20833333333333334,256,149120.20084847003,4.970673361615668,False,nan,0.9875344423088711,0.4388670480873529,0.0011755469928392006,0.23623995347847837,0.0004890187213341909,3.5704772471945034e-13,9531993
201,main_effect,black_hole_seed_msun,40000.0,vd_matched_transport,rutherford,30.0,30.0,1000000000.0,30.0,8.0,40000.0,0.02,1.25,0.47187876163433856,2.6489855056639144,0.20833333333333334,256,5816566.318686071,145.41415796715177,False,nan,0.9797130345951139,0.29318038071714725,0.0011793125588392718,0.15327600265999253,0.0004906218139658072,3.6859404417555197e-13,9654138
202,main_effect,scale_radius_over_rs,0.005,vd_matched_transport,rutherford,30.0,30.0,1000000000.0,30.0,8.0,100000.0,0.005,1.25,0.23456081450149624,5.329108370707957,0.20833333333333334,256,3157429.308632174,31.57429308632174,False,nan,0.9767494769941898,0.07468676643086462,0.0003545666177932086,0.03597454321452159,0.0001438186321001129,6.918909889463976e-13,8582877
203,main_effect,scale_radius_over_rs,0.01,vd_matched_transport,rutherford,30.0,30.0,1000000000.0,30.0,8.0,100000.0,0.01,1.25,0.31180805870254225,4.00887650306842,0.20833333333333334,256,4535274.240956232,45.35274240956232,False,nan,0.9778062102577151,0.07468676643086462,0.0006951232755274862,0.03597454321452159,0.00028579743700949507,6.652456363553938e-13,9454380
204,main_effect,scale_radius_over_rs,0.04,vd_matched_transport,rutherford,30.0,30.0,1000000000.0,30.0,8.0,100000.0,0.04,1.25,0.7289531176568492,1.714787919445364,0.20833333333333334,256,6224429.530013924,62.24429530013924,False,nan,0.9820165358802979,0.07468676643086462,0.002006379528104989,0.03597454321452159,0.0008456418348592712,3.810285420513537e-13,9168199
205,main_effect,scale_radius_over_rs,0.08,vd_matched_transport,rutherford,30.0,30.0,1000000000.0,30.0,8.0,100000.0,0.08,1.25,0.8489391763851156,1.472425863679244,0.20833333333333334,256,4480118.72776164,44.8011872776164,False,nan,0.987900098168149,0.07468676643086462,0.0057637335596941,0.03597454321452159,0.0025030390178672397,1.3375967000683886e-12,6180060
206,main_effect,assembly_time_myr,0.25,vd_matched_transport,rutherford,30.0,30.0,1000000000.0,30.0,8.0,100000.0,0.02,0.25,0.4701314950984624,0.5317661177914511,0.20833333333333334,256,5169738.572620256,51.69738572620256,False,nan,0.9744856639341777,0.07468676643086462,0.0013792799363844244,0.03597454321452159,0.0005759460905649797,2.6343371928305714e-12,10726191
207,main_effect,assembly_time_myr,0.5,vd_matched_transport,rutherford,30.0,30.0,1000000000.0,30.0,8.0,100000.0,0.02,0.5,0.4701314950984624,1.0635322355829022,0.20833333333333334,256,5601221.247070018,56.012212470700184,False,nan,0.9750444648542143,0.07468676643086462,0.0012413123858687665,0.03597454321452159,0.000517036556093926,1.9024781749976682e-12,10959874
208,main_effect,assembly_time_myr,0.75,vd_matched_transport,rutherford,30.0,30.0,1000000000.0,30.0,8.0,100000.0,0.02,0.75,0.4701314950984624,1.5952983533743534,0.20833333333333334,256,5811079.776280677,58.11079776280677,False,nan,0.9764328283838398,0.07468676643086462,0.0011815109161007868,0.03597454321452159,0.0004915577727673279,9.64561763794336e-13,10743912
209,main_effect,assembly_time_myr,1.0,vd_matched_transport,rutherford,30.0,30.0,1000000000.0,30.0,8.0,100000.0,0.02,1.0,0.4701314950984624,2.1270644711658044,0.20833333333333334,256,5861426.191050667,58.61426191050667,False,nan,0.9779076785522872,0.07468676643086462,0.0011677107421009733,0.03597454321452159,0.00048568309093322107,1.3704593015972932e-12,10359370
210,main_effect,assembly_time_myr,1.5,vd_matched_transport,rutherford,30.0,30.0,1000000000.0,30.0,8.0,100000.0,0.02,1.5,0.4701314950984624,3.190596706748707,0.20833333333333334,256,5661231.679468752,56.612316794687516,False,nan,0.98056241644692,0.07468676643086462,0.0012235885702978565,0.03597454321452159,0.000509481613090948,4.947153797729698e-13,9438242
211,main_effect,assembly_time_myr,1.75,vd_matched_transport,rutherford,30.0,30.0,1000000000.0,30.0,8.0,100000.0,0.02,1.75,0.4701314950984624,3.722362824540158,0.20833333333333334,256,5459557.915837394,54.595579158373944,False,nan,0.9816666161564573,0.07468676643086462,0.0012841718474212018,0.03597454321452159,0.0005353180754510246,1.098676705169055e-12,8972847
212,latin_hypercube,joint,0.0,vd_matched_transport,rutherford,30.0,30.0,363986311.1441286,17.45054101270017,7.731458952345833,5189.671060060451,0.021466365331530575,0.34212100129501,1.1184047088360987,0.3059008949014963,0.20833333333333334,237,5919.189029918635,1.1405711385973056,False,nan,0.994495345218334,9.652305349083937,0.025450084550511398,7.408875962948634,0.011661050594376061,9.681144774731365e-14,817305
213,latin_hypercube,joint,1.0,vd_matched_transport,rutherford,30.0,30.0,251807452.8061012,18.964906236544167,11.420421989215692,387.43856700919684,0.07827918692926719,0.5369206997141529,1.0661433688133646,0.5036102229963261,0.20833333333333334,230,403.6467228981507,1.041834131315505,False,nan,0.9988903403768917,21.653012553092424,0.18805508826099418,19.69833950523214,0.09547933283364934,1.1546319456101628e-14,196031
214,latin_hypercube,joint,2.0,vd_matched_transport,rutherford,30.0,30.0,7300072597.978582,19.550738870083315,11.022119754494526,7259.258422489268,0.029606525691442336,1.3608066261268874,0.7542378187360068,1.8042142575234452,0.20833333333333334,293,7974.02594006193,1.0984628836684343,False,nan,0.992541331025186,0.8622126220342782,0.0026003073203800485,0.49051289146166815,0.0011034699696187372,4.565237077258644e-13,6444942
215,latin_hypercube,joint,3.0,vd_matched_transport,rutherford,30.0,30.0,3495812758.551744,22.11810369684752,11.14867704832373,1152.5527728723223,0.019046690701619864,0.4390903281412285,0.47660418204596977,0.9212892892720715,0.20833333333333334,279,1278.0117923965263,1.1088531670541582,False,nan,0.9985266448476647,8.148354933082837,0.00019188484875781622,6.076535819629688,7.697477123900171e-05,1.1160850021951774e-11,16342293
216,latin_hypercube,joint,4.0,vd_matched_transport,rutherford,30.0,30.0,727920048.1819899,18.12362802015318,10.32921357912742,64763.56789132588,0.006973562442957025,1.5097133127601117,0.37966764616148735,3.976407597601751,0.20833333333333334,250,189253.17118174638,2.922216569342129,False,nan,0.9823082053755829,0.39606770226331317,0.0014713651381692634,0.21157043189677285,0.0006153582375232456,2.682298827494378e-13,2538237
217,latin_hypercube,joint,5.0,vd_matched_transport,rutherford,30.0,30.0,1112520944.7188535,24.33170651727848,7.158655234882939,7529.685561510739,0.02869934156081333,0.7629191712183623,0.9107443484820597,0.837687516249672,0.20833333333333334,258,9817.605240615554,1.3038532831702698,False,nan,0.9961999831559738,2.818994356393322,0.0051358064337215835,1.8115556739962202,0.002222417290755046,1.6076029396572267e-13,2467824
218,latin_hypercube,joint,6.0,vd_matched_transport,rutherford,30.0,30.0,610321080.66264,24.024788870124688,9.189414448802559,16842.282649190827,0.0061855523457104294,0.6003863262157573,0.28378581021381716,2.11563194707797,0.20833333333333334,247,22701.72005028134,1.3479004314995287,False,nan,0.990654616598224,1.8165622299308983,0.0011854949266363773,1.1109507317644354,0.0004932541017265494,5.577760475716786e-13,3484705
219,latin_hypercube,joint,7.0,vd_matched_transport,rutherford,30.0,30.0,784383391.5651248,25.83955421998221,4.232263169406632,506.4357934848854,0.009382083724801586,1.737065722984784,0.7984398923090933,2.1755748174871106,0.20833333333333334,251,547.054988024403,1.0802060104401563,False,nan,0.9994662790568454,19.26894098754372,0.004075388545029789,17.029527123899136,0.0017513923494560115,1.9584334154387761e-13,3053089
220,latin_hypercube,joint,8.0,vd_matched_transport,rutherford,30.0,30.0,126280982.26141337,18.32503838763387,5.564818616033557,11603.124130739936,0.05648141794265815,0.7908913484252418,2.643698743283036,0.29916092006878425,0.20833333333333334,218,16851.30518383798,1.452307584919663,False,nan,0.9954740038500441,8.815993274963148,0.6450329329726997,6.661775568426527,0.3579609783192782,1.1102230246251565e-14,101213
221,latin_hypercube,joint,9.0,vd_matched_transport,rutherford,30.0,30.0,115308552.65046664,20.485726129285297,8.115140315586997,32729.05742804086,0.02289116630897121,1.3362000104325467,0.8617310602248515,1.5505998009215218,0.20833333333333334,216,62404.207308654135,1.906691246634829,False,nan,0.9913355048085124,3.4627849506331114,0.07108506453226965,2.2822626117578193,0.03415277180894861,1.0658141036401503e-14,311410
222,latin_hypercube,joint,10.0,vd_matched_transport,rutherford,30.0,30.0,2286887832.3124833,29.348556121200808,4.094957314804988,85823.71165173,0.016472245098852506,1.0380407214356973,0.9429440793324833,1.100850775976592,0.20833333333333334,271,5422618.753108922,63.18322347923781,False,nan,0.9841074667881556,0.04126793699829393,0.0010684145300342794,0.01931184733292137,0.0004434701836131533,3.721467578543525e-12,17559656
223,latin_hypercube,joint,11.0,vd_matched_transport,rutherford,30.0,30.0,659437543.7726965,24.83430414288211,7.376089219015792,43238.11171977849,0.04826468481077741,0.7864664338252743,1.2001805053429817,0.6552901253803666,0.20833333333333334,248,3519102.0392116783,81.38889279019853,False,nan,0.9871447480387427,0.500220779425178,0.011310476099442607,0.27198726897040076,0.005023335522228649,4.050093593832571e-13,3014882
224,latin_hypercube,joint,12.0,vd_matched_transport,rutherford,30.0,30.0,285828546.0824566,15.58275316678461,10.851781587971237,968.9574131258253,0.020135855710255595,1.1882620258415684,0.8378484383748476,1.4182302805820213,0.20833333333333334,233,1040.9536630495654,1.074302801081301,False,nan,0.9986439977384876,20.253221438657423,0.020417585199485215,18.117564201995723,0.009271712654098442,9.681144774731365e-14,622457
225,latin_hypercube,joint,13.0,vd_matched_transport,rutherford,30.0,30.0,139038378.77136952,20.04334442699453,11.708644023614351,4056.940715529643,0.021867841563900325,0.3873209729917774,0.5597055942612866,0.692008400421606,0.20833333333333334,219,4494.518816361613,1.107859131181522,False,nan,0.9946848312024823,13.535546142834935,0.03287011575935117,11.07122879188493,0.015226109549970685,6.838973831690964e-14,494916
226,latin_hypercube,joint,14.0,vd_matched_transport,rutherford,30.0,30.0,1685575835.6354733,19.69163121605412,11.958058418989342,14601.121207368024,0.016081511206882962,0.8352874155549519,0.4671677605708348,1.7879817188889697,0.20833333333333334,266,22218.43224982149,1.5216935695739322,False,nan,0.9935910146684555,1.2076551070425838,0.0005407940625858274,0.7087108356696081,0.0002211853115379373,1.6848744621711376e-12,10293066
227,latin_hypercube,joint,15.0,vd_matched_transport,rutherford,30.0,30.0,7783087575.6987295,15.009882555147295,6.26923464594924,3430.6473624694436,0.012632799433078205,0.4814340942588141,1.304757381299564,0.36898361424044696,0.20833333333333334,294,3690.415977491148,1.0757199990484356,False,nan,0.994090122415837,2.6961166186476127,0.0025389338626105543,1.7234455326221538,0.0010767340756805577,2.637889906509372e-13,6057677
228,latin_hypercube,joint,16.0,vd_matched_transport,rutherford,30.0,30.0,388320619.39336437,15.455510237326767,11.854709970124446,1337.2750484438643,0.025400876587149367,1.6738630577134983,0.8743778373604225,1.9143475351188761,0.20833333333333334,238,1473.4518885798113,1.1018315867737238,False,nan,0.9988147658206465,17.846748469121263,0.014801497792481482,15.491287574919163,0.006638530330534587,1.376676550535194e-13,796012
229,latin_hypercube,joint,17.0,vd_matched_transport,rutherford,30.0,30.0,163503331.4899607,25.308722366264114,6.8592726150509815,293.92652744025844,0.01354356357700714,0.8785650327721526,0.5796491604621876,1.5156841287782115,0.20833333333333334,222,304.0639392141007,1.0344896116118771,False,nan,0.9990866045545596,23.236006060495015,0.02370471974818099,21.53416311350691,0.010829525508811342,4.085620730620576e-14,686970
230,latin_hypercube,joint,18.0,vd_matched_transport,rutherford,30.0,30.0,2004930182.3865616,15.853802645575877,8.292516089361232,146.39342015688308,0.041343284827335354,1.2489798726193673,1.7835109882363613,0.7002927825269137,0.20833333333333334,269,153.26181587241086,1.046917379948957,False,nan,0.9996980864597036,23.73190057164838,0.036568037157269445,22.119987202747623,0.01701911032840106,7.016609515630989e-14,964349
231,latin_hypercube,joint,19.0,vd_matched_transport,rutherford,30.0,30.0,408473614.5078378,19.29668561214001,6.134604603060684,304.081340880897,0.014963468791500213,1.4882874946604037,1.0320483290088542,1.4420715123774357,0.20833333333333334,239,317.7511110049277,1.0449543207236278,False,nan,0.9994052887609077,23.896904686212864,0.016356028719085654,22.316066568708788,0.007363448309544341,8.837375276016246e-14,947602
232,latin_hypercube,joint,20.0,vd_matched_transport,rutherford,30.0,30.0,1162506790.8874602,27.392214220837616,4.323327639951704,3913.0609617437426,0.010360290593146646,1.1386198853022957,0.756475372150307,1.505164513242156,0.20833333333333334,259,4701.421603910698,1.2014690417231948,False,nan,0.9974821612965866,4.714563565930276,0.0019935240340819703,3.236796017528779,0.0008400848720973398,3.935962666901105e-12,5942084
233,latin_hypercube,joint,21.0,vd_matched_transport,rutherford,30.0,30.0,455430258.6423375,16.446523749659303,4.954890829877653,445.45692978508737,0.009107224000333734,1.23039641387365,1.2550741540844876,0.9803376237726458,0.20833333333333334,241,466.90914148153996,1.0481577684890935,False,nan,0.9990976716236588,23.69040914058268,0.01726960357064415,22.070772499699867,0.0077909460514876345,7.238654120556021e-14,767994
234,latin_hypercube,joint,22.0,vd_matched_transport,rutherford,30.0,30.0,260034864.72532034,21.40871415993874,8.436513853525078,1781.2052883700571,0.012071322915129582,1.6289804036334465,0.5395360661195624,3.0192243038530457,0.20833333333333334,231,2026.9397203120304,1.137959635279794,False,nan,0.9987307302134802,16.221657673587913,0.011351046684393283,13.782257981938418,0.005041994960202553,4.973799150320701e-14,854185
235,latin_hypercube,joint,23.0,vd_matched_transport,rutherford,30.0,30.0,166166440.9218692,17.878873841943573,9.522832028072857,54895.50486335944,0.0064475691900350565,0.9253910228726866,0.3642366327774715,2.5406313906872997,0.20833333333333334,223,71308.7076831332,1.298989923867681,False,nan,0.9748497006035066,1.754526498118991,0.011052525531314987,1.0690709815723767,0.004904763738495028,3.108624468950438e-14,510987
236,latin_hypercube,joint,24.0,vd_matched_transport,rutherford,30.0,30.0,1643570456.7093604,16.15437838845606,6.749358707853569,9184.125791299366,0.05301215035601854,0.2960975917338474,2.526478849307559,0.11719773225689181,0.20833333333333334,265,10343.762181382494,1.1262652991079145,False,nan,0.9891222001473603,2.637445430926873,0.07191717533347727,1.6815812506490668,0.03457316681812787,3.774758283725532e-14,883205
237,latin_hypercube,joint,25.0,vd_matched_transport,rutherford,30.0,30.0,122234018.2667716,28.67537452100666,8.931642660774033,28295.14547636729,0.034913036751583734,1.3877187029174964,0.6209276647185491,2.2349120223955787,0.20833333333333334,217,74021.42380789608,2.616046765680012,False,nan,0.9925604604781298,2.739451651323658,0.04209752313877465,1.7544528822464829,0.019718064062385573,2.1316282072803006e-14,644570
238,latin_hypercube,joint,26.0,vd_matched_transport,rutherford,30.0,30.0,233775740.1588977,25.026098232624705,11.35087585002423,1538.221683445229,0.04293480658702652,0.6895053301280789,0.6501857299093641,1.060474412786937,0.20833333333333334,229,1736.4861404602063,1.1288919920637934,False,nan,0.9983921045642702,15.444267280595458,0.017492765310175684,12.983032969339167,0.007895531371095058,1.1368683772161603e-13,1299552
239,latin_hypercube,joint,27.0,vd_matched_transport,rutherford,30.0,30.0,1492437771.645183,19.139706575553696,6.521935679819586,1248.860350338718,0.04744641886534283,1.7166039840834981,1.9943416743067772,0.8607371576288104,0.20833333333333334,263,1346.7878368058045,1.0784134802906717,False,nan,0.9986445256071139,12.43596632784826,0.0617856810018877,10.002811321855624,0.029475697218112253,1.092459456231154e-13,735239
240,latin_hypercube,joint,28.0,vd_matched_transport,rutherford,30.0,30.0,536870947.6626914,20.684579991140417,4.416168409487867,39782.06679282038,0.07068391480696036,1.1691385444099063,2.8934242896841376,0.40406743960027236,0.20833333333333334,244,75392.23877522223,1.8951312702744885,False,nan,0.9901697584227646,0.8488015813171603,0.3566873193840832,0.4822150335968237,0.18908102732251555,3.9968028886505635e-14,518453
241,latin_hypercube,joint,29.0,vd_matched_transport,rutherford,30.0,30.0,6007398042.836182,16.703238595564557,10.422279526948145,2055.749150298687,0.04385871888791213,0.8441247796190638,1.3060131884257558,0.6463371021823725,0.20833333333333334,289,2232.5595521287355,1.0860077708432274,False,nan,0.9971481603421463,4.7835712689076475,0.007593121519692089,3.290801354909764,0.003326744838309766,3.694822225952521e-13,3751651
242,latin_hypercube,joint,30.0,vd_matched_transport,rutherford,30.0,30.0,102181586.23653835,21.06035393475616,8.784217711398037,609.7499521608906,0.06459856746249386,0.41090354305567933,1.2650976515860657,0.3247998623193438,0.20833333333333334,214,637.2311450562906,1.0450696105805495,False,nan,0.9983083513034333,22.149751374211046,0.1902755680694523,20.26885659713804,0.09667805453480259,1.4210854715202004e-14,208750
243,latin_hypercube,joint,31.0,vd_matched_transport,rutherford,30.0,30.0,3062870475.7730317,23.056694617024583,9.936903218459074,631.8532976262148,0.07631026880743556,0.9808914759748725,0.9564417814752153,1.0255631811294839,0.20833333333333334,277,691.1200746251061,1.0937983187261162,False,nan,0.9992194935308333,12.242804825490872,0.020663939037548974,9.817642939516,0.009388069288388616,9.14823772291129e-14,2346427
244,latin_hypercube,joint,32.0,vd_matched_transport,rutherford,30.0,30.0,4520332463.4454975,29.755874941755536,4.676767437226822,26113.64444576148,0.008430353579801824,0.26318947834882944,0.5484186491989054,0.47990614238461743,0.20833333333333334,284,38300.00830155243,1.4666665306369722,False,nan,0.988384278610584,0.12686035084742242,0.00020999140483340912,0.06290029203271752,8.436945286651991e-05,7.256417688950023e-12,27884229
245,latin_hypercube,joint,33.0,vd_matched_transport,rutherford,30.0,30.0,4607378927.866015,26.38605545076963,6.980741021110502,337.8242048751756,0.06070000195361138,1.2952229041480436,1.2039593908621906,1.0758028169210063,0.20833333333333334,284,367.8318022314144,1.08882607262356,False,nan,0.9996086463618147,14.034253310210772,0.01308668674886758,11.563777839489838,0.005842796763618478,1.2745360322696797e-13,3751395
246,latin_hypercube,joint,34.0,vd_matched_transport,rutherford,30.0,30.0,1329674503.6287916,25.637513204793017,6.409156476656941,89780.07049735737,0.019483729856560685,0.7408909542447852,0.7575363841172091,0.9780268905607464,0.20833333333333334,261,5159794.838218757,57.471494616064405,False,nan,0.9790984304710862,0.08324182371027122,0.0016840386751854263,0.040323251030153516,0.0007066457174030808,1.4854784069484595e-12,9862163
247,latin_hypercube,joint,35.0,vd_matched_transport,rutherford,30.0,30.0,307346769.01869756,28.064181290205518,8.59545751168109,1867.9413667295266,0.03836629186951752,0.6361787309545632,0.7177427464720567,0.8863603764462857,0.20833333333333334,234,2147.8099509306007,1.1498272853666067,False,nan,0.9982393619771575,13.380840664440573,0.013382227168199071,10.919441148817599,0.005979628630829369,1.794120407794253e-13,1853639
248,latin_hypercube,joint,36.0,vd_matched_transport,rutherford,30.0,30.0,1033564496.1575968,26.59508264858296,7.050260241685844,131.95918141617133,0.005031905707675859,0.4937278329369056,0.34226226201840093,1.4425424235359068,0.20833333333333334,257,137.0469191374858,1.038555390134384,False,nan,0.999584586588791,22.944520519295057,0.0005853991362515462,21.19222538816043,0.00023981875725023494,8.806289031326742e-13,7200616
249,latin_hypercube,joint,37.0,vd_matched_transport,rutherford,30.0,30.0,9548965411.682337,29.169930051195397,8.647997511309342,222.36340920579767,0.005363285769469234,0.6098220543399528,0.2345589136309174,2.599867320751317,0.20833333333333334,298,243.2790429407857,1.0940605912172834,False,nan,0.9996921744254478,12.788517771300171,6.5071072081705075e-06,10.342721950136806,2.495438854282842e-06,1.07757358591698e-10,159082707
250,latin_hypercube,joint,38.0,vd_matched_transport,rutherford,30.0,30.0,5167149496.439302,18.683734276842998,10.24362197505718,6591.744735342204,0.03330456372973718,1.5479290311042881,0.9488466281024796,1.631379598407663,0.20833333333333334,286,7268.33932943826,1.1026427177115092,False,nan,0.9939079620529461,1.368810763976048,0.005408881940851547,0.8131562216614746,0.0023443098301631133,4.289901767151605e-13,3792701
251,latin_hypercube,joint,39.0,vd_matched_transport,rutherford,30.0,30.0,196514665.308962,23.88844298878847,9.424653339692771,251.35932048995846,0.0617617040808209,1.1498596272602186,0.9694658020870283,1.186075491043465,0.20833333333333334,226,259.8905651879437,1.0339404350765902,False,nan,0.9992783041876808,22.22112642269648,0.053114549888991114,20.35124792447393,0.025152119939150147,3.6415315207705135e-14,458615
252,latin_hypercube,joint,40.0,vd_matched_transport,rutherford,30.0,30.0,146002002.5042165,16.23740369143555,9.274991767598284,67794.19877083761,0.0688800051573276,1.4213830724552465,1.7037278492971766,0.8342782405309609,0.20833333333333334,220,1136975.6550829457,16.770987425136852,False,nan,0.9865310507122812,1.6907477767814538,0.2440368972786457,1.0262145483796712,0.12600614847217534,2.042810365310288e-14,228923
253,latin_hypercube,joint,41.0,vd_matched_transport,rutherford,30.0,30.0,424814479.89187706,21.259789892640242,9.725149008647378,3069.4460847779123,0.05764919752362973,1.6516916355778817,1.1030547668926498,1.497379536494606,0.20833333333333334,240,3600.5150214119476,1.1730178416450212,False,nan,0.998263597148213,10.847356381101566,0.0876147071608257,8.502649069494709,0.042557179745588807,2.4868995751603507e-14,333624
254,latin_hypercube,joint,42.0,vd_matched_transport,rutherford,30.0,30.0,185782787.6727507,28.160034817867967,5.425839990495229,161.91120980443264,0.013447145192956589,1.42469883477013,0.6501470706272205,2.191348541178031,0.20833333333333334,225,166.51620436905216,1.0284414807979123,False,nan,0.9995024811015049,24.447332051967607,0.023373056572709758,22.97435458848544,0.010671847109033286,2.398081733190338e-14,798361
255,latin_hypercube,joint,43.0,vd_matched_transport,rutherford,30.0,30.0,3909295668.763564,22.6256655678839,7.857159415725045,192.5502387002521,0.008202974527285497,1.4519473359074047,0.4394404833985507,3.3040818740192415,0.20833333333333334,281,208.06661549584385,1.0805835240731458,False,nan,0.9997719516741955,19.07816323159747,0.00010506497397365528,16.820864215627044,4.173462333606763e-05,7.408296198718745e-12,24614215
256,latin_hypercube,joint,44.0,vd_matched_transport,rutherford,30.0,30.0,2523823204.4462113,27.495120089362075,7.536366152640133,10235.377574678696,0.009654933148963957,0.6511374249085298,0.3807015973071095,1.7103616835714546,0.20833333333333334,273,13713.738467963352,1.3398370864099605,False,nan,0.9942863199985198,0.9046148830870104,0.00018973604263394057,0.5168395876475445,7.609810422786225e-05,9.797496147712081e-12,26145769
257,latin_hypercube,joint,45.0,vd_matched_transport,rutherford,30.0,30.0,495956440.4739831,26.143033001686653,5.162041317581045,22394.02693309123,0.007539754154370641,0.5208837949094722,0.5502366345146876,0.9466541524791333,0.20833333333333334,243,32094.690668155316,1.43318085505781,False,nan,0.9888961187240566,1.4003859723653185,0.004488193943286793,0.833800018913252,0.001934296125472275,1.1057821325266559e-13,2616669
258,latin_hypercube,joint,46.0,vd_matched_transport,rutherford,30.0,30.0,6786491900.717426,24.47383384594516,8.148274223646855,48873.38797002918,0.05100367158881352,0.8855806876942346,1.1161423739657987,0.7934298601599108,0.20833333333333334,291,60547.500203558455,1.2388643946821987,False,nan,0.9707995078638045,0.042116091909904486,0.006283839971867964,0.01972716153424552,0.0027363366053441674,1.120881165661558e-12,8827365
259,latin_hypercube,joint,47.0,vd_matched_transport,rutherford,30.0,30.0,5256307022.907926,28.97517152017864,10.696437068375301,18066.930255091775,0.023919209960850035,1.0943562537894043,0.38928235779951215,2.8112146154669015,0.20833333333333334,287,25491.581418282476,1.4109525557668119,False,nan,0.9929877052433379,0.19600427021400255,3.547756499062171e-05,0.09977555674299717,1.3875766698451153e-05,4.7979398232200765e-11,44019463
260,latin_hypercube,joint,48.0,vd_matched_transport,rutherford,30.0,30.0,966157313.6495942,22.873107326009148,5.097834719231581,189.02400686701475,0.005694743231226976,0.3028171196392691,0.6199990540439174,0.48841545428844985,0.20833333333333334,255,195.22310459005305,1.0327952931788162,False,nan,0.9992705969501008,23.53060928191199,0.0019230285965652061,21.881567299794632,0.000809631632501623,4.556355293061642e-13,4288715
261,latin_hypercube,joint,49.0,vd_matched_transport,rutherford,30.0,30.0,1413544973.1163852,25.32870649736666,5.756657831815194,710.1977222022729,0.017298079620604517,1.3245881577426883,0.8177699094574423,1.6197565383904864,0.20833333333333334,262,776.799937914284,1.0937798216326045,False,nan,0.9992314800947404,14.615361041286086,0.0027615693583942997,12.14393796514871,0.00117381446704419,1.3722356584366935e-13,2739595
262,latin_hypercube,joint,50.0,vd_matched_transport,rutherford,30.0,30.0,8183790324.966359,16.984272998611665,10.053446086238012,4627.03323845578,0.006557880285269896,0.43534053473941237,0.43524568536531383,1.0002179214574383,0.20833333333333334,295,5118.358701302098,1.1061858511762697,False,nan,0.9939643042844347,1.616210202377354,4.47407955129437e-05,0.9763916443802296,1.7553035713787738e-05,2.2212454098280432e-11,36924519
263,latin_hypercube,joint,51.0,vd_matched_transport,rutherford,30.0,30.0,8994073190.742374,20.197243492110662,7.283077231030182,466.4605919394518,0.017937151741511902,1.0055029117100585,0.8775862363621828,1.1457596644611505,0.20833333333333334,297,504.4136664499874,1.0813639462076188,False,nan,0.9993559751593611,10.718427203415951,0.0018660287309559772,8.383190779551413,0.0007850327489597682,1.7612578062653483e-12,8670622
264,latin_hypercube,joint,52.0,vd_matched_transport,rutherford,30.0,30.0,2861576085.2091026,27.713627267163435,4.557730801099044,103.64113284136722,0.007991552446946971,0.9447842208083518,0.6087763544581467,1.5519397458353577,0.20833333333333334,275,110.36973993053847,1.0649221684933725,False,nan,0.9998226224021854,22.63878296136591,0.00034818110037971174,20.83547058964801,0.00014117992315080912,3.219646771412954e-12,14244944
265,latin_hypercube,joint,53.0,vd_matched_transport,rutherford,30.0,30.0,6400033223.363182,27.152359879412884,4.820072340607635,2415.763337966562,0.010690023086095115,0.5647190974699453,0.6900731960073951,0.8183466634224893,0.20833333333333334,290,2625.797991665741,1.0869433898586989,False,nan,0.9964064980437001,2.4586148661902523,0.0017337408743677014,1.5548216931404244,0.0007280298035367271,8.388845174067683e-13,10509567
266,latin_hypercube,joint,54.0,vd_matched_transport,rutherford,30.0,30.0,2677266821.0159945,17.727048529941154,6.023703011648516,118.54505284302822,0.014423729720082384,0.34993809095010886,1.1648337367247341,0.30041891809732496,0.20833333333333334,274,123.97530875760566,1.0458075287356607,False,nan,0.9996684935719299,24.011117106828525,0.009536741807912495,22.452127480609278,0.004210418721264412,5.861977570020827e-14,2438680
267,latin_hypercube,joint,55.0,vd_matched_transport,rutherford,30.0,30.0,213382668.31095725,17.20155161260713,7.952930142634812,896.4629185858363,0.005606873507446464,1.6002695908768687,0.5522381114910151,2.897789119545229,0.20833333333333334,227,947.9379442577348,1.0574201393105027,False,nan,0.998656056920467,21.534194453007466,0.010039246228428876,19.562620197210688,0.004440132957560272,3.019806626980426e-14,488770
268,latin_hypercube,joint,56.0,vd_matched_transport,rutherford,30.0,30.0,4149602278.296378,29.976472349156353,9.770111832743778,10405.124238480943,0.026632664355171528,1.2715879804594599,0.44229974095522334,2.874946247341778,0.20833333333333334,282,13459.906568121745,1.2935844166418886,False,nan,0.995545673298367,0.5108070030484695,9.855243160204727e-05,0.2781984193320718,3.910895569119023e-05,4.135713993491663e-11,19146494
269,latin_hypercube,joint,57.0,vd_matched_transport,rutherford,30.0,30.0,2094694929.1385748,22.359290343318172,10.584404783206537,35629.22814420115,0.00721667838727271,1.6937901813265581,0.2882553165321564,5.876006734944668,0.20833333333333334,270,5810774.142554341,163.0900933086892,False,nan,0.9831249820431183,0.25615532926538853,0.0001925202494196748,0.13269233497732527,7.723403865385765e-05,2.4948931809376518e-12,13765876
270,latin_hypercube,joint,58.0,vd_matched_transport,rutherford,30.0,30.0,915829176.116028,26.8374356259621,10.956875608884282,76227.02740580199,0.038266009122837966,1.0499821691859914,0.5675135279820419,1.8501447409007252,0.20833333333333334,254,6961509.948478519,91.32600581967134,False,nan,0.9794102563836274,0.14545320474294027,0.0015828500952224482,0.07269930895928559,0.0006631674261944355,4.511946372076636e-13,8232152
271,latin_hypercube,joint,59.0,vd_matched_transport,rutherford,30.0,30.0,811222984.4207741,21.680144057364267,5.691395415031782,21781.725793612957,0.010940289796213216,0.9644909478827778,0.7960023074244068,1.2116685327251664,0.20833333333333334,252,40332.23485795028,1.8516546962397662,False,nan,0.9921679544801584,1.2102258973833644,0.004002457715898622,0.7103645547661593,0.0017191435350151854,9.241496456979803e-13,3398354
272,latin_hypercube,joint,60.0,vd_matched_transport,rutherford,30.0,30.0,3343372104.003628,23.599137000762532,9.056748358665686,13409.05824822093,0.02827938389710879,1.5720029633945847,0.7113744680252442,2.2098107734431647,0.20833333333333334,278,16464.26233061719,1.2278462831497965,False,nan,0.9936474950592362,0.602451191712024,0.006234711883897417,0.33246250660330157,0.0027142680520729607,4.813927034774679e-13,3788038
273,latin_hypercube,joint,61.0,vd_matched_transport,rutherford,30.0,30.0,587246984.97561,28.40907626036891,5.974631222818911,861.165012368047,0.03658888862592026,1.5383144911800795,1.0517849045810552,1.4625751752853096,0.20833333333333334,246,943.5514586526206,1.0956685944056481,False,nan,0.9991560570289947,16.110247902975857,0.08187487804090449,13.666990823284708,0.039626442358957174,2.353672812205332e-14,583564
274,latin_hypercube,joint,62.0,vd_matched_transport,rutherford,30.0,30.0,329904117.09611917,23.333510980919435,5.274739199303883,2618.7048779265697,0.011823398828005068,0.7001652887223236,0.818770592991053,0.8551422030981205,0.20833333333333334,235,2970.0761483069505,1.1341774987101978,False,nan,0.9973559160142382,12.833762604342635,0.014971635056761351,10.386526184289496,0.006717710037621071,1.4521717162097048e-13,1232680
275,latin_hypercube,joint,63.0,vd_matched_transport,rutherford,30.0,30.0,1876143393.228209,21.824938209599097,11.527472581861566,5759.670552065668,0.03148383213797387,1.090006071506341,0.6338615122990519,1.7196281054402986,0.20833333333333334,268,7027.785661324425,1.2201714660231662,False,nan,0.9965948757310438,2.864511928763047,0.0007467005366579628,1.8443404350607802,0.00030747445354091263,8.354206215699378e-12,6176891
276,main_effect,baseline,0.0,vd_high_transport,rutherford,30.0,100.0,1000000000.0,30.0,8.0,100000.0,0.02,1.25,0.4701314950984624,2.658830588957256,0.20833333333333334,256,13313620.188573474,133.13620188573475,True,1.49,0.9849146833897682,2.035004745489763,0.10095894360749912,1.2598905206606388,0.04941737163125208,1.3855583347321954e-12,11617855
277,main_effect,halo_mass_msun,100000000.0,vd_high_transport,rutherford,30.0,100.0,100000000.0,30.0,8.0,100000.0,0.02,1.25,0.4460527007069999,2.802359447703673,0.20833333333333334,213,182241.4944912215,1.822414944912215,False,nan,0.9778328612226042,8.667617222529733,1.0359611303653078,6.530842982473477,0.5992299983097474,3.8191672047105385e-14,592790
278,main_effect,halo_mass_msun,300000000.0,vd_high_transport,rutherford,30.0,100.0,300000000.0,30.0,8.0,100000.0,0.02,1.25,0.4635165422742499,2.6967753812342035,0.20833333333333334,234,5189902.525708481,51.89902525708481,False,nan,0.9862025903820627,4.6960042337046906,0.3331327955030893,3.222295057572316,0.17573162975423995,2.2737367544323206e-13,2366368
279,main_effect,halo_mass_msun,3000000000.0,vd_high_transport,rutherford,30.0,100.0,3000000000.0,30.0,8.0,100000.0,0.02,1.25,0.4720741072366319,2.647889347960838,0.20833333333333334,276,28327196.25435678,283.2719625435678,True,1.08,0.9842007936857952,0.831660925692356,0.03366730740807068,0.4716300437169716,0.015611783451576886,1.9893420244443405e-11,49153669
280,main_effect,halo_mass_msun,10000000000.0,vd_high_transport,rutherford,30.0,100.0,10000000000.0,30.0,8.0,100000.0,0.02,1.25,0.4727597322421786,2.6440492172875416,0.20833333333333334,299,60277290.434222706,602.7729043422271,True,0.99,0.9840572871499375,0.2768274540500436,0.008165428583939352,0.14415668081123437,0.003586104843028991,1.4763745781465332e-10,228023859
281,main_effect,halo_redshift,15.0,vd_high_transport,rutherford,30.0,100.0,1000000000.0,15.0,8.0,100000.0,0.02,1.25,1.2676008115224375,0.9861148625320788,0.20833333333333334,256,5639218.748915284,56.39218748915284,False,nan,0.9926243028057441,4.107881677345779,0.1694990350459752,2.7680740864407225,0.08550455179927412,7.140954494389007e-13,2315833
282,main_effect,halo_redshift,20.0,vd_high_transport,rutherford,30.0,100.0,1000000000.0,20.0,8.0,100000.0,0.02,1.25,0.843136347834023,1.4825597345093593,0.20833333333333334,256,9058010.69863247,90.5801069863247,False,nan,0.9885994097706876,3.1184944895549784,0.1312398135468265,2.0286872677011494,0.06519985136563147,2.0481394358284888e-12,4708320
283,main_effect,halo_redshift,25.0,vd_high_transport,rutherford,30.0,100.0,1000000000.0,25.0,8.0,100000.0,0.02,1.25,0.6120555640759183,2.042298237885069,0.20833333333333334,256,11476712.815759782,114.76712815759782,True,1.74,0.9864218528725471,2.4789202328637803,0.11575918066835911,1.5691497084507866,0.057096251172576454,1.0231815394945443e-12,7847748
284,main_effect,halo_concentration,4.0,vd_high_transport,rutherford,30.0,100.0,1000000000.0,30.0,4.0,100000.0,0.02,1.25,1.0483807455636656,1.192314915444134,0.20833333333333334,256,4552937.54192832,45.529375419283205,False,nan,0.9913203260268845,2.0366498961359643,0.09980252653865443,1.2610206726812345,0.04882039997714148,2.922107000813412e-13,5353473
285,main_effect,halo_concentration,6.0,vd_high_transport,rutherford,30.0,100.0,1000000000.0,30.0,6.0,100000.0,0.02,1.25,0.6609746672043245,1.8911466082157615,0.20833333333333334,256,10366888.80470177,103.6688880470177,True,1.94,0.9879982368131813,2.0358947130147893,0.09124221420415328,1.2605018770515026,0.04441576081871786,1.8118839761882555e-12,9004388
286,main_effect,halo_concentration,10.0,vd_high_transport,rutherford,30.0,100.0,1000000000.0,30.0,10.0,100000.0,0.02,1.25,0.35854597483757167,3.486303257389166,0.20833333333333334,256,15053303.615826154,150.53303615826155,True,1.26,0.982844090377851,2.033993522653762,0.09927541131996845,1.2591959127495875,0.048548440524050517,1.6280310433103296e-12,13429013
287,main_effect,halo_concentration,12.0,vd_high_transport,rutherford,30.0,100.0,1000000000.0,30.0,12.0,100000.0,0.02,1.25,0.28622768816469063,4.3671526259918325,0.20833333333333334,256,16232091.529062776,162.32091529062777,True,1.1300000000000001,0.9813971856462134,2.0328709208638625,0.09464041973499748,1.2584248534522318,0.04616119289990235,2.248867758680717e-12,14768248
288,main_effect,black_hole_seed_msun,100.0,vd_high_transport,rutherford,30.0,100.0,1000000000.0,30.0,8.0,100.0,0.02,1.25,0.4730515371337043,2.6424182184756275,0.20833333333333334,256,108.53515030104433,1.0853515030104433,False,nan,0.999878245126062,29.101757041632336,0.09127179228866307,28.812927598722414,0.044430935194292406,2.949640531824116e-12,8605724
289,main_effect,black_hole_seed_msun,1000.0,vd_high_transport,rutherford,30.0,100.0,1000000000.0,30.0,8.0,1000.0,0.02,1.25,0.47302498708575064,2.6425665326922747,0.20833333333333334,256,1209.8583069029496,1.2098583069029496,False,nan,0.9993874918842792,26.40101619697251,0.09225186476316796,25.36425391062809,0.044933918546603537,1.2443379659998755e-12,8859582
290,main_effect,black_hole_seed_msun,10000.0,vd_high_transport,rutherford,30.0,100.0,1000000000.0,30.0,8.0,10000.0,0.02,1.25,0.4727597322421786,2.6440492172875416,0.20833333333333334,256,14815.0355779765,1.4815035577976499,False,nan,0.996144081844821,14.019512775719312,0.09590344417516963,11.549148383610648,0.046810970701464304,1.7745804825608502e-12,9924289
291,main_effect,black_hole_seed_msun,20000.0,vd_high_transport,rutherford,30.0,100.0,1000000000.0,30.0,8.0,20000.0,0.02,1.25,0.47246552735997954,2.6456956700834677,0.20833333333333334,256,33571.98246469358,1.678599123234679,False,nan,0.9932882265172877,9.148981655963913,0.09737876603056847,6.95740057153177,0.047570674220957114,1.3029577417000837e-12,10414298
292,main_effect,black_hole_seed_msun,30000.0,vd_high_transport,rutherford,30.0,100.0,1000000000.0,30.0,8.0,30000.0,0.02,1.25,0.4721718710582688,2.647341098906213,0.20833333333333334,256,55572.02282921511,1.8524007609738369,False,nan,0.990775720454145,6.694334225134259,0.098188019400531,4.837825250779925,0.04798771247007194,1.4477308241112041e-12,10708714
293,main_effect,black_hole_seed_msun,40000.0,vd_high_transport,rutherford,30.0,100.0,1000000000.0,30.0,8.0,40000.0,0.02,1.25,0.47187876163433856,2.6489855056639144,0.20833333333333334,256,80734.59415276985,2.018364853819246,False,nan,0.9885142539668546,5.215622321171621,0.09872710903831527,3.632007732484821,0.04826565051682906,1.8136603330276557e-12,10918291
294,main_effect,scale_radius_over_rs,0.005,vd_high_transport,rutherford,30.0,100.0,1000000000.0,30.0,8.0,100000.0,0.005,1.25,0.23456081450149624,5.329108370707957,0.20833333333333334,256,193673.46381683392,1.9367346381683392,False,nan,0.9728725108221873,2.035004745489763,0.06953943674677987,1.2598905206606388,0.03337269826984277,3.796074565798335e-12,13416868
295,main_effect,scale_radius_over_rs,0.01,vd_high_transport,rutherford,30.0,100.0,1000000000.0,30.0,8.0,100000.0,0.01,1.25,0.31180805870254225,4.00887650306842,0.20833333333333334,256,11110590.922381353,111.10590922381353,True,1.59,0.9803454211681332,2.035004745489763,0.09685225022149994,1.2598905206606388,0.047299462793001575,2.334132886971929e-12,13158423
296,main_effect,scale_radius_over_rs,0.04,vd_high_transport,rutherford,30.0,100.0,1000000000.0,30.0,8.0,100000.0,0.04,1.25,0.7289531176568492,1.714787919445364,0.20833333333333334,256,7812386.894410719,78.12386894410719,False,nan,0.9909474536767097,2.035004745489763,0.0703390817881876,1.2598905206606388,0.03377614590474999,1.4193091146808001e-12,6811021
297,main_effect,scale_radius_over_rs,0.08,vd_high_transport,rutherford,30.0,100.0,1000000000.0,30.0,8.0,100000.0,0.08,1.25,0.8489391763851156,1.472425863679244,0.20833333333333334,256,925770.4912074325,9.257704912074324,False,nan,0.989061056178532,2.035004745489763,0.3521786585996978,1.2598905206606388,0.1865196859786762,5.018208071305708e-13,3268875
298,main_effect,assembly_time_myr,0.25,vd_high_transport,rutherford,30.0,100.0,1000000000.0,30.0,8.0,100000.0,0.02,0.25,0.4701314950984624,0.5317661177914511,0.20833333333333334,256,198500.29039571495,1.9850029039571495,False,nan,0.9681144974940077,2.035004745489763,0.12759252946697508,1.2598905206606388,0.06328436403139313,2.119193709404499e-12,14566320
299,main_effect,assembly_time_myr,0.5,vd_high_transport,rutherford,30.0,100.0,1000000000.0,30.0,8.0,100000.0,0.02,0.5,0.4701314950984624,1.0635322355829022,0.20833333333333334,256,13275601.335760387,132.75601335760388,True,1.26,0.9818435776395102,2.035004745489763,0.12393953960601328,1.2598905206606388,0.06136968423170086,2.1280754936015e-12,14177957
300,main_effect,assembly_time_myr,0.75,vd_high_transport,rutherford,30.0,100.0,1000000000.0,30.0,8.0,100000.0,0.02,0.75,0.4701314950984624,1.5952983533743534,0.20833333333333334,256,13489813.474922959,134.8981347492296,True,1.3,0.9817100155709843,2.035004745489763,0.1173410181569613,1.2598905206606388,0.05792104078086429,3.808509063674137e-12,13464754
301,main_effect,assembly_time_myr,1.0,vd_high_transport,rutherford,30.0,100.0,1000000000.0,30.0,8.0,100000.0,0.02,1.0,0.4701314950984624,2.1270644711658044,0.20833333333333334,256,13500225.34326611,135.00225343266112,True,1.3800000000000001,0.9832199326418936,2.035004745489763,0.1097275084132729,1.2598905206606388,0.053958350859223285,3.3137936839011672e-12,12584286
302,main_effect,assembly_time_myr,1.5,vd_high_transport,rutherford,30.0,100.0,1000000000.0,30.0,8.0,100000.0,0.02,1.5,0.4701314950984624,3.190596706748707,0.20833333333333334,256,12909741.756399428,129.0974175639943,True,1.6,0.986604487857732,2.035004745489763,0.0908562771709072,1.2598905206606388,0.04421779356973007,2.644995333866973e-12,10621242
303,main_effect,assembly_time_myr,1.75,vd_high_transport,rutherford,30.0,100.0,1000000000.0,30.0,8.0,100000.0,0.02,1.75,0.4701314950984624,3.722362824540158,0.20833333333333334,256,12257031.639309792,122.57031639309791,True,1.73,0.9881590740786304,2.035004745489763,0.08010988744858423,1.2598905206606388,0.03872781400446624,4.118483332149481e-12,9638898
304,latin_hypercube,joint,0.0,vd_high_transport,rutherford,30.0,100.0,363986311.1441286,17.45054101270017,7.731458952345833,5189.671060060451,0.021466365331530575,0.34212100129501,1.1184047088360987,0.3059008949014963,0.20833333333333334,237,5819.802497693287,1.12142030397308,False,nan,0.9938337864741624,25.071950871021222,0.4931131010972517,23.729283881425328,0.26782400148927477,1.0125233984581428e-13,814825
305,latin_hypercube,joint,1.0,vd_high_transport,rutherford,30.0,100.0,251807452.8061012,18.964906236544167,11.420421989215692,387.43856700919684,0.07827918692926719,0.5369206997141529,1.0661433688133646,0.5036102229963261,0.20833333333333334,230,412.3248980112365,1.06423297296949,False,nan,0.9992434778492025,28.95429922187357,3.705177616812266,28.620041245105714,2.4632162925490064,1.4210854715202004e-14,193316
306,latin_hypercube,joint,2.0,vd_high_transport,rutherford,30.0,100.0,7300072597.978582,19.550738870083315,11.022119754494526,7259.258422489268,0.029606525691442336,1.3608066261268874,0.7542378187360068,1.8042142575234452,0.20833333333333334,293,9850.682945030929,1.356981990682877,False,nan,0.9971338811215633,9.823531344534523,0.02360720495798926,7.563718822666091,0.010783154069243059,9.299228054260311e-13,7481472
307,latin_hypercube,joint,3.0,vd_high_transport,rutherford,30.0,100.0,3495812758.551744,22.11810369684752,11.14867704832373,1152.5527728723223,0.019046690701619864,0.4390903281412285,0.47660418204596977,0.9212892892720715,0.20833333333333334,279,1336.4427304711721,1.1595501411536848,False,nan,0.9988951521855725,24.06623128120988,0.036874384705022564,22.51788424635995,0.017168093260064632,8.183587141274984e-11,40512475
308,latin_hypercube,joint,4.0,vd_high_transport,rutherford,30.0,100.0,727920048.1819899,18.12362802015318,10.32921357912742,64763.56789132588,0.006973562442957025,1.5097133127601117,0.37966764616148735,3.976407597601751,0.20833333333333334,250,101163.17619497521,1.5620383417530108,False,nan,0.9812393116545822,6.291157293144491,0.17514681867713736,4.503445524307506,0.08853228193884047,3.304023721284466e-13,3641888
309,latin_hypercube,joint,5.0,vd_high_transport,rutherford,30.0,100.0,1112520944.7188535,24.33170651727848,7.158655234882939,7529.685561510739,0.02869934156081333,0.7629191712183623,0.9107443484820597,0.837687516249672,0.20833333333333334,258,9930.804245571027,1.3188869793360314,False,nan,0.9960805710725105,17.061454279621024,0.08370139729185787,14.658964035574527,0.04055768458499555,5.417888360170764e-14,2545140
310,latin_hypercube,joint,6.0,vd_high_transport,rutherford,30.0,100.0,610321080.66264,24.024788870124688,9.189414448802559,16842.282649190827,0.0061855523457104294,0.6003863262157573,0.28378581021381716,2.11563194707797,0.20833333333333334,247,19923.408319538303,1.182939909899654,False,nan,0.9862836346058672,14.175555548381743,0.20502482281533707,11.704234075611657,0.10466691031078373,1.673328142715036e-12,5842533
311,latin_hypercube,joint,7.0,vd_high_transport,rutherford,30.0,100.0,784383391.5651248,25.83955421998221,4.232263169406632,506.4357934848854,0.009382083724801586,1.737065722984784,0.7984398923090933,2.1755748174871106,0.20833333333333334,251,563.7688896497931,1.1132090126773766,False,nan,0.9995984899206214,28.50232138332879,0.14714486903314508,28.032224102151098,0.07359545774963959,3.468336728928989e-13,3082190
312,latin_hypercube,joint,8.0,vd_high_transport,rutherford,30.0,100.0,126280982.26141337,18.32503838763387,5.564818616033557,11603.124130739936,0.05648141794265815,0.7908913484252418,2.643698743283036,0.29916092006878425,0.20833333333333334,218,15164.138297040081,1.3069013246928918,False,nan,0.9941390557378892,24.5404065205901,8.139299224318965,23.0863104599412,6.068667365247385,7.549516567451064e-15,88041
313,latin_hypercube,joint,9.0,vd_high_transport,rutherford,30.0,100.0,115308552.65046664,20.485726129285297,8.115140315586997,32729.05742804086,0.02289116630897121,1.3362000104325467,0.8617310602248515,1.5505998009215218,0.20833333333333334,216,47634.45160388835,1.4554177647376179,False,nan,0.9895934642809991,18.451380934762597,1.3734407130507336,16.140384727220145,0.816179678418075,2.4868995751603507e-14,286424
314,latin_hypercube,joint,10.0,vd_high_transport,rutherford,30.0,100.0,2286887832.3124833,29.348556121200808,4.094957314804988,85823.71165173,0.016472245098852506,1.0380407214356973,0.9429440793324833,1.100850775976592,0.20833333333333334,271,12596513.855327366,146.77195396120402,True,1.81,0.9911506153853198,1.3026138777765668,0.03676667323341136,0.7700652653065967,0.017115703465214762,5.4498627832799684e-12,17959293
315,latin_hypercube,joint,11.0,vd_high_transport,rutherford,30.0,100.0,659437543.7726965,24.83430414288211,7.376089219015792,43238.11171977849,0.04826468481077741,0.7864664338252743,1.2001805053429817,0.6552901253803666,0.20833333333333334,248,83878.87508919246,1.939929191006359,False,nan,0.9885885022459621,7.235945085587629,0.3580525435657586,5.293339767180786,0.18985716131003244,1.758593271006248e-13,1595290
316,latin_hypercube,joint,12.0,vd_high_transport,rutherford,30.0,100.0,285828546.0824566,15.58275316678461,10.851781587971237,968.9574131258253,0.020135855710255595,1.1882620258415684,0.8378484383748476,1.4182302805820213,0.20833333333333334,233,1055.9993562002785,1.0898305146287686,False,nan,0.9988461763178398,28.70023407297685,0.5961789092537012,28.28899028459807,0.32872138294866354,2.3447910280083306e-13,623642
317,latin_hypercube,joint,13.0,vd_high_transport,rutherford,30.0,100.0,139038378.77136952,20.04334442699453,11.708644023614351,4056.940715529643,0.021867841563900325,0.3873209729917774,0.5597055942612866,0.692008400421606,0.20833333333333334,219,4459.791045072522,1.099299042749331,False,nan,0.9943228364282735,26.900070619974915,1.1146369528241178,25.988484173527123,0.6491574844367032,1.9539925233402755e-14,544018
318,latin_hypercube,joint,14.0,vd_high_transport,rutherford,30.0,100.0,1685575835.6354733,19.69163121605412,11.958058418989342,14601.121207368024,0.016081511206882962,0.8352874155549519,0.4671677605708348,1.7879817188889697,0.20833333333333334,266,19844.70969998156,1.3591223179468925,False,nan,0.9925954959202378,11.686215495710533,0.08205271938864232,9.28833730733144,0.03971705673113128,1.0101253167249524e-11,14234176
319,latin_hypercube,joint,15.0,vd_high_transport,rutherford,30.0,100.0,7783087575.6987295,15.009882555147295,6.26923464594924,3430.6473624694436,0.012632799433078205,0.4814340942588141,1.304757381299564,0.36898361424044696,0.20833333333333334,294,3799.3068964142312,1.1074606320596645,False,nan,0.9956783544523183,16.76232871256421,0.18285467963072238,14.345106154695086,0.09267610017375398,8.903988657493755e-13,5525204
320,latin_hypercube,joint,16.0,vd_high_transport,rutherford,30.0,100.0,388320619.39336437,15.455510237326767,11.854709970124446,1337.2750484438643,0.025400876587149367,1.6738630577134983,0.8743778373604225,1.9143475351188761,0.20833333333333334,238,1526.616479251693,1.1415874999149636,False,nan,0.9990854571820093,28.183746296867373,0.361999930267913,27.62094524898479,0.192102714715746,1.8562928971732617e-13,644568
321,latin_hypercube,joint,17.0,vd_high_transport,rutherford,30.0,100.0,163503331.4899607,25.308722366264114,6.8592726150509815,293.92652744025844,0.01354356357700714,0.8785650327721526,0.5796491604621876,1.5156841287782115,0.20833333333333334,222,305.544122295127,1.0395255064455857,False,nan,0.9991952807649311,29.208122641578296,0.8394013147706729,28.95240527804496,0.4764071551721234,8.304468224196171e-14,765103
322,latin_hypercube,joint,18.0,vd_high_transport,rutherford,30.0,100.0,2004930182.3865616,15.853802645575877,8.292516089361232,146.39342015688308,0.041343284827335354,1.2489798726193673,1.7835109882363613,0.7002927825269137,0.20833333333333334,269,157.33737048505407,1.0747571189773615,False,nan,0.9998003376285146,29.28117773279033,1.1955410301837306,29.048370241939544,0.7009237567493803,3.9968028886505635e-14,933560
323,latin_hypercube,joint,19.0,vd_high_transport,rutherford,30.0,100.0,408473614.5078378,19.29668561214001,6.134604603060684,304.081340880897,0.014963468791500213,1.4882874946604037,1.0320483290088542,1.4420715123774357,0.20833333333333334,239,323.0175336703424,1.0622734454359775,False,nan,0.9995563960878797,29.30485394232337,0.360464222015305,29.079500610447056,0.19122883909732027,1.7541523789077473e-13,814545
324,latin_hypercube,joint,20.0,vd_high_transport,rutherford,30.0,100.0,1162506790.8874602,27.392214220837616,4.323327639951704,3913.0609617437426,0.010360290593146646,1.1386198853022957,0.756475372150307,1.505164513242156,0.20833333333333334,259,4748.251215439467,1.213436555643014,False,nan,0.9975711525409066,20.53706070463601,0.11967351462315169,18.434913876058527,0.05913861379539163,1.6764367671839864e-12,7629307
325,latin_hypercube,joint,21.0,vd_high_transport,rutherford,30.0,100.0,455430258.6423375,16.446523749659303,4.954890829877653,445.45692978508737,0.009107224000333734,1.23039641387365,1.2550741540844876,0.9803376237726458,0.20833333333333334,241,470.6007085714794,1.0564449155578806,False,nan,0.9992180601660537,29.275175273005797,0.48960710597806123,29.040480269402938,0.26577246812660205,1.91402449445377e-13,874503
326,latin_hypercube,joint,22.0,vd_high_transport,rutherford,30.0,100.0,260034864.72532034,21.40871415993874,8.436513853525078,1781.2052883700571,0.012071322915129582,1.6289804036334465,0.5395360661195624,3.0192243038530457,0.20833333333333334,231,2038.8624337285107,1.144653256444253,False,nan,0.9987758903909068,27.76387145253541,0.4994197516380133,27.082664944485852,0.2715177925462214,1.1546319456101628e-13,946912
327,latin_hypercube,joint,23.0,vd_high_transport,rutherford,30.0,100.0,166166440.9218692,17.878873841943573,9.522832028072857,54895.50486335944,0.0064475691900350565,0.9253910228726866,0.3642366327774715,2.5406313906872997,0.20833333333333334,223,64853.37574081482,1.18139683571982,False,nan,0.9655363068613075,13.955183466725057,1.0996242549969837,11.485354342449536,0.6395984503295733,8.615330671091215e-14,737090
328,latin_hypercube,joint,24.0,vd_high_transport,rutherford,30.0,100.0,1643570456.7093604,16.15437838845606,6.749358707853569,9184.125791299366,0.05301215035601854,0.2960975917338474,2.526478849307559,0.11719773225689181,0.20833333333333334,265,10463.74450374137,1.1393293974320624,False,nan,0.9899752002504748,16.615046844664942,2.092923674639808,14.19121504860412,1.29975247185768,3.2862601528904634e-14,858930
329,latin_hypercube,joint,25.0,vd_high_transport,rutherford,30.0,100.0,122234018.2667716,28.67537452100666,8.931642660774033,28295.14547636729,0.034913036751583734,1.3877187029174964,0.6209276647185491,2.2349120223955787,0.20833333333333334,217,47751.75759566865,1.6876307504957675,False,nan,0.9921992816036046,16.869233567995767,0.8259632546538452,14.457074742121186,0.46811666319948936,2.7533531010703882e-14,543299
330,latin_hypercube,joint,26.0,vd_high_transport,rutherford,30.0,100.0,233775740.1588977,25.026098232624705,11.35087585002423,1538.221683445229,0.04293480658702652,0.6895053301280789,0.6501857299093641,1.060474412786937,0.20833333333333334,229,1791.4197828217127,1.1646044273731624,False,nan,0.9986613401452652,27.53813038043187,0.44523870898457574,26.795015761316375,0.23993187792031742,2.2293278334473143e-13,1039562
331,latin_hypercube,joint,27.0,vd_high_transport,rutherford,30.0,100.0,1492437771.645183,19.139706575553696,6.521935679819586,1248.860350338718,0.04744641886534283,1.7166039840834981,1.9943416743067772,0.8607371576288104,0.20833333333333334,263,1434.7097716729547,1.1488152148347333,False,nan,0.9991900791587716,26.466916458500748,1.75851548501811,25.44635619022374,1.0717581831075254,6.794564910705958e-14,720370
332,latin_hypercube,joint,28.0,vd_high_transport,rutherford,30.0,100.0,536870947.6626914,20.684579991140417,4.416168409487867,39782.06679282038,0.07068391480696036,1.1691385444099063,2.8934242896841376,0.40406743960027236,0.20833333333333334,244,58413.594642703254,1.468339866475851,False,nan,0.9870743360624158,9.741571531352411,5.291022938491924,7.489522042482585,3.6920895310793367,1.4654943925052066e-14,483301
333,latin_hypercube,joint,29.0,vd_high_transport,rutherford,30.0,100.0,6007398042.836182,16.703238595564557,10.422279526948145,2055.749150298687,0.04385871888791213,0.8441247796190638,1.3060131884257558,0.6463371021823725,0.20833333333333334,289,2455.062930235596,1.1942424638136864,False,nan,0.9984776695054268,20.634454234989835,0.3603058268626319,18.54417793063976,0.19113872482573643,3.9612757518625585e-13,3602857
334,latin_hypercube,joint,30.0,vd_high_transport,rutherford,30.0,100.0,102181586.23653835,21.06035393475616,8.784217711398037,609.7499521608906,0.06459856746249386,0.41090354305567933,1.2650976515860657,0.3247998623193438,0.20833333333333334,214,642.5174761578562,1.0537392809640096,False,nan,0.9985554811558104,29.037518084122148,3.536557771528932,28.728830260501276,2.337128474360428,1.865174681370263e-14,131858
335,latin_hypercube,joint,31.0,vd_high_transport,rutherford,30.0,100.0,3062870475.7730317,23.056694617024583,9.936903218459074,631.8532976262148,0.07631026880743556,0.9808914759748725,0.9564417814752153,1.0255631811294839,0.20833333333333334,277,760.4192954515314,1.2034744430524003,False,nan,0.9995647050206968,26.3849668664247,0.7180336355031142,25.344273746618942,0.4020655501371348,1.8118839761882555e-13,2284466
336,latin_hypercube,joint,32.0,vd_high_transport,rutherford,30.0,100.0,4520332463.4454975,29.755874941755536,4.676767437226822,26113.64444576148,0.008430353579801824,0.26318947834882944,0.5484186491989054,0.47990614238461743,0.20833333333333334,284,34463.414072797226,1.3197473889321871,False,nan,0.9843710364950302,2.9769194633338714,0.02625954844408943,1.9256361264701676,0.012047663469507568,1.0443201858834072e-11,81729704
337,latin_hypercube,joint,33.0,vd_high_transport,rutherford,30.0,100.0,4607378927.866015,26.38605545076963,6.980741021110502,337.8242048751756,0.06070000195361138,1.2952229041480436,1.2039593908621906,1.0758028169210063,0.20833333333333334,284,398.7871630008631,1.1804576381618748,False,nan,0.9997736322036633,27.079568991611144,0.533945776189563,26.214412719936924,0.29181676870583634,2.1804780203638074e-13,3590775
338,latin_hypercube,joint,34.0,vd_high_transport,rutherford,30.0,100.0,1329674503.6287916,25.637513204793017,6.409156476656941,89780.07049735737,0.019483729856560685,0.7408909542447852,0.7575363841172091,0.9780268905607464,0.20833333333333334,261,12220666.08770185,136.117804541728,True,1.6500000000000001,0.9886916927973949,2.203019586608503,0.09698367128556487,1.3759380499936236,0.04736714955546903,1.6617818232589343e-12,11305491
339,latin_hypercube,joint,35.0,vd_high_transport,rutherford,30.0,100.0,307346769.01869756,28.064181290205518,8.59545751168109,1867.9413667295266,0.03836629186951752,0.6361787309545632,0.7177427464720567,0.8863603764462857,0.20833333333333334,234,2225.4236065066148,1.191377655714635,False,nan,0.998521556524363,26.84234674322501,0.31008435333842044,25.915988115628377,0.16274733753965767,1.5543122344752192e-13,1318884
340,latin_hypercube,joint,36.0,vd_high_transport,rutherford,30.0,100.0,1033564496.1575968,26.59508264858296,7.050260241685844,131.95918141617133,0.005031905707675859,0.4937278329369056,0.34226226201840093,1.4425424235359068,0.20833333333333334,257,137.34314945522465,1.0408002533910348,False,nan,0.9996057507423705,29.16380707076207,0.08698744686026756,28.894259003983166,0.042236292742988873,1.9881873924987303e-12,12090508
341,latin_hypercube,joint,37.0,vd_high_transport,rutherford,30.0,100.0,9548965411.682337,29.169930051195397,8.647997511309342,222.36340920579767,0.005363285769469234,0.6098220543399528,0.2345589136309174,2.599867320751317,0.20833333333333334,298,250.80021434255588,1.1278843728755745,False,nan,0.9997593622989254,26.611786404847376,0.0027744370161138037,25.627192530908733,0.0011794332627140943,1.9603518808253284e-10,249950043
342,latin_hypercube,joint,38.0,vd_high_transport,rutherford,30.0,100.0,5167149496.439302,18.683734276842998,10.24362197505718,6591.744735342204,0.03330456372973718,1.5479290311042881,0.9488466281024796,1.631379598407663,0.20833333333333334,286,8489.455183973638,1.2878919807766063,False,nan,0.9971226894456711,12.42519298305173,0.25219137032049843,9.992463849771534,0.1305024075379053,6.048495038157853e-13,3813369
343,latin_hypercube,joint,39.0,vd_high_transport,rutherford,30.0,100.0,196514665.308962,23.88844298878847,9.424653339692771,251.35932048995846,0.0617617040808209,1.1498596272602186,0.9694658020870283,1.186075491043465,0.20833333333333334,226,265.8068796622372,1.0574777141508698,False,nan,0.9995538484737496,29.049197683682507,1.953500936660109,28.74411261662825,1.2040566079447983,1.7763568394002505e-14,227340
344,latin_hypercube,joint,40.0,vd_high_transport,rutherford,30.0,100.0,146002002.5042165,16.23740369143555,9.274991767598284,67794.19877083761,0.0688800051573276,1.4213830724552465,1.7037278492971766,0.8342782405309609,0.20833333333333334,220,130646.06177159645,1.9270979544018925,False,nan,0.9870556730981652,13.721917811661681,3.3578435493768453,11.254719668792234,2.2045350840031253,1.5987211554602254e-14,169629
345,latin_hypercube,joint,41.0,vd_high_transport,rutherford,30.0,100.0,424814479.89187706,21.259789892640242,9.725149008647378,3069.4460847779123,0.05764919752362973,1.6516916355778817,1.1030547668926498,1.497379536494606,0.20833333333333334,240,3893.585108788782,1.2684976380911084,False,nan,0.9986514586442389,25.732149465103287,2.45920704776531,24.536507839103987,1.5552393138071654,1.687538997430238e-14,320092
346,latin_hypercube,joint,42.0,vd_high_transport,rutherford,30.0,100.0,185782787.6727507,28.160034817867967,5.425839990495229,161.91120980443264,0.013447145192956589,1.42469883477013,0.6501470706272205,2.191348541178031,0.20833333333333334,225,167.99652991272265,1.0375843038640762,False,nan,0.9996168095363012,29.38164133819202,0.6237538293218415,29.180562762601845,0.34519711464414743,6.794564910705958e-14,780454
347,latin_hypercube,joint,43.0,vd_high_transport,rutherford,30.0,100.0,3909295668.763564,22.6256655678839,7.857159415725045,192.5502387002521,0.008202974527285497,1.4519473359074047,0.4394404833985507,3.3040818740192415,0.20833333333333334,281,216.11644654459295,1.122389917579001,False,nan,0.999837993341924,28.461930808165047,0.02302402018704192,27.979941854597314,0.010506026713577395,3.795008751694695e-11,38726222
348,latin_hypercube,joint,44.0,vd_high_transport,rutherford,30.0,100.0,2523823204.4462113,27.495120089362075,7.536366152640133,10235.377574678696,0.009654933148963957,0.6511374249085298,0.3807015973071095,1.7103616835714546,0.20833333333333334,273,13079.0082123947,1.2778237165134838,False,nan,0.993645704154829,10.077197845227511,0.03717432272797492,7.7942738335165265,0.017314023147226843,3.984368390774762e-12,40293176
349,latin_hypercube,joint,45.0,vd_high_transport,rutherford,30.0,100.0,495956440.4739831,26.143033001686653,5.162041317581045,22394.02693309123,0.007539754154370641,0.5208837949094722,0.5502366345146876,0.9466541524791333,0.20833333333333334,243,27236.406119559877,1.2162353024284862,False,nan,0.9838935900312793,12.562239257960528,0.3216927985683853,10.124267904455499,0.1692770165987318,3.1530333899354446e-13,3850934
350,latin_hypercube,joint,46.0,vd_high_transport,rutherford,30.0,100.0,6786491900.717426,24.47383384594516,8.148274223646855,48873.38797002918,0.05100367158881352,0.8855806876942346,1.1161423739657987,0.7934298601599108,0.20833333333333334,291,72828.38464583422,1.4901439755004309,False,nan,0.9831623791456042,1.3231230523034399,0.25637250553910423,0.7833881419776257,0.13281239568231754,1.5711876244495215e-12,9382657
351,latin_hypercube,joint,47.0,vd_high_transport,rutherford,30.0,100.0,5256307022.907926,28.97517152017864,10.696437068375301,18066.930255091775,0.023919209960850035,1.0943562537894043,0.38928235779951215,2.8112146154669015,0.20833333333333334,287,30371.56469809929,1.6810583906217116,False,nan,0.9935954894284338,4.010156919547308,0.016450167370187205,2.6936207528319684,0.007407450354455965,7.605827079260052e-11,97204995
352,latin_hypercube,joint,48.0,vd_high_transport,rutherford,30.0,100.0,966157313.6495942,22.873107326009148,5.097834719231581,189.02400686701475,0.005694743231226976,0.3028171196392691,0.6199990540439174,0.48841545428844985,0.20833333333333334,255,195.55167580107832,1.0345335444013524,False,nan,0.9993049795737954,29.25187153911887,0.15539461577723845,29.009857282808646,0.07797617107688243,9.703349235223868e-13,7313156
353,latin_hypercube,joint,49.0,vd_high_transport,rutherford,30.0,100.0,1413544973.1163852,25.32870649736666,5.756657831815194,710.1977222022729,0.017298079620604517,1.3245881577426883,0.8177699094574423,1.6197565383904864,0.20833333333333334,262,818.9611265610055,1.1531452452726334,False,nan,0.9994748286000119,27.276841096878396,0.04416033687409343,26.463580269638918,0.020730036813872182,1.8385293287792592e-13,3646422
354,latin_hypercube,joint,50.0,vd_high_transport,rutherford,30.0,100.0,8183790324.966359,16.984272998611665,10.053446086238012,4627.03323845578,0.006557880285269896,0.43534053473941237,0.43524568536531383,1.0002179214574383,0.20833333333333334,295,5180.741850926092,1.1196681726572397,False,nan,0.9944809594986306,13.440166055104232,0.00901880375650635,10.977591105061009,0.003974164508058342,3.3860025894227874e-11,81952891
355,latin_hypercube,joint,51.0,vd_high_transport,rutherford,30.0,100.0,8994073190.742374,20.197243492110662,7.283077231030182,466.4605919394518,0.017937151741511902,1.0055029117100585,0.8775862363621828,1.1457596644611505,0.20833333333333334,297,538.353353993382,1.1541239780943,False,nan,0.9996143719417487,25.665853691149728,0.11928007273394656,24.45501181013886,0.058933120928778115,1.1155520951433573e-12,8109965
356,latin_hypercube,joint,52.0,vd_high_transport,rutherford,30.0,100.0,2861576085.2091026,27.713627267163435,4.557730801099044,103.64113284136722,0.007991552446946971,0.9447842208083518,0.6087763544581467,1.5519397458353577,0.20833333333333334,275,112.76355492274021,1.0880193204307766,False,nan,0.999863379941683,29.116190098728897,0.04480461654292079,28.831836820238383,0.02104664863063854,1.6485479648054024e-11,31385366
357,latin_hypercube,joint,53.0,vd_high_transport,rutherford,30.0,100.0,6400033223.363182,27.152359879412884,4.820072340607635,2415.763337966562,0.010690023086095115,0.5647190974699453,0.6900731960073951,0.8183466634224893,0.20833333333333334,290,2811.4413689693356,1.163790063697146,False,nan,0.9978529275176028,16.146996691543894,0.02142564550864815,13.704985068182207,0.009748248713048318,2.390354580938947e-11,62345440
358,latin_hypercube,joint,54.0,vd_high_transport,rutherford,30.0,100.0,2677266821.0159945,17.727048529941154,6.023703011648516,118.54505284302822,0.014423729720082384,0.34993809095010886,1.1648337367247341,0.30041891809732496,0.20833333333333334,274,125.24301808761452,1.056501432020579,False,nan,0.9997260664660573,29.321061998191784,0.03709731035256955,29.10081987482027,0.017276548024845767,2.7711166694643907e-13,3825659
359,latin_hypercube,joint,55.0,vd_high_transport,rutherford,30.0,100.0,213382668.31095725,17.20155161260713,7.952930142634812,896.4629185858363,0.005606873507446464,1.6002695908768687,0.5522381114910151,2.897789119545229,0.20833333333333334,227,949.4096875353304,1.0590618617365872,False,nan,0.9986894972145022,28.933879842503007,0.7966413095744039,28.5933744787906,0.45007687550231723,4.618527782440651e-14,672276
360,latin_hypercube,joint,56.0,vd_high_transport,rutherford,30.0,100.0,4149602278.296378,29.976472349156353,9.770111832743778,10405.124238480943,0.026632664355171528,1.2715879804594599,0.44229974095522334,2.874946247341778,0.20833333333333334,282,16157.774277336572,1.5528670208069966,False,nan,0.9963327710582207,7.325508110794249,0.020990818078044413,5.369349830282739,0.009542560737288933,4.274802734016703e-11,53081408
361,latin_hypercube,joint,57.0,vd_high_transport,rutherford,30.0,100.0,2094694929.1385748,22.359290343318172,10.584404783206537,35629.22814420115,0.00721667838727271,1.6937901813265581,0.2882553165321564,5.876006734944668,0.20833333333333334,270,62175.26815160106,1.7450635725242458,False,nan,0.989896955876569,4.7826635149521675,0.030277632479901534,3.2900900547468916,0.013975307565836786,9.184653038118995e-12,19619978
362,latin_hypercube,joint,58.0,vd_high_transport,rutherford,30.0,100.0,915829176.116028,26.8374356259621,10.956875608884282,76227.02740580199,0.038266009122837966,1.0499821691859914,0.5675135279820419,1.8501447409007252,0.20833333333333334,254,12580605.517311629,165.0412713897074,True,1.71,0.9930243319144466,3.2740630515943914,0.08801119063161497,2.14275340399197,0.042760084336532785,1.6422418980255316e-12,7739874
363,latin_hypercube,joint,59.0,vd_high_transport,rutherford,30.0,100.0,811222984.4207741,21.680144057364267,5.691395415031782,21781.725793612957,0.010940289796213216,0.9644909478827778,0.7960023074244068,1.2116685327251664,0.20833333333333334,252,29779.65399650645,1.3671852395294923,False,nan,0.9899907234798481,11.698560861418946,0.2167214797213531,9.300008743607755,0.11103401568157201,1.0587086762825493e-12,4242440
364,latin_hypercube,joint,60.0,vd_high_transport,rutherford,30.0,100.0,3343372104.003628,23.599137000762532,9.056748358665686,13409.05824822093,0.02827938389710879,1.5720029633945847,0.7113744680252442,2.2098107734431647,0.20833333333333334,278,20607.162864113838,1.5368091093830492,False,nan,0.9960597638280363,8.05919186289431,0.013455616284839968,5.999144568718442,0.006013627433828321,1.1759482276829658e-12,8573111
365,latin_hypercube,joint,61.0,vd_high_transport,rutherford,30.0,100.0,587246984.97561,28.40907626036891,5.974631222818911,861.165012368047,0.03658888862592026,1.5383144911800795,1.0517849045810552,1.4625751752853096,0.20833333333333334,246,1006.3490201922637,1.1685902303729074,False,nan,0.9994531194258531,27.732587826503625,1.783285169850064,27.042729321583536,1.088462091921813,2.3092638912203256e-14,595827
366,latin_hypercube,joint,62.0,vd_high_transport,rutherford,30.0,100.0,329904117.09611917,23.333510980919435,5.274739199303883,2618.7048779265697,0.011823398828005068,0.7001652887223236,0.818770592991053,0.8551422030981205,0.20833333333333334,235,2931.658002321933,1.1195068321876547,False,nan,0.9971117908574597,26.629953002769156,0.500571334967563,25.649903247005092,0.2721927493135461,1.0791367799356522e-13,1421631
367,latin_hypercube,joint,63.0,vd_high_transport,rutherford,30.0,100.0,1876143393.228209,21.824938209599097,11.527472581861566,5759.670552065668,0.03148383213797387,1.090006071506341,0.6338615122990519,1.7196281054402986,0.20833333333333334,268,7792.5818111258095,1.3529561700939738,False,nan,0.9973335883855333,17.169193452697016,0.037007550262205646,14.772439298047765,0.01723287496332213,4.545697152025241e-12,8296774
